image_id,p_180
test_00000,0.0015561230
test_00001,0.9999300170
test_00002,0.9997973814
test_00003,0.0181296875
test_00004,0.9937944226
test_00005,0.0070679144
test_00006,0.9980611057
test_00007,0.9988641409
test_00008,0.9984702335
test_00009,0.8546410447
test_00010,0.9997922014
test_00011,0.0009759416
test_00012,0.0013309819
test_00013,0.9999450296
test_00014,0.9984308915
test_00015,0.9996362686
test_00016,0.9984696302
test_00017,0.0001154446
test_00018,0.0013114117
test_00019,0.0003713391
test_00020,0.0002887553
test_00021,0.0079357596
test_00022,0.9989897511
test_00023,0.0041063059
test_00024,0.0177706369
test_00025,0.9933630709
test_00026,0.9980575458
test_00027,0.0011988531
test_00028,0.9133427797
test_00029,0.9999347360
test_00030,0.0001419809
test_00031,0.9982146738
test_00032,0.9971141294
test_00033,0.9940103944
test_00034,0.8965939023
test_00035,0.9999818231
test_00036,0.0002448344
test_00037,0.0033962099
test_00038,0.0011588074
test_00039,0.0004416903
test_00040,0.4013791140
test_00041,0.0058943448
test_00042,0.9637514203
test_00043,0.0012555223
test_00044,0.0034683014
test_00045,0.9618432027
test_00046,0.0006796261
test_00047,0.9976435630
test_00048,0.8003985767
test_00049,0.9795520842
test_00050,0.9996532970
test_00051,0.0000316510
test_00052,0.0000671862
test_00053,0.9996415126
test_00054,0.0019110726
test_00055,0.9949626058
test_00056,0.0015775307
test_00057,0.9999594467
test_00058,0.0009231440
test_00059,0.0010296374
test_00060,0.9903861521
test_00061,0.0004398265
test_00062,0.0044020555
test_00063,0.0001320870
test_00064,0.0000270634
test_00065,0.9997309710
test_00066,0.0144311618
test_00067,0.0000218857
test_00068,0.0000819802
test_00069,0.6937465205
test_00070,0.9378486053
test_00071,0.9999459487
test_00072,0.9785484827
test_00073,0.4660363356
test_00074,0.9695525826
test_00075,0.9895563169
test_00076,0.0001347289
test_00077,0.9998106561
test_00078,0.9993154737
test_00079,0.6087262750
test_00080,0.0000825308
test_00081,0.9708115375
test_00082,0.5540536575
test_00083,0.0000445126
test_00084,0.9994957428
test_00085,0.9955404318
test_00086,0.9999132569
test_00087,0.9999654071
test_00088,0.0028045359
test_00089,0.5792403609
test_00090,0.0035347925
test_00091,0.0001988843
test_00092,0.9985288143
test_00093,0.0108167543
test_00094,0.9973902712
test_00095,0.7414793025
test_00096,0.0201214737
test_00097,0.0007903122
test_00098,0.0003211871
test_00099,0.0657913837
test_00100,0.0000103480
test_00101,0.0035615040
test_00102,0.0000165276
test_00103,0.9998423988
test_00104,0.9928068401
test_00105,0.0000102651
test_00106,0.0076470811
test_00107,0.9964870171
test_00108,0.0912188150
test_00109,0.0005389024
test_00110,0.9999748833
test_00111,0.0006229267
test_00112,0.9949027812
test_00113,0.0000089300
test_00114,0.9983762082
test_00115,0.0305012149
test_00116,0.0044619023
test_00117,0.9771456619
test_00118,0.9990939862
test_00119,0.0103675340
test_00120,0.0691704786
test_00121,0.9967425635
test_00122,0.9991640438
test_00123,0.9998112548
test_00124,0.0005724901
test_00125,0.0219049838
test_00126,0.0000925624
test_00127,0.9995463687
test_00128,0.0010167552
test_00129,0.0000374663
test_00130,0.9999448281
test_00131,0.0041028131
test_00132,0.9716123112
test_00133,0.9997275427
test_00134,0.0092946891
test_00135,0.2748261713
test_00136,0.0001762904
test_00137,0.9989089516
test_00138,0.9997648993
test_00139,0.0000327096
test_00140,0.9993331049
test_00141,0.0000132029
test_00142,0.7426009081
test_00143,0.9811890506
test_00144,0.0077773057
test_00145,0.0764191316
test_00146,0.0000886537
test_00147,0.9999038496
test_00148,0.9913689443
test_00149,0.3235215400
test_00150,0.0002210416
test_00151,0.9999866155
test_00152,0.0029261598
test_00153,0.0645512931
test_00154,0.9998582619
test_00155,0.9997275824
test_00156,0.9999614077
test_00157,0.0001326409
test_00158,0.9998403815
test_00159,0.9999938209
test_00160,0.9999476952
test_00161,0.2671447938
test_00162,0.0000566132
test_00163,0.9988076317
test_00164,0.0264027464
test_00165,0.9918362388
test_00166,0.5917859819
test_00167,0.0024522869
test_00168,0.0212003156
test_00169,0.0001096473
test_00170,0.9927057178
test_00171,0.9902200857
test_00172,0.9726986395
test_00173,0.0002862257
test_00174,0.0000365536
test_00175,0.9999017446
test_00176,0.9997579155
test_00177,0.0003854412
test_00178,0.0004832291
test_00179,0.9823708384
test_00180,0.0002608503
test_00181,0.3734467917
test_00182,0.9960915009
test_00183,0.9216697864
test_00184,0.5327564965
test_00185,0.9974172837
test_00186,0.0060063120
test_00187,0.9995788949
test_00188,0.9999889336
test_00189,0.9999943884
test_00190,0.0000665002
test_00191,0.9994300809
test_00192,0.0000181356
test_00193,0.1072495507
test_00194,0.0005342469
test_00195,0.0020074131
test_00196,0.4967240331
test_00197,0.6418082250
test_00198,0.0147685221
test_00199,0.9999639046
test_00200,0.9999160602
test_00201,0.9779577160
test_00202,0.9993563280
test_00203,0.9999033430
test_00204,0.9985650497
test_00205,0.0009455501
test_00206,0.0004470653
test_00207,0.0002558564
test_00208,0.1755318459
test_00209,0.0000795300
test_00210,0.0034181081
test_00211,0.9997948482
test_00212,0.9991520290
test_00213,0.9890877926
test_00214,0.9999170905
test_00215,0.0001051244
test_00216,0.0000001154
test_00217,0.0012198019
test_00218,0.0001564476
test_00219,0.9995734586
test_00220,0.9999798943
test_00221,0.9616336136
test_00222,0.0001552864
test_00223,0.9993879500
test_00224,0.9929235820
test_00225,0.7981135647
test_00226,0.0092440177
test_00227,0.0003187486
test_00228,0.0204751561
test_00229,0.0265828354
test_00230,0.0001072109
test_00231,0.9999346771
test_00232,0.9978133890
test_00233,0.9996153266
test_00234,0.0177814991
test_00235,0.9998165454
test_00236,0.0003932309
test_00237,0.0015419619
test_00238,0.9997448997
test_00239,0.2094188611
test_00240,0.0004525382
test_00241,0.0006050005
test_00242,0.0012267296
test_00243,0.9991992395
test_00244,0.9999250361
test_00245,0.9992330145
test_00246,0.0000510468
test_00247,0.9957118235
test_00248,0.9996712633
test_00249,0.9999859028
test_00250,0.0024380873
test_00251,0.0034975382
test_00252,0.0002315785
test_00253,0.9869261793
test_00254,0.0004719047
test_00255,0.0015085409
test_00256,0.0025421795
test_00257,0.0003418592
test_00258,0.6970978023
test_00259,0.3327417147
test_00260,0.0020391108
test_00261,0.2939890746
test_00262,0.9991131210
test_00263,0.9998092699
test_00264,0.9989283309
test_00265,0.6772887552
test_00266,0.0038304107
test_00267,0.8619733497
test_00268,0.0130122361
test_00269,0.9998194441
test_00270,0.2688802732
test_00271,0.0885999686
test_00272,0.9664511798
test_00273,0.0000617389
test_00274,0.3207777592
test_00275,0.0050401364
test_00276,0.2135624762
test_00277,0.9992718976
test_00278,0.0003098648
test_00279,0.0218140708
test_00280,0.9989636755
test_00281,0.9907513834
test_00282,0.9986454281
test_00283,0.1486281285
test_00284,0.2824253607
test_00285,0.0065354257
test_00286,0.0001691002
test_00287,0.8951245438
test_00288,0.9999288331
test_00289,0.9992852838
test_00290,0.8268290514
test_00291,0.9999229659
test_00292,0.9990862476
test_00293,0.0001015885
test_00294,0.9985388470
test_00295,0.9998547772
test_00296,0.0089134123
test_00297,0.9970765118
test_00298,0.0316543846
test_00299,0.9998528629
test_00300,0.0000423753
test_00301,0.9954167356
test_00302,0.0223131192
test_00303,0.0050960438
test_00304,0.0001178247
test_00305,0.9983232552
test_00306,0.9992925898
test_00307,0.5212598736
test_00308,0.7392969603
test_00309,0.9936825890
test_00310,0.5583297516
test_00311,0.9998005166
test_00312,0.0000475571
test_00313,0.9999741038
test_00314,0.0007882160
test_00315,0.9925078883
test_00316,0.9979647139
test_00317,0.0000451389
test_00318,0.9091762757
test_00319,0.9985040636
test_00320,0.9998243410
test_00321,0.0220335331
test_00322,0.9727532967
test_00323,0.9926020279
test_00324,0.4354372724
test_00325,0.9996370792
test_00326,0.0015835930
test_00327,0.4966306514
test_00328,0.0850390895
test_00329,0.9959100541
test_00330,0.9997580087
test_00331,0.9987595137
test_00332,0.9996493496
test_00333,0.9990421298
test_00334,0.9998615104
test_00335,0.0163199075
test_00336,0.0000979194
test_00337,0.6911359338
test_00338,0.0352348928
test_00339,0.9997795727
test_00340,0.1792825368
test_00341,0.0020653147
test_00342,0.9999673889
test_00343,0.9995628159
test_00344,0.9998617473
test_00345,0.9974773553
test_00346,0.0022124695
test_00347,0.0005736137
test_00348,0.9146443847
test_00349,0.0001869848
test_00350,0.9825268506
test_00351,0.5527149192
test_00352,0.9990518536
test_00353,0.8581392514
test_00354,0.0008381735
test_00355,0.8425156981
test_00356,0.4754439997
test_00357,0.0005210130
test_00358,0.9991680832
test_00359,0.9999289399
test_00360,0.9992263513
test_00361,0.9992341905
test_00362,0.9914522369
test_00363,0.9998138571
test_00364,0.9989522673
test_00365,0.9298097945
test_00366,0.9951312811
test_00367,0.0070470296
test_00368,0.0002172661
test_00369,0.9999857350
test_00370,0.0006083969
test_00371,0.0000145041
test_00372,0.9991516450
test_00373,0.0253075974
test_00374,0.9977413062
test_00375,0.9997925295
test_00376,0.0006624092
test_00377,0.4903657851
test_00378,0.9826897155
test_00379,0.0010054116
test_00380,0.0000425441
test_00381,0.9998572583
test_00382,0.0004255087
test_00383,0.0012647559
test_00384,0.9990980568
test_00385,0.0010278346
test_00386,0.9997767981
test_00387,0.9998874386
test_00388,0.2736740155
test_00389,0.9972504564
test_00390,0.9994147422
test_00391,0.0005938377
test_00392,0.0697517361
test_00393,0.9524595619
test_00394,0.0002639666
test_00395,0.0019024606
test_00396,0.0001161158
test_00397,0.9935522855
test_00398,0.0010197630
test_00399,0.6386932801
test_00400,0.9999763032
test_00401,0.9815636705
test_00402,0.9993184259
test_00403,0.0008761009
test_00404,0.0003845896
test_00405,0.9995297012
test_00406,0.9965374862
test_00407,0.0028689668
test_00408,0.9974979600
test_00409,0.2189923134
test_00410,0.0001402468
test_00411,0.0004446977
test_00412,0.0013622412
test_00413,0.0005779165
test_00414,0.5332670587
test_00415,0.9775135757
test_00416,0.0006611971
test_00417,0.0000329900
test_00418,0.9999846349
test_00419,0.9999225029
test_00420,0.0000043292
test_00421,0.9999690252
test_00422,0.9999057921
test_00423,0.0015356157
test_00424,0.0008431548
test_00425,0.0007426890
test_00426,0.9947950486
test_00427,0.0001193938
test_00428,0.0003456629
test_00429,0.9998617947
test_00430,0.9984845473
test_00431,0.9999946244
test_00432,0.9608995909
test_00433,0.0124403434
test_00434,0.7115065225
test_00435,0.0021237040
test_00436,0.9999819662
test_00437,0.3277100483
test_00438,0.9720629236
test_00439,0.4934761620
test_00440,0.0673993321
test_00441,0.0001136101
test_00442,0.8767571234
test_00443,0.9999321765
test_00444,0.9998959225
test_00445,0.0012291354
test_00446,0.0001707325
test_00447,0.0001007467
test_00448,0.9998416503
test_00449,0.0000684305
test_00450,0.0003207805
test_00451,0.9979256539
test_00452,0.9997735093
test_00453,0.0062975075
test_00454,0.8637632084
test_00455,0.9999264888
test_00456,0.4538055970
test_00457,0.0008142173
test_00458,0.9997274393
test_00459,0.7216821346
test_00460,0.0005851180
test_00461,0.9992950484
test_00462,0.0132502948
test_00463,0.9997985139
test_00464,0.0000625745
test_00465,0.2497379347
test_00466,0.9445609315
test_00467,0.0031902906
test_00468,0.9999877992
test_00469,0.0327597341
test_00470,0.0719099005
test_00471,0.0037159390
test_00472,0.0014468208
test_00473,0.0061917151
test_00474,0.0000131211
test_00475,0.0000334076
test_00476,0.6544191903
test_00477,0.0026098386
test_00478,0.0001065998
test_00479,0.9192561891
test_00480,0.9990331474
test_00481,0.0189277633
test_00482,0.0278801014
test_00483,0.9997268132
test_00484,0.0089297554
test_00485,0.1694542835
test_00486,0.0003158085
test_00487,0.9982514691
test_00488,0.0008729717
test_00489,0.9999215396
test_00490,0.9991682036
test_00491,0.0357367382
test_00492,0.7652142340
test_00493,0.9999667610
test_00494,0.9982968027
test_00495,0.9994245397
test_00496,0.5061902379
test_00497,0.9997560774
test_00498,0.5196291012
test_00499,0.0000220701
test_00500,0.9980456882
test_00501,0.0000538958
test_00502,0.9979425706
test_00503,0.0002311669
test_00504,0.9991484669
test_00505,0.7389774428
test_00506,0.9999600470
test_00507,0.0073236859
test_00508,0.9865533847
test_00509,0.0006240553
test_00510,0.9938557358
test_00511,0.9894957670
test_00512,0.9998929825
test_00513,0.9989852469
test_00514,0.0001521632
test_00515,0.0000610826
test_00516,0.4222852264
test_00517,0.1162998999
test_00518,0.0003404699
test_00519,0.9996030612
test_00520,0.0000661694
test_00521,0.9999782133
test_00522,0.5231867371
test_00523,0.0014045219
test_00524,0.6586847896
test_00525,0.3559101125
test_00526,0.0076121715
test_00527,0.0047373742
test_00528,0.0000340070
test_00529,0.9916008976
test_00530,0.0398402739
test_00531,0.9580894648
test_00532,0.8201055160
test_00533,0.0000538482
test_00534,0.9996231750
test_00535,0.0008341395
test_00536,0.0016043849
test_00537,0.0004129830
test_00538,0.9979394356
test_00539,0.0008752317
test_00540,0.6720090074
test_00541,0.2553026776
test_00542,0.0391164873
test_00543,0.9999608303
test_00544,0.9964258347
test_00545,0.0004240588
test_00546,0.0000041944
test_00547,0.9993450036
test_00548,0.0000996541
test_00549,0.9804039821
test_00550,0.0073815035
test_00551,0.0033124772
test_00552,0.0097970343
test_00553,0.9992815273
test_00554,0.8424013803
test_00555,0.0622959337
test_00556,0.9967485609
test_00557,0.9987929108
test_00558,0.0000894095
test_00559,0.0015520580
test_00560,0.4141898281
test_00561,0.0003659963
test_00562,0.4270326089
test_00563,0.0039207540
test_00564,0.5866270881
test_00565,0.9985618108
test_00566,0.0001122488
test_00567,0.9963344872
test_00568,0.0023786842
test_00569,0.5589917539
test_00570,0.0004371157
test_00571,0.0033979388
test_00572,0.0072928181
test_00573,0.0032612753
test_00574,0.0001439346
test_00575,0.9093310937
test_00576,0.9996096406
test_00577,0.1332440573
test_00578,0.0002230650
test_00579,0.9986287440
test_00580,0.9662955177
test_00581,0.9958970330
test_00582,0.0008429431
test_00583,0.9441876454
test_00584,0.0012820494
test_00585,0.0000517386
test_00586,0.9999873824
test_00587,0.9999978386
test_00588,0.0637589831
test_00589,0.0000083953
test_00590,0.0000226381
test_00591,0.0033806141
test_00592,0.1461472689
test_00593,0.9472298083
test_00594,0.9836868281
test_00595,0.0035560708
test_00596,0.1028556753
test_00597,0.0000315512
test_00598,0.9993298374
test_00599,0.0000237732
test_00600,0.2960129620
test_00601,0.9988893874
test_00602,0.9986023073
test_00603,0.0749662976
test_00604,0.6065608409
test_00605,0.9989112392
test_00606,0.9998471514
test_00607,0.0074043063
test_00608,0.0287682832
test_00609,0.0000689362
test_00610,0.9434663203
test_00611,0.0009254623
test_00612,0.4864283357
test_00613,0.0002943125
test_00614,0.9393699966
test_00615,0.9999984500
test_00616,0.0000261712
test_00617,0.9998750961
test_00618,0.0000858758
test_00619,0.9993005273
test_00620,0.9999227785
test_00621,0.0332268855
test_00622,0.9995954208
test_00623,0.7230942786
test_00624,0.0002093187
test_00625,0.0004409448
test_00626,0.9998588857
test_00627,0.0000224660
test_00628,0.0042288158
test_00629,0.0004062475
test_00630,0.9995670225
test_00631,0.8427730539
test_00632,0.8813514738
test_00633,0.9974117068
test_00634,0.9981529570
test_00635,0.0000498062
test_00636,0.9861072755
test_00637,0.0196268284
test_00638,0.0001095765
test_00639,0.9932554516
test_00640,0.0000754162
test_00641,0.9880466813
test_00642,0.9747635519
test_00643,0.0002926436
test_00644,0.9999766271
test_00645,0.9953621906
test_00646,0.0016210780
test_00647,0.0065454406
test_00648,0.9996026684
test_00649,0.5419378333
test_00650,0.0021821773
test_00651,0.0001417924
test_00652,0.0024895139
test_00653,0.9997606481
test_00654,0.9648792207
test_00655,0.9985448119
test_00656,0.0010102370
test_00657,0.4864673311
test_00658,0.9997783128
test_00659,0.0079188084
test_00660,0.0011261247
test_00661,0.0013019222
test_00662,0.0920869746
test_00663,0.2200070815
test_00664,0.0005644197
test_00665,0.0005973368
test_00666,0.9842312338
test_00667,0.0237990373
test_00668,0.0000058846
test_00669,0.3429906306
test_00670,0.3252978722
test_00671,0.9999089936
test_00672,0.9906346726
test_00673,0.9978869305
test_00674,0.5541877678
test_00675,0.9992904427
test_00676,0.0020182300
test_00677,0.0251840495
test_00678,0.9971251708
test_00679,0.0137517619
test_00680,0.2922714744
test_00681,0.9692009607
test_00682,0.9923868462
test_00683,0.3578355853
test_00684,0.9999438078
test_00685,0.9983579557
test_00686,0.9999814698
test_00687,0.0019073165
test_00688,0.0007389271
test_00689,0.9972434417
test_00690,0.0004829899
test_00691,0.9996064872
test_00692,0.9997509415
test_00693,0.9987090433
test_00694,0.0004704381
test_00695,0.0000802539
test_00696,0.0048478454
test_00697,0.9991296229
test_00698,0.0008192071
test_00699,0.0003987496
test_00700,0.9962890626
test_00701,0.9969526551
test_00702,0.9997704650
test_00703,0.0505388355
test_00704,0.0000152897
test_00705,0.9988927558
test_00706,0.0004289403
test_00707,0.9988144114
test_00708,0.0003399102
test_00709,0.9846884312
test_00710,0.0145194475
test_00711,0.9904767453
test_00712,0.4600591099
test_00713,0.0000898065
test_00714,0.0029680560
test_00715,0.9143784522
test_00716,0.9879505287
test_00717,0.9986367353
test_00718,0.5104492227
test_00719,0.0024262329
test_00720,0.9993747674
test_00721,0.0006418074
test_00722,0.0000418108
test_00723,0.9999640014
test_00724,0.9981326914
test_00725,0.9998764250
test_00726,0.0001357572
test_00727,0.0000073050
test_00728,0.9999269727
test_00729,0.9997246883
test_00730,0.4772067878
test_00731,0.0109497054
test_00732,0.0023206825
test_00733,0.0008268534
test_00734,0.9997420951
test_00735,0.0061624579
test_00736,0.9978865656
test_00737,0.9998171260
test_00738,0.1017603592
test_00739,0.9999585830
test_00740,0.0966944152
test_00741,0.9999749732
test_00742,0.9999933768
test_00743,0.9480832052
test_00744,0.0216970773
test_00745,0.5520398111
test_00746,0.0004874168
test_00747,0.0012404728
test_00748,0.9992591287
test_00749,0.0000171812
test_00750,0.0037455320
test_00751,0.9998625534
test_00752,0.0035908748
test_00753,0.0005202686
test_00754,0.0273870979
test_00755,0.9949914794
test_00756,0.0000291038
test_00757,0.0000540521
test_00758,0.0007479285
test_00759,0.0056375945
test_00760,0.9986613948
test_00761,0.9020761659
test_00762,0.0001665047
test_00763,0.9997952318
test_00764,0.0226095491
test_00765,0.9947663192
test_00766,0.1658016048
test_00767,0.9995460102
test_00768,0.0000614766
test_00769,0.0004437117
test_00770,0.9999217404
test_00771,0.2805502804
test_00772,0.0001873095
test_00773,0.9988746351
test_00774,0.9998264307
test_00775,0.9999687908
test_00776,0.9948687652
test_00777,0.0040438865
test_00778,0.0001596151
test_00779,0.0002359781
test_00780,0.9999293948
test_00781,0.0010220057
test_00782,0.0009042817
test_00783,0.8764834025
test_00784,0.7558999737
test_00785,0.9985778659
test_00786,0.9999154116
test_00787,0.0018000334
test_00788,0.9996963123
test_00789,0.1877370886
test_00790,0.9979157848
test_00791,0.9996313455
test_00792,0.9973907509
test_00793,0.0001485995
test_00794,0.9976550832
test_00795,0.0019097588
test_00796,0.0004632673
test_00797,0.0000046920
test_00798,0.9996071867
test_00799,0.9998850466
test_00800,0.0003126665
test_00801,0.0001474796
test_00802,0.0003423602
test_00803,0.0005100599
test_00804,0.4897466047
test_00805,0.0232170400
test_00806,0.9999640774
test_00807,0.9998628979
test_00808,0.0002628328
test_00809,0.4169805318
test_00810,0.9986101667
test_00811,0.9999497573
test_00812,0.9222412047
test_00813,0.0002268014
test_00814,0.9998820994
test_00815,0.0109304671
test_00816,0.0004893993
test_00817,0.0000205488
test_00818,0.0000338707
test_00819,0.9978788432
test_00820,0.0004300180
test_00821,0.0000287565
test_00822,0.9627465623
test_00823,0.0026547154
test_00824,0.0008444744
test_00825,0.9865818959
test_00826,0.9995734536
test_00827,0.9973301515
test_00828,0.9983748467
test_00829,0.9999287493
test_00830,0.9988577803
test_00831,0.9990825718
test_00832,0.4835176586
test_00833,0.3819055287
test_00834,0.0000715739
test_00835,0.0437384407
test_00836,0.9991989833
test_00837,0.8770374082
test_00838,0.0001113698
test_00839,0.0000850744
test_00840,0.0146383329
test_00841,0.6435822300
test_00842,0.9998140742
test_00843,0.9999913269
test_00844,0.0002853982
test_00845,0.0004992380
test_00846,0.9999121354
test_00847,0.0454750292
test_00848,0.0000207869
test_00849,0.0070693293
test_00850,0.0005171691
test_00851,0.9998428451
test_00852,0.8319626247
test_00853,0.9601201719
test_00854,0.9996913692
test_00855,0.0012051316
test_00856,0.9885662609
test_00857,0.5132073127
test_00858,0.2039655378
test_00859,0.9992092488
test_00860,0.0012139331
test_00861,0.9982414964
test_00862,0.0001674052
test_00863,0.9999079076
test_00864,0.0028294509
test_00865,0.0001285597
test_00866,0.1571022435
test_00867,0.0027941513
test_00868,0.9656591831
test_00869,0.0977568890
test_00870,0.5446974347
test_00871,0.0000732069
test_00872,0.0001079207
test_00873,0.9998908736
test_00874,0.0000565745
test_00875,0.6175399006
test_00876,0.4966661064
test_00877,0.0086432563
test_00878,0.0001366987
test_00879,0.9997551131
test_00880,0.0068520809
test_00881,0.9999970208
test_00882,0.8055297208
test_00883,0.9794994774
test_00884,0.9686192150
test_00885,0.5583891104
test_00886,0.0002624134
test_00887,0.0133980830
test_00888,0.0035055615
test_00889,0.9988357068
test_00890,0.8019096410
test_00891,0.9987838325
test_00892,0.0055965282
test_00893,0.9326898506
test_00894,0.9858361850
test_00895,0.9824036309
test_00896,0.9894503393
test_00897,0.7626799204
test_00898,0.9993367471
test_00899,0.0003514234
test_00900,0.1555148711
test_00901,0.9998180943
test_00902,0.0561678825
test_00903,0.9999938118
test_00904,0.9995371265
test_00905,0.0050219546
test_00906,0.0060460620
test_00907,0.5547904568
test_00908,0.0002066082
test_00909,0.9136144999
test_00910,0.0000709495
test_00911,0.3471951478
test_00912,0.9891078815
test_00913,0.2236790138
test_00914,0.0049901158
test_00915,0.9411792766
test_00916,0.0003480422
test_00917,0.9635927446
test_00918,0.0032278938
test_00919,0.0011227240
test_00920,0.0025364614
test_00921,0.0000384714
test_00922,0.3939741938
test_00923,0.0020622485
test_00924,0.9610431298
test_00925,0.9997457181
test_00926,0.9981065963
test_00927,0.0448338042
test_00928,0.8105589130
test_00929,0.0951827406
test_00930,0.0000508408
test_00931,0.9998847526
test_00932,0.0001761508
test_00933,0.9998775524
test_00934,0.9995078259
test_00935,0.0010582706
test_00936,0.9988381892
test_00937,0.9999763968
test_00938,0.0000282932
test_00939,0.9999892562
test_00940,0.9998458318
test_00941,0.9999497909
test_00942,0.9997921374
test_00943,0.0001871169
test_00944,0.0003552959
test_00945,0.9803193904
test_00946,0.9986073507
test_00947,0.0001390470
test_00948,0.0009687173
test_00949,0.0000578385
test_00950,0.0014821122
test_00951,0.3379260151
test_00952,0.9210774952
test_00953,0.9942628509
test_00954,0.5150809411
test_00955,0.9997252479
test_00956,0.7099025198
test_00957,0.1128209634
test_00958,0.0000463089
test_00959,0.9953467968
test_00960,0.0000357498
test_00961,0.9997788058
test_00962,0.0000011037
test_00963,0.9999738180
test_00964,0.9996053468
test_00965,0.9994860890
test_00966,0.9601445056
test_00967,0.0004743593
test_00968,0.0002997839
test_00969,0.9980120190
test_00970,0.9996537177
test_00971,0.9963535936
test_00972,0.9194050554
test_00973,0.0639432296
test_00974,0.1806457522
test_00975,0.2016572969
test_00976,0.9924205894
test_00977,0.9754405821
test_00978,0.0000211808
test_00979,0.0000946002
test_00980,0.9584057189
test_00981,0.9717266287
test_00982,0.0110665970
test_00983,0.0004599776
test_00984,0.0019820347
test_00985,0.8892359378
test_00986,0.0038050307
test_00987,0.0024367520
test_00988,0.8319376958
test_00989,0.9979909334
test_00990,0.0002328978
test_00991,0.7723349640
test_00992,0.0000555394
test_00993,0.0070467271
test_00994,0.5408398233
test_00995,0.0257717166
test_00996,0.9999863995
test_00997,0.9962808407
test_00998,0.0123389761
test_00999,0.0035188167
test_01000,0.4093264511
test_01001,0.9995383054
test_01002,0.0103101521
test_01003,0.9938528921
test_01004,0.6695655254
test_01005,0.0683948283
test_01006,0.0001254679
test_01007,0.0134852902
test_01008,0.7836178856
test_01009,0.9982039315
test_01010,0.9864930105
test_01011,0.9993124108
test_01012,0.0044789972
test_01013,0.0001290498
test_01014,0.0000105718
test_01015,0.9998525212
test_01016,0.9983331124
test_01017,0.0006138689
test_01018,0.9990688474
test_01019,0.9991167041
test_01020,0.9993375633
test_01021,0.9999115440
test_01022,0.0003468799
test_01023,0.9999843540
test_01024,0.0006902203
test_01025,0.0250032523
test_01026,0.9996486679
test_01027,0.0000392738
test_01028,0.0005329008
test_01029,0.9944267934
test_01030,0.9996077280
test_01031,0.3682655737
test_01032,0.0021429773
test_01033,0.9060561531
test_01034,0.5203062713
test_01035,0.0075854563
test_01036,0.9996313246
test_01037,0.9822175716
test_01038,0.9992196996
test_01039,0.9996549936
test_01040,0.9912208409
test_01041,0.9999817651
test_01042,0.6150956387
test_01043,0.5125114108
test_01044,0.9999050623
test_01045,0.9963963738
test_01046,0.0006255612
test_01047,0.9997736835
test_01048,0.9730589305
test_01049,0.0000837067
test_01050,0.0003077752
test_01051,0.8736110005
test_01052,0.9921069792
test_01053,0.0031165763
test_01054,0.4707969379
test_01055,0.0124950318
test_01056,0.0004074768
test_01057,0.0030148433
test_01058,0.9948234791
test_01059,0.1216387037
test_01060,0.9098424539
test_01061,0.9971907085
test_01062,0.0381348973
test_01063,0.0007681377
test_01064,0.0004592065
test_01065,0.5036573829
test_01066,0.8986515071
test_01067,0.9083482471
test_01068,0.9999832556
test_01069,0.0008541956
test_01070,0.9989772020
test_01071,0.9999617832
test_01072,0.9994896615
test_01073,0.9858887785
test_01074,0.9882263448
test_01075,0.0084085674
test_01076,0.0016118222
test_01077,0.9983557144
test_01078,0.0000050366
test_01079,0.8127844762
test_01080,0.9981198165
test_01081,0.9998427735
test_01082,0.9982930487
test_01083,0.9998290736
test_01084,0.1859087540
test_01085,0.8917793631
test_01086,0.9927219702
test_01087,0.0045761332
test_01088,0.0495552306
test_01089,0.9999242133
test_01090,0.9998996440
test_01091,0.9998863999
test_01092,0.9288521207
test_01093,0.0000809611
test_01094,0.0000192536
test_01095,0.9998647927
test_01096,0.0002116729
test_01097,0.6990487544
test_01098,0.9998890930
test_01099,0.0595986321
test_01100,0.0001119263
test_01101,0.0036565594
test_01102,0.9999916897
test_01103,0.0118038954
test_01104,0.0075053069
test_01105,0.9882052800
test_01106,0.0039713906
test_01107,0.9996635619
test_01108,0.7346038396
test_01109,0.0005517531
test_01110,0.9855055931
test_01111,0.0000665190
test_01112,0.0071488737
test_01113,0.8550865415
test_01114,0.0011753048
test_01115,0.2083850266
test_01116,0.9999660127
test_01117,0.9548307648
test_01118,0.0003938255
test_01119,0.0002596070
test_01120,0.0035681446
test_01121,0.9019824374
test_01122,0.0268619919
test_01123,0.4782964243
test_01124,0.1810449060
test_01125,0.9934270922
test_01126,0.9998802097
test_01127,0.0000097569
test_01128,0.8573259465
test_01129,0.8519348182
test_01130,0.9864802293
test_01131,0.6839344867
test_01132,0.0005839878
test_01133,0.0474371516
test_01134,0.0000180365
test_01135,0.9951575398
test_01136,0.3503085408
test_01137,0.9999920938
test_01138,0.9916733336
test_01139,0.0004364753
test_01140,0.1225730835
test_01141,0.9990309113
test_01142,0.8483224391
test_01143,0.9951380413
test_01144,0.9993530277
test_01145,0.9107090185
test_01146,0.9968523025
test_01147,0.0176175872
test_01148,0.9971508840
test_01149,0.1090391318
test_01150,0.1910321712
test_01151,0.0010737731
test_01152,0.0006826569
test_01153,0.9986445754
test_01154,0.9996856129
test_01155,0.0043543711
test_01156,0.0113853069
test_01157,0.0002314626
test_01158,0.0005301117
test_01159,0.0059344954
test_01160,0.0137193231
test_01161,0.0001512825
test_01162,0.0000186576
test_01163,0.9999000940
test_01164,0.0004014219
test_01165,0.0015096864
test_01166,0.9999046526
test_01167,0.5337409350
test_01168,0.5253961480
test_01169,0.0147637520
test_01170,0.0579986204
test_01171,0.9978445162
test_01172,0.9999865920
test_01173,0.2042979051
test_01174,0.4469040957
test_01175,0.0000983297
test_01176,0.0006902471
test_01177,0.9959676840
test_01178,0.3640687605
test_01179,0.0001449503
test_01180,0.0001927752
test_01181,0.0055834945
test_01182,0.9989724348
test_01183,0.9997628210
test_01184,0.9999872187
test_01185,0.0003910484
test_01186,0.0204183731
test_01187,0.0003160621
test_01188,0.0659500700
test_01189,0.0000307353
test_01190,0.0003481553
test_01191,0.1688272782
test_01192,0.9988377668
test_01193,0.0004262996
test_01194,0.9990004985
test_01195,0.8995019649
test_01196,0.5560260545
test_01197,0.9746481857
test_01198,0.0157689780
test_01199,0.0002000193
test_01200,0.6631570229
test_01201,0.0195757985
test_01202,0.9986543094
test_01203,0.9928730279
test_01204,0.0000641642
test_01205,0.0003578766
test_01206,0.9980453999
test_01207,0.0005128823
test_01208,0.5010386627
test_01209,0.5165965087
test_01210,0.9999564662
test_01211,0.9895299204
test_01212,0.0023210299
test_01213,0.9906684276
test_01214,0.2280460402
test_01215,0.0034488872
test_01216,0.9985350270
test_01217,0.0004407213
test_01218,0.0356596983
test_01219,0.0010079177
test_01220,0.9996697737
test_01221,0.9985291061
test_01222,0.1300965208
test_01223,0.9999609256
test_01224,0.8172936301
test_01225,0.7447727847
test_01226,0.0310613182
test_01227,0.9998226992
test_01228,0.0063358388
test_01229,0.9999855249
test_01230,0.9999713656
test_01231,0.9991616775
test_01232,0.0000205203
test_01233,0.9999088129
test_01234,0.0142049050
test_01235,0.9998670565
test_01236,0.9990846216
test_01237,0.0000828111
test_01238,0.0009945475
test_01239,0.9998160603
test_01240,0.9999774354
test_01241,0.9986227182
test_01242,0.0017217260
test_01243,0.0002339837
test_01244,0.0003968419
test_01245,0.9989614519
test_01246,0.9996777847
test_01247,0.9998356987
test_01248,0.0000330449
test_01249,0.9997059201
test_01250,0.9074514367
test_01251,0.9942344027
test_01252,0.0096196802
test_01253,0.0007455262
test_01254,0.9999753423
test_01255,0.9995343948
test_01256,0.9851763054
test_01257,0.9931713341
test_01258,0.0769482711
test_01259,0.0062785245
test_01260,0.0022611217
test_01261,0.9923060653
test_01262,0.5514592552
test_01263,0.9976951970
test_01264,0.0002133774
test_01265,0.9997909630
test_01266,0.0002829832
test_01267,0.0321391387
test_01268,0.0000554873
test_01269,0.7246316608
test_01270,0.9998675344
test_01271,0.0051499825
test_01272,0.0000308230
test_01273,0.0000203487
test_01274,0.0001189135
test_01275,0.9990111127
test_01276,0.0584007676
test_01277,0.0026607847
test_01278,0.6101543645
test_01279,0.0000507047
test_01280,0.8879308790
test_01281,0.5584663782
test_01282,0.9995505340
test_01283,0.6438204012
test_01284,0.0015269684
test_01285,0.0013493390
test_01286,0.9999549331
test_01287,0.9996035075
test_01288,0.0373095852
test_01289,0.9950901554
test_01290,0.9999529950
test_01291,0.0029609835
test_01292,0.7474721086
test_01293,0.0126507319
test_01294,0.9993907507
test_01295,0.9998451635
test_01296,0.9648630398
test_01297,0.9996744683
test_01298,0.0025268152
test_01299,0.6604096848
test_01300,0.0000375424
test_01301,0.9980084646
test_01302,0.9999040976
test_01303,0.0014535891
test_01304,0.0101257081
test_01305,0.0041808311
test_01306,0.0012467571
test_01307,0.9974451248
test_01308,0.9999857472
test_01309,0.0001210583
test_01310,0.9846843378
test_01311,0.0000562386
test_01312,0.9996046952
test_01313,0.6352731006
test_01314,0.9998124202
test_01315,0.0001553064
test_01316,0.6342716127
test_01317,0.9894034371
test_01318,0.0006494411
test_01319,0.0007687293
test_01320,0.5543870489
test_01321,0.0009291196
test_01322,0.9958868666
test_01323,0.1844548249
test_01324,0.0000780511
test_01325,0.9994472844
test_01326,0.0015797281
test_01327,0.7305396868
test_01328,0.9998417206
test_01329,0.9998881152
test_01330,0.9998092946
test_01331,0.0005412138
test_01332,0.9994663092
test_01333,0.9977837077
test_01334,0.5055211324
test_01335,0.9998023150
test_01336,0.2713575541
test_01337,0.9998343003
test_01338,0.9999028618
test_01339,0.9873786384
test_01340,0.0000471189
test_01341,0.9998951054
test_01342,0.9985159372
test_01343,0.9994462206
test_01344,0.9976084330
test_01345,0.7972757565
test_01346,0.0048059080
test_01347,0.9996073534
test_01348,0.0011100924
test_01349,0.0016637776
test_01350,0.7132642708
test_01351,0.9999598490
test_01352,0.9997885254
test_01353,0.0000463120
test_01354,0.9978722727
test_01355,0.9911117718
test_01356,0.0005078007
test_01357,0.0002545988
test_01358,0.9997869035
test_01359,0.7648589302
test_01360,0.0000261687
test_01361,0.9999852806
test_01362,0.0003200675
test_01363,0.9999581576
test_01364,0.8557253942
test_01365,0.0143719541
test_01366,0.1137460364
test_01367,0.9960616218
test_01368,0.1347397329
test_01369,0.0001169053
test_01370,0.0002944418
test_01371,0.0000136264
test_01372,0.0003850752
test_01373,0.9998868292
test_01374,0.9999080633
test_01375,0.0008246004
test_01376,0.0000686685
test_01377,0.0002018643
test_01378,0.0000609999
test_01379,0.0003037739
test_01380,0.4938711575
test_01381,0.0001601143
test_01382,0.9981707876
test_01383,0.9998980333
test_01384,0.9998949654
test_01385,0.9994876788
test_01386,0.0011743761
test_01387,0.0414405709
test_01388,0.0022455036
test_01389,0.0008745904
test_01390,0.0007775371
test_01391,0.0004972752
test_01392,0.9940276148
test_01393,0.9896497793
test_01394,0.0001124416
test_01395,0.9999482396
test_01396,0.9992840406
test_01397,0.6619227884
test_01398,0.0040301326
test_01399,0.0000519543
test_01400,0.4947249232
test_01401,0.0220094385
test_01402,0.0000011184
test_01403,0.6213374000
test_01404,0.4755733227
test_01405,0.9991720009
test_01406,0.0002591646
test_01407,0.9949954516
test_01408,0.9600341493
test_01409,0.9992431582
test_01410,0.9999290083
test_01411,0.0002415546
test_01412,0.0014285032
test_01413,0.0040120558
test_01414,0.1023179943
test_01415,0.9734736473
test_01416,0.9999985534
test_01417,0.0013298895
test_01418,0.9986142949
test_01419,0.0031513537
test_01420,0.0000592987
test_01421,0.0035795429
test_01422,0.0000749481
test_01423,0.6680985243
test_01424,0.9975502460
test_01425,0.9985130437
test_01426,0.9997737414
test_01427,0.0152340710
test_01428,0.9995124966
test_01429,0.9992575347
test_01430,0.3525003198
test_01431,0.0002705002
test_01432,0.9996271044
test_01433,0.9810309771
test_01434,0.9997696636
test_01435,0.0176069856
test_01436,0.0006456468
test_01437,0.0257768986
test_01438,0.1240017989
test_01439,0.9988380381
test_01440,0.9998145297
test_01441,0.0280714648
test_01442,0.9723913921
test_01443,0.0535675541
test_01444,0.0609050180
test_01445,0.9982805933
test_01446,0.0019490323
test_01447,0.9945364184
test_01448,0.9705666230
test_01449,0.9644542231
test_01450,0.9969604141
test_01451,0.0049802102
test_01452,0.9998370281
test_01453,0.9953170339
test_01454,0.9920784982
test_01455,0.6881206860
test_01456,0.9848061069
test_01457,0.9999881706
test_01458,0.9998305309
test_01459,0.9999607788
test_01460,0.0063956100
test_01461,0.0001031692
test_01462,0.0025738628
test_01463,0.9882282581
test_01464,0.0198646105
test_01465,0.9993182896
test_01466,0.8702459637
test_01467,0.9036020155
test_01468,0.9704058413
test_01469,0.0053871372
test_01470,0.0000358642
test_01471,0.8155819368
test_01472,0.9999299649
test_01473,0.0015639967
test_01474,0.5228327231
test_01475,0.0009113705
test_01476,0.0427342163
test_01477,0.4889462449
test_01478,0.0001946458
test_01479,0.9674098076
test_01480,0.9994220772
test_01481,0.9795146868
test_01482,0.0080067659
test_01483,0.9989670827
test_01484,0.0000686548
test_01485,0.9987649914
test_01486,0.9999191834
test_01487,0.0248069628
test_01488,0.9995606880
test_01489,0.0405618129
test_01490,0.8614333996
test_01491,0.0001240520
test_01492,0.0039942942
test_01493,0.0009724578
test_01494,0.0004479310
test_01495,0.0001470833
test_01496,0.9993549142
test_01497,0.9993839274
test_01498,0.9930745352
test_01499,0.0021860357
test_01500,0.0008121301
test_01501,0.0578665750
test_01502,0.0020078486
test_01503,0.7431147729
test_01504,0.9999298699
test_01505,0.0007688649
test_01506,0.9749771998
test_01507,0.9955247398
test_01508,0.9983489645
test_01509,0.9998581268
test_01510,0.9924281322
test_01511,0.9996041772
test_01512,0.9992970336
test_01513,0.9997269578
test_01514,0.2936161782
test_01515,0.9730080040
test_01516,0.0027253728
test_01517,0.3494933445
test_01518,0.9978050123
test_01519,0.9891469420
test_01520,0.9998533593
test_01521,0.9963420362
test_01522,0.7954197673
test_01523,0.4917840187
test_01524,0.9999827563
test_01525,0.9997476786
test_01526,0.0000133267
test_01527,0.9999086774
test_01528,0.9999431974
test_01529,0.0003765344
test_01530,0.9897028970
test_01531,0.1232011027
test_01532,0.9820361302
test_01533,0.9751071650
test_01534,0.0004072969
test_01535,0.0000457179
test_01536,0.0002661818
test_01537,0.9996385476
test_01538,0.0007483927
test_01539,0.9998632420
test_01540,0.0594542119
test_01541,0.1584395175
test_01542,0.9852140273
test_01543,0.9992991997
test_01544,0.0000431538
test_01545,0.9997634336
test_01546,0.9963856071
test_01547,0.8904597917
test_01548,0.0005497736
test_01549,0.8476269303
test_01550,0.9998565274
test_01551,0.0003344822
test_01552,0.9958061676
test_01553,0.9995611888
test_01554,0.0000371969
test_01555,0.8037404370
test_01556,0.9995276555
test_01557,0.9999309359
test_01558,0.8954604859
test_01559,0.0033940926
test_01560,0.9992795387
test_01561,0.0000639249
test_01562,0.0090917998
test_01563,0.9978683849
test_01564,0.0004730252
test_01565,0.7031717024
test_01566,0.9997674504
test_01567,0.0345185642
test_01568,0.0000040096
test_01569,0.0003259186
test_01570,0.0000507972
test_01571,0.9956778626
test_01572,0.9471328664
test_01573,0.9792706401
test_01574,0.0642523185
test_01575,0.0005536021
test_01576,0.9991096944
test_01577,0.0224769714
test_01578,0.9991341665
test_01579,0.6120487424
test_01580,0.0705882984
test_01581,0.9993300967
test_01582,0.0001770560
test_01583,0.0003142240
test_01584,0.3628095161
test_01585,0.4542154428
test_01586,0.9972182201
test_01587,0.9996995694
test_01588,0.0002500234
test_01589,0.0844509512
test_01590,0.9999906158
test_01591,0.9999235221
test_01592,0.0084598260
test_01593,0.0002440556
test_01594,0.9999142887
test_01595,0.9986780249
test_01596,0.0011975786
test_01597,0.0376194460
test_01598,0.0020786223
test_01599,0.9980430539
test_01600,0.0001304061
test_01601,0.9987047924
test_01602,0.0000975566
test_01603,0.9995611353
test_01604,0.9998517913
test_01605,0.2369904533
test_01606,0.0004295537
test_01607,0.9999526648
test_01608,0.9999569687
test_01609,0.9994242856
test_01610,0.9997190219
test_01611,0.0000562705
test_01612,0.9999606779
test_01613,0.0012852098
test_01614,0.0002216711
test_01615,0.9930666532
test_01616,0.0003667725
test_01617,0.9970918425
test_01618,0.9999254011
test_01619,0.0000353647
test_01620,0.0043948139
test_01621,0.0115682958
test_01622,0.9993177191
test_01623,0.8485827391
test_01624,0.2941016466
test_01625,0.5576567072
test_01626,0.9997967973
test_01627,0.6029432240
test_01628,0.0002041674
test_01629,0.9694553866
test_01630,0.9997532208
test_01631,0.9995499140
test_01632,0.0001240050
test_01633,0.9902075390
test_01634,0.0000119198
test_01635,0.9667926338
test_01636,0.9991931641
test_01637,0.0000259284
test_01638,0.6764112062
test_01639,0.1136760445
test_01640,0.0002176889
test_01641,0.0018501121
test_01642,0.1725958893
test_01643,0.0008519839
test_01644,0.9991450026
test_01645,0.9978567550
test_01646,0.0257653871
test_01647,0.9997126249
test_01648,0.9934978852
test_01649,0.0015373023
test_01650,0.4567357062
test_01651,0.0018803702
test_01652,0.9999558533
test_01653,0.0322087160
test_01654,0.9941473196
test_01655,0.9999476245
test_01656,0.9877833629
test_01657,0.0000090879
test_01658,0.0525610988
test_01659,0.0007928396
test_01660,0.9998663189
test_01661,0.0000740619
test_01662,0.0132863491
test_01663,0.0001359204
test_01664,0.0000669918
test_01665,0.9997603030
test_01666,0.0000065276
test_01667,0.0023297153
test_01668,0.9999168720
test_01669,0.0007071707
test_01670,0.5911643461
test_01671,0.9993669764
test_01672,0.9998928272
test_01673,0.0648075927
test_01674,0.0012503127
test_01675,0.0000189109
test_01676,0.9991282342
test_01677,0.9170529308
test_01678,0.9848886588
test_01679,0.9999685774
test_01680,0.0010414932
test_01681,0.9980933978
test_01682,0.9949507222
test_01683,0.0012346024
test_01684,0.9958216664
test_01685,0.9956885103
test_01686,0.9998276356
test_01687,0.9907983778
test_01688,0.0005048371
test_01689,0.0005730123
test_01690,0.9998916298
test_01691,0.0259613256
test_01692,0.0026130413
test_01693,0.0763292898
test_01694,0.0001783339
test_01695,0.0726712820
test_01696,0.7109855125
test_01697,0.9895443355
test_01698,0.9998815369
test_01699,0.0098982295
test_01700,0.9992662224
test_01701,0.0001330458
test_01702,0.0000483347
test_01703,0.9998342583
test_01704,0.0002283799
test_01705,0.3655609772
test_01706,0.7530349347
test_01707,0.9640210140
test_01708,0.9998225708
test_01709,0.9978434571
test_01710,0.9042585943
test_01711,0.0000565177
test_01712,0.0004899670
test_01713,0.0000060186
test_01714,0.0206149687
test_01715,0.9990469096
test_01716,0.9977960751
test_01717,0.9999105434
test_01718,0.0016432235
test_01719,0.0271716286
test_01720,0.8863839320
test_01721,0.0000962312
test_01722,0.9760758890
test_01723,0.0020181117
test_01724,0.0534190553
test_01725,0.0016791925
test_01726,0.0002102020
test_01727,0.9961045665
test_01728,0.0199251944
test_01729,0.9997569574
test_01730,0.0021894937
test_01731,0.0005369573
test_01732,0.0001522146
test_01733,0.8525582349
test_01734,0.9993591581
test_01735,0.9995103538
test_01736,0.9051966352
test_01737,0.9999293534
test_01738,0.9993512708
test_01739,0.0006305305
test_01740,0.8978791187
test_01741,0.1683598078
test_01742,0.0003170654
test_01743,0.9998016099
test_01744,0.9937984277
test_01745,0.0002476382
test_01746,0.0081752297
test_01747,0.9998799586
test_01748,0.3119267340
test_01749,0.9147433422
test_01750,0.9987810630
test_01751,0.0485970252
test_01752,0.0169683958
test_01753,0.6918276331
test_01754,0.4290662571
test_01755,0.6560409324
test_01756,0.9953517295
test_01757,0.6971618863
test_01758,0.0026084633
test_01759,0.0015826675
test_01760,0.9992983977
test_01761,0.0000396689
test_01762,0.0015421388
test_01763,0.0006211115
test_01764,0.8670518481
test_01765,0.9840973533
test_01766,0.0000337937
test_01767,0.0001106189
test_01768,0.0697186065
test_01769,0.8875042243
test_01770,0.9977111029
test_01771,0.0002868683
test_01772,0.0074819579
test_01773,0.9969731509
test_01774,0.9996527086
test_01775,0.9993428628
test_01776,0.9989814600
test_01777,0.9999672006
test_01778,0.9999441264
test_01779,0.4309680809
test_01780,0.0007521054
test_01781,0.9999932046
test_01782,0.0002209940
test_01783,0.9895199711
test_01784,0.0003520551
test_01785,0.9893301397
test_01786,0.9631200759
test_01787,0.1303995187
test_01788,0.9994003399
test_01789,0.6490885767
test_01790,0.0004376325
test_01791,0.9954840291
test_01792,0.4459452735
test_01793,0.0165758632
test_01794,0.9997097981
test_01795,0.0016735462
test_01796,0.0232639607
test_01797,0.0003414027
test_01798,0.9979470479
test_01799,0.7872998591
test_01800,0.9966823098
test_01801,0.9998588929
test_01802,0.0124042963
test_01803,0.9718455045
test_01804,0.9999874296
test_01805,0.0003749701
test_01806,0.2093949909
test_01807,0.9312837281
test_01808,0.9999870311
test_01809,0.9995637987
test_01810,0.9999253193
test_01811,0.9420217369
test_01812,0.9999974546
test_01813,0.0051619875
test_01814,0.0002950172
test_01815,0.9999200600
test_01816,0.9892886881
test_01817,0.0029654695
test_01818,0.9990273454
test_01819,0.9962227713
test_01820,0.0001385818
test_01821,0.9996596681
test_01822,0.5378346458
test_01823,0.0023740275
test_01824,0.8096971250
test_01825,0.0109220648
test_01826,0.9976838419
test_01827,0.0000180141
test_01828,0.9997639757
test_01829,0.0056745891
test_01830,0.9999218016
test_01831,0.0014281703
test_01832,0.0000424736
test_01833,0.0223000048
test_01834,0.8381397190
test_01835,0.1082211151
test_01836,0.0001070886
test_01837,0.9999190971
test_01838,0.0000172564
test_01839,0.9990188893
test_01840,0.0000053662
test_01841,0.9982051474
test_01842,0.8327990627
test_01843,0.0000005143
test_01844,0.9979517874
test_01845,0.6404528698
test_01846,0.9995953029
test_01847,0.9999980836
test_01848,0.0008467048
test_01849,0.9989223873
test_01850,0.9998883073
test_01851,0.9999665864
test_01852,0.0001097597
test_01853,0.0037906097
test_01854,0.0717829627
test_01855,0.0004538673
test_01856,0.9963801004
test_01857,0.0000678083
test_01858,0.9958239699
test_01859,0.9742767394
test_01860,0.9975648350
test_01861,0.0000335822
test_01862,0.0511346027
test_01863,0.9050968058
test_01864,0.0061874680
test_01865,0.9975495534
test_01866,0.0235212659
test_01867,0.0022230544
test_01868,0.0000686849
test_01869,0.9988762739
test_01870,0.0003737125
test_01871,0.9997149839
test_01872,0.0544160381
test_01873,0.9996946469
test_01874,0.3143116190
test_01875,0.0005170635
test_01876,0.7498277399
test_01877,0.9991660212
test_01878,0.0034695602
test_01879,0.9998796655
test_01880,0.9985630907
test_01881,0.9890244995
test_01882,0.0002122885
test_01883,0.0770925125
test_01884,0.0000893314
test_01885,0.0028223662
test_01886,0.0001607850
test_01887,0.7988888997
test_01888,0.0020947897
test_01889,0.0016801752
test_01890,0.9996352597
test_01891,0.0009723618
test_01892,0.0568254504
test_01893,0.9998762054
test_01894,0.0158375852
test_01895,0.0001342067
test_01896,0.6534198840
test_01897,0.0005184872
test_01898,0.9999423914
test_01899,0.5606596978
test_01900,0.9997898077
test_01901,0.0249027456
test_01902,0.9999939151
test_01903,0.0004480544
test_01904,0.0024240052
test_01905,0.9905158420
test_01906,0.0884388929
test_01907,0.9982426106
test_01908,0.9999359935
test_01909,0.0006605547
test_01910,0.0001249819
test_01911,0.0391779129
test_01912,0.9999882350
test_01913,0.0125336116
test_01914,0.9998340839
test_01915,0.0012638385
test_01916,0.9994497738
test_01917,0.9667921296
test_01918,0.9999449386
test_01919,0.0036447268
test_01920,0.9767890171
test_01921,0.0171826811
test_01922,0.9922797920
test_01923,0.5718655525
test_01924,0.3654057739
test_01925,0.9996409628
test_01926,0.0009176744
test_01927,0.9846439400
test_01928,0.0018031867
test_01929,0.9887144271
test_01930,0.9994865256
test_01931,0.0008326692
test_01932,0.9992714646
test_01933,0.9954913892
test_01934,0.9919745783
test_01935,0.0001138572
test_01936,0.0002248358
test_01937,0.8899601706
test_01938,0.0158530251
test_01939,0.9999485079
test_01940,0.0000249041
test_01941,0.9702997346
test_01942,0.7368179005
test_01943,0.1154877167
test_01944,0.9978257121
test_01945,0.0003941096
test_01946,0.5961569390
test_01947,0.0136934474
test_01948,0.0029576740
test_01949,0.0001421509
test_01950,0.9987847367
test_01951,0.0006723657
test_01952,0.9998909515
test_01953,0.0007309625
test_01954,0.9997584331
test_01955,0.0090587063
test_01956,0.9999139803
test_01957,0.9898956981
test_01958,0.0009743120
test_01959,0.0004724364
test_01960,0.9664345882
test_01961,0.9986647154
test_01962,0.0001833577
test_01963,0.0149138667
test_01964,0.2404165587
test_01965,0.9995936628
test_01966,0.0231702040
test_01967,0.0095846717
test_01968,0.7205882449
test_01969,0.0000266794
test_01970,0.0004689298
test_01971,0.9964679620
test_01972,0.9998352108
test_01973,0.0000418119
test_01974,0.0939606482
test_01975,0.9966968097
test_01976,0.9999744919
test_01977,0.0000959595
test_01978,0.9984999618
test_01979,0.0001230639
test_01980,0.0039611763
test_01981,0.0006775591
test_01982,0.0001642677
test_01983,0.0028837343
test_01984,0.9978847132
test_01985,0.9996024786
test_01986,0.8471206828
test_01987,0.0000287494
test_01988,0.0000023020
test_01989,0.8132770448
test_01990,0.0003147950
test_01991,0.9767464505
test_01992,0.0338015299
test_01993,0.9999316004
test_01994,0.0001618743
test_01995,0.9995428093
test_01996,0.9989384278
test_01997,0.9675290933
test_01998,0.0011285495
test_01999,0.0009827766
test_02000,0.9991088409
test_02001,0.0001196619
test_02002,0.0013598193
test_02003,0.9983891379
test_02004,0.0003385533
test_02005,0.9922539877
test_02006,0.0000985305
test_02007,0.0090711218
test_02008,0.1867790622
test_02009,0.9975958124
test_02010,0.9999236521
test_02011,0.9999863881
test_02012,0.8612573649
test_02013,0.8926683251
test_02014,0.0004784736
test_02015,0.0006888830
test_02016,0.9996352241
test_02017,0.2341903587
test_02018,0.9694475196
test_02019,0.9998295218
test_02020,0.2542483046
test_02021,0.9992721081
test_02022,0.0213941380
test_02023,0.0043743079
test_02024,0.0410893948
test_02025,0.9997304669
test_02026,0.9998032493
test_02027,0.0175690804
test_02028,0.9997580009
test_02029,0.6754463372
test_02030,0.5959826430
test_02031,0.0102687524
test_02032,0.0022237151
test_02033,0.0000717040
test_02034,0.0002623941
test_02035,0.9140160182
test_02036,0.0008572132
test_02037,0.0001276909
test_02038,0.9979366540
test_02039,0.9994694809
test_02040,0.9295472322
test_02041,0.9998735483
test_02042,0.0039710463
test_02043,0.0006141977
test_02044,0.9048742563
test_02045,0.9985416559
test_02046,0.1111037061
test_02047,0.0027526403
test_02048,0.9995653579
test_02049,0.0007245482
test_02050,0.9996361927
test_02051,0.9992158714
test_02052,0.0003176741
test_02053,0.9996125600
test_02054,0.9717440624
test_02055,0.9585276853
test_02056,0.9997633160
test_02057,0.9999736810
test_02058,0.5038994779
test_02059,0.9984925915
test_02060,0.9999155889
test_02061,0.9451570544
test_02062,0.0001299062
test_02063,0.0015148417
test_02064,0.8634669589
test_02065,0.9862622329
test_02066,0.9998388262
test_02067,0.0323795878
test_02068,0.0015579685
test_02069,0.9946271627
test_02070,0.0000104424
test_02071,0.0005195664
test_02072,0.7901861600
test_02073,0.0052656067
test_02074,0.9995961912
test_02075,0.4987508596
test_02076,0.0200884929
test_02077,0.0001194371
test_02078,0.9999153495
test_02079,0.0002949087
test_02080,0.9997530354
test_02081,0.0032785756
test_02082,0.9152809688
test_02083,0.0028980141
test_02084,0.0000937704
test_02085,0.0196693901
test_02086,0.0169188885
test_02087,0.0001801039
test_02088,0.0004905181
test_02089,0.0001513414
test_02090,0.0131880772
test_02091,0.0042241995
test_02092,0.6341884760
test_02093,0.0000235414
test_02094,0.9992009985
test_02095,0.0004555048
test_02096,0.0004638821
test_02097,0.0186514455
test_02098,0.9996578617
test_02099,0.9999775317
test_02100,0.9270029401
test_02101,0.9032393549
test_02102,0.9993834237
test_02103,0.0014820235
test_02104,0.0001481060
test_02105,0.9835587111
test_02106,0.9999770802
test_02107,0.0000156779
test_02108,0.0000173391
test_02109,0.0000641833
test_02110,0.9624906021
test_02111,0.0000382662
test_02112,0.1187737350
test_02113,0.9999795260
test_02114,0.9979158667
test_02115,0.0010551233
test_02116,0.9998896469
test_02117,0.0012041994
test_02118,0.0442119881
test_02119,0.9937636775
test_02120,0.0003272412
test_02121,0.9989057738
test_02122,0.0013539241
test_02123,0.0004195518
test_02124,0.4937020422
test_02125,0.9999900654
test_02126,0.0317481564
test_02127,0.0397766697
test_02128,0.0019726759
test_02129,0.9966946170
test_02130,0.9951544228
test_02131,0.9997412230
test_02132,0.9942082028
test_02133,0.9986289639
test_02134,0.0003247424
test_02135,0.9999143541
test_02136,0.9820853684
test_02137,0.9209460162
test_02138,0.9978222569
test_02139,0.9941700896
test_02140,0.0000058506
test_02141,0.9998350770
test_02142,0.9999166196
test_02143,0.0005545932
test_02144,0.7737413952
test_02145,0.0341364436
test_02146,0.0012182763
test_02147,0.8796614138
test_02148,0.9992793972
test_02149,0.0000113707
test_02150,0.9991924715
test_02151,0.0001034372
test_02152,0.0011522495
test_02153,0.9993508078
test_02154,0.9998518533
test_02155,0.9999258144
test_02156,0.9084280905
test_02157,0.0008310326
test_02158,0.0068111327
test_02159,0.9997499073
test_02160,0.9998427561
test_02161,0.9999156599
test_02162,0.9945182352
test_02163,0.0284474908
test_02164,0.0038284050
test_02165,0.1535877102
test_02166,0.0004576424
test_02167,0.3092044508
test_02168,0.4408422859
test_02169,0.0000765918
test_02170,0.9997368566
test_02171,0.0217867012
test_02172,0.9998852514
test_02173,0.0023462350
test_02174,0.1453750972
test_02175,0.6679939865
test_02176,0.0081597323
test_02177,0.9865441250
test_02178,0.7395793462
test_02179,0.9958917432
test_02180,0.9999288770
test_02181,0.9992980025
test_02182,0.0015788870
test_02183,0.0010386697
test_02184,0.0089841673
test_02185,0.9990221930
test_02186,0.0000329656
test_02187,0.9986979750
test_02188,0.0163714980
test_02189,0.9999163552
test_02190,0.9997044871
test_02191,0.8527291338
test_02192,0.0010262174
test_02193,0.0090259589
test_02194,0.9810424852
test_02195,0.9950241366
test_02196,0.1154341136
test_02197,0.9192501667
test_02198,0.0018123456
test_02199,0.0006154591
test_02200,0.0000327134
test_02201,0.0037863860
test_02202,0.0000121989
test_02203,0.0007956041
test_02204,0.0083148665
test_02205,0.3488174296
test_02206,0.6747610048
test_02207,0.0513851755
test_02208,0.9917311834
test_02209,0.6928723759
test_02210,0.0003478062
test_02211,0.7365338019
test_02212,0.0017666857
test_02213,0.9999087597
test_02214,0.9999589897
test_02215,0.0013448684
test_02216,0.0578839236
test_02217,0.0000538519
test_02218,0.9972950003
test_02219,0.0002966919
test_02220,0.0006418852
test_02221,0.0370296687
test_02222,0.8904818969
test_02223,0.0151856249
test_02224,0.9999636432
test_02225,0.0009479392
test_02226,0.0030319583
test_02227,0.0932967032
test_02228,0.9870817879
test_02229,0.9996809959
test_02230,0.0502908512
test_02231,0.0084388807
test_02232,0.5099566607
test_02233,0.9998851203
test_02234,0.0000127235
test_02235,0.0200357477
test_02236,0.4803176054
test_02237,0.9999956903
test_02238,0.0192035433
test_02239,0.9583295162
test_02240,0.9972141150
test_02241,0.9996465664
test_02242,0.0002547121
test_02243,0.0000453413
test_02244,0.9999322558
test_02245,0.0013783909
test_02246,0.9993384286
test_02247,0.9999688337
test_02248,0.9870646138
test_02249,0.9998144222
test_02250,0.9999302477
test_02251,0.0025595646
test_02252,0.9997599569
test_02253,0.9988770359
test_02254,0.0008664926
test_02255,0.5897198256
test_02256,0.0003758089
test_02257,0.9957118722
test_02258,0.0032771567
test_02259,0.9990666196
test_02260,0.0001785113
test_02261,0.0000201338
test_02262,0.0065745380
test_02263,0.0441956059
test_02264,0.5797206555
test_02265,0.9999109247
test_02266,0.9868383884
test_02267,0.0012108708
test_02268,0.0002669276
test_02269,0.9972342014
test_02270,0.9999687694
test_02271,0.0190440380
test_02272,0.1746224747
test_02273,0.8014392661
test_02274,0.9879441163
test_02275,0.9994589037
test_02276,0.9997279154
test_02277,0.9995603308
test_02278,0.9997820514
test_02279,0.9998655620
test_02280,0.0001158365
test_02281,0.4179310553
test_02282,0.0207655298
test_02283,0.1520112365
test_02284,0.0002752721
test_02285,0.9992288985
test_02286,0.0017021432
test_02287,0.0003599897
test_02288,0.0006624774
test_02289,0.0000034767
test_02290,0.4590485713
test_02291,0.0002227819
test_02292,0.0824251125
test_02293,0.0001196521
test_02294,0.9991812039
test_02295,0.5637770581
test_02296,0.9998631301
test_02297,0.9993001658
test_02298,0.9974620151
test_02299,0.9996760883
test_02300,0.0010314786
test_02301,0.0555035100
test_02302,0.9960707215
test_02303,0.9996846447
test_02304,0.0113260368
test_02305,0.9999151466
test_02306,0.9994345818
test_02307,0.1041344983
test_02308,0.0000753980
test_02309,0.0012627676
test_02310,0.9985475415
test_02311,0.9447467218
test_02312,0.0769410450
test_02313,0.4630127557
test_02314,0.0055212865
test_02315,0.5314933421
test_02316,0.9975669683
test_02317,0.0183939366
test_02318,0.9999855769
test_02319,0.9998664495
test_02320,0.5486389689
test_02321,0.8608962325
test_02322,0.9985851983
test_02323,0.0006869386
test_02324,0.9999732283
test_02325,0.9984070479
test_02326,0.0007466848
test_02327,0.3617077777
test_02328,0.0052223535
test_02329,0.0000194763
test_02330,0.0010050645
test_02331,0.0010856423
test_02332,0.0001490530
test_02333,0.0011157345
test_02334,0.5981879839
test_02335,0.9537047618
test_02336,0.9996798656
test_02337,0.0047972529
test_02338,0.0011349730
test_02339,0.9899219920
test_02340,0.9999593444
test_02341,0.8983691733
test_02342,0.0009550146
test_02343,0.9991257148
test_02344,0.0002173511
test_02345,0.0106355707
test_02346,0.9998691799
test_02347,0.9825021829
test_02348,0.9990537577
test_02349,0.9999500475
test_02350,0.0005271449
test_02351,0.0002889406
test_02352,0.0077561945
test_02353,0.4710576689
test_02354,0.9999055427
test_02355,0.9986345511
test_02356,0.9961408570
test_02357,0.0000143355
test_02358,0.5082900920
test_02359,0.9999318403
test_02360,0.4271157230
test_02361,0.8575273018
test_02362,0.9998241233
test_02363,0.9994787438
test_02364,0.9996927232
test_02365,0.9990733068
test_02366,0.0000174558
test_02367,0.9998260916
test_02368,0.0008476254
test_02369,0.0001860052
test_02370,0.9986317936
test_02371,0.9986928511
test_02372,0.0000495095
test_02373,0.0000341190
test_02374,0.9997173260
test_02375,0.9740281257
test_02376,0.9182743164
test_02377,0.1158768018
test_02378,0.9986261571
test_02379,0.0000969838
test_02380,0.9992664755
test_02381,0.9990748709
test_02382,0.9999274228
test_02383,0.0021175640
test_02384,0.0000655169
test_02385,0.4870136698
test_02386,0.0006500790
test_02387,0.9977812897
test_02388,0.0000985479
test_02389,0.0000239918
test_02390,0.9637195823
test_02391,0.0052755953
test_02392,0.9996476557
test_02393,0.0000716769
test_02394,0.0000008436
test_02395,0.9995840737
test_02396,0.0006880056
test_02397,0.9991274510
test_02398,0.9996653076
test_02399,0.0240493801
test_02400,0.9965850721
test_02401,0.9609225464
test_02402,0.9998109902
test_02403,0.0088666365
test_02404,0.9738682571
test_02405,0.9917116076
test_02406,0.6794821537
test_02407,0.9997069807
test_02408,0.2115141353
test_02409,0.0037450210
test_02410,0.0001220233
test_02411,0.9680386869
test_02412,0.8942803910
test_02413,0.9998911453
test_02414,0.9998955791
test_02415,0.9996594409
test_02416,0.0002243079
test_02417,0.8757859068
test_02418,0.4746810933
test_02419,0.0001514225
test_02420,0.0000573952
test_02421,0.9873341295
test_02422,0.0037482224
test_02423,0.9996712231
test_02424,0.0003458981
test_02425,0.0335038622
test_02426,0.9995869977
test_02427,0.9998545694
test_02428,0.0313364625
test_02429,0.0109010470
test_02430,0.9992570137
test_02431,0.0295531015
test_02432,0.0512099888
test_02433,0.9998472903
test_02434,0.9983151846
test_02435,0.0286464652
test_02436,0.0001294982
test_02437,0.3440585805
test_02438,0.9963164744
test_02439,0.9989408986
test_02440,0.9997808086
test_02441,0.9979225507
test_02442,0.0000190173
test_02443,0.9970134733
test_02444,0.2286058413
test_02445,0.0182937239
test_02446,0.0308088322
test_02447,0.9771018772
test_02448,0.9993455222
test_02449,0.0003134629
test_02450,0.9997038578
test_02451,0.9995966995
test_02452,0.0004306619
test_02453,0.9665890890
test_02454,0.9748541861
test_02455,0.0001409195
test_02456,0.0015887635
test_02457,0.0016429266
test_02458,0.0701386817
test_02459,0.0000328237
test_02460,0.9932384845
test_02461,0.9999178969
test_02462,0.9998855248
test_02463,0.2134149236
test_02464,0.9645750184
test_02465,0.0002452134
test_02466,0.0041396149
test_02467,0.0008658903
test_02468,0.9982273893
test_02469,0.0183646376
test_02470,0.9996900938
test_02471,0.9327891333
test_02472,0.0000265369
test_02473,0.9998965680
test_02474,0.0001937340
test_02475,0.0329480916
test_02476,0.0001993641
test_02477,0.2347857607
test_02478,0.9997059432
test_02479,0.9995625616
test_02480,0.9996107337
test_02481,0.9977367160
test_02482,0.1566166142
test_02483,0.0012852238
test_02484,0.4928096841
test_02485,0.0067778559
test_02486,0.9995806795
test_02487,0.0159708059
test_02488,0.0015795260
test_02489,0.9999189792
test_02490,0.8286072144
test_02491,0.0118080288
test_02492,0.2563698026
test_02493,0.0002004449
test_02494,0.9998587396
test_02495,0.0000985243
test_02496,0.9999239021
test_02497,0.9312880913
test_02498,0.9870549424
test_02499,0.9389305427
test_02500,0.9995967937
test_02501,0.0049085096
test_02502,0.0015613138
test_02503,0.9996176987
test_02504,0.9998871844
test_02505,0.0002888025
test_02506,0.3459847077
test_02507,0.9999181710
test_02508,0.0004377314
test_02509,0.9999722504
test_02510,0.0694487407
test_02511,0.9997479327
test_02512,0.9993736384
test_02513,0.9998147281
test_02514,0.0008474909
test_02515,0.9999526910
test_02516,0.9991644607
test_02517,0.1777752689
test_02518,0.1077462003
test_02519,0.9976801183
test_02520,0.0000499441
test_02521,0.0003653929
test_02522,0.9998739521
test_02523,0.0001129817
test_02524,0.9899868935
test_02525,0.9999588660
test_02526,0.0249810237
test_02527,0.8571950125
test_02528,0.9994453809
test_02529,0.9737730908
test_02530,0.9922148056
test_02531,0.9918519377
test_02532,0.0325410735
test_02533,0.9965451339
test_02534,0.0165080338
test_02535,0.9999248528
test_02536,0.9997267846
test_02537,0.9664676652
test_02538,0.0233352714
test_02539,0.9999301598
test_02540,0.0001884678
test_02541,0.1841986377
test_02542,0.9979692084
test_02543,0.8680486901
test_02544,0.9993270350
test_02545,0.9750903608
test_02546,0.0005295963
test_02547,0.9999883792
test_02548,0.0492274916
test_02549,0.9999823828
test_02550,0.9999964099
test_02551,0.0001699294
test_02552,0.9816440402
test_02553,0.9992222125
test_02554,0.9946304625
test_02555,0.1540368327
test_02556,0.4713459675
test_02557,0.5330427863
test_02558,0.9932609703
test_02559,0.0029509713
test_02560,0.0008342097
test_02561,0.9722484420
test_02562,0.1590431145
test_02563,0.9997549846
test_02564,0.7259156055
test_02565,0.8185497069
test_02566,0.1499183645
test_02567,0.5038903794
test_02568,0.0034424429
test_02569,0.0000736888
test_02570,0.9988023737
test_02571,0.0001671080
test_02572,0.1226020714
test_02573,0.0004269124
test_02574,0.9918807500
test_02575,0.1486382806
test_02576,0.9969413227
test_02577,0.2677065730
test_02578,0.9999021095
test_02579,0.0446079154
test_02580,0.4888506489
test_02581,0.7577806565
test_02582,0.0004169682
test_02583,0.4287257588
test_02584,0.9998627307
test_02585,0.0000981471
test_02586,0.8104690892
test_02587,0.0204994210
test_02588,0.2956586954
test_02589,0.4338607415
test_02590,0.9949709488
test_02591,0.9993873256
test_02592,0.6319440370
test_02593,0.9574877037
test_02594,0.9351731573
test_02595,0.9999352858
test_02596,0.0066706698
test_02597,0.9992064254
test_02598,0.9967930664
test_02599,0.8264495755
test_02600,0.9987837270
test_02601,0.0008017784
test_02602,0.0088154713
test_02603,0.0001746949
test_02604,0.0000148991
test_02605,0.0056645709
test_02606,0.9916953957
test_02607,0.9995065669
test_02608,0.9956870991
test_02609,0.9999386462
test_02610,0.0000515776
test_02611,0.7934887034
test_02612,0.3954082024
test_02613,0.0012311520
test_02614,0.0001559792
test_02615,0.0002385145
test_02616,0.4420162805
test_02617,0.9994978368
test_02618,0.0087045263
test_02619,0.9988357367
test_02620,0.0000568277
test_02621,0.9996930889
test_02622,0.0074878584
test_02623,0.7654410998
test_02624,0.9997686757
test_02625,0.0012873702
test_02626,0.9995990215
test_02627,0.9961849671
test_02628,0.0000160261
test_02629,0.0006385835
test_02630,0.9922986882
test_02631,0.0088230392
test_02632,0.0021972708
test_02633,0.9607324116
test_02634,0.0001210538
test_02635,0.0075908416
test_02636,0.0237470448
test_02637,0.9993565546
test_02638,0.9999080472
test_02639,0.0521967509
test_02640,0.9868573651
test_02641,0.9999780310
test_02642,0.0000105277
test_02643,0.9993916647
test_02644,0.0000630743
test_02645,0.0938866318
test_02646,0.0018334158
test_02647,0.0001178081
test_02648,0.0001072244
test_02649,0.9990136476
test_02650,0.0000288447
test_02651,0.9190681407
test_02652,0.0031815968
test_02653,0.9607282696
test_02654,0.9477357917
test_02655,0.0114896999
test_02656,0.0000309429
test_02657,0.0030218797
test_02658,0.7763125541
test_02659,0.9959474984
test_02660,0.6691799364
test_02661,0.9999065680
test_02662,0.8444868964
test_02663,0.0000532752
test_02664,0.9996586460
test_02665,0.9996925722
test_02666,0.9995586228
test_02667,0.9930567803
test_02668,0.9948783337
test_02669,0.0004725807
test_02670,0.0230142871
test_02671,0.0000857655
test_02672,0.9998285106
test_02673,0.9999582645
test_02674,0.4030392332
test_02675,0.7456792381
test_02676,0.9963213408
test_02677,0.0246945745
test_02678,0.9996125738
test_02679,0.9474189726
test_02680,0.0031738743
test_02681,0.0008495373
test_02682,0.0004373072
test_02683,0.9992467710
test_02684,0.1935007498
test_02685,0.0098314386
test_02686,0.9996366272
test_02687,0.0721390498
test_02688,0.9999496303
test_02689,0.9983686219
test_02690,0.0060280827
test_02691,0.0153350101
test_02692,0.9955116014
test_02693,0.4772473118
test_02694,0.9997554929
test_02695,0.5286469877
test_02696,0.9628035562
test_02697,0.0002032453
test_02698,0.0002501256
test_02699,0.9987280871
test_02700,0.0015552700
test_02701,0.0004515832
test_02702,0.9925227017
test_02703,0.0003829326
test_02704,0.0009877912
test_02705,0.9997585098
test_02706,0.0002621316
test_02707,0.9992128039
test_02708,0.9982678167
test_02709,0.9990945136
test_02710,0.9998575079
test_02711,0.0000026114
test_02712,0.9998998990
test_02713,0.0005685252
test_02714,0.0000061051
test_02715,0.9989206419
test_02716,0.4641899578
test_02717,0.9921846876
test_02718,0.0002531611
test_02719,0.8129347625
test_02720,0.0389673452
test_02721,0.0106298211
test_02722,0.0014705063
test_02723,0.9966553393
test_02724,0.0198159833
test_02725,0.4551858805
test_02726,0.9998181628
test_02727,0.0009637550
test_02728,0.0003622086
test_02729,0.0026553198
test_02730,0.9996238024
test_02731,0.0016039766
test_02732,0.9994850160
test_02733,0.9798380712
test_02734,0.0000516961
test_02735,0.9999703361
test_02736,0.2596728464
test_02737,0.9992503246
test_02738,0.9998868559
test_02739,0.9515089254
test_02740,0.9999349388
test_02741,0.0005968333
test_02742,0.1331757942
test_02743,0.0021540118
test_02744,0.0008677981
test_02745,0.9987255048
test_02746,0.0451932281
test_02747,0.0000238268
test_02748,0.0004534094
test_02749,0.9886250868
test_02750,0.9985853484
test_02751,0.5847601723
test_02752,0.9158668297
test_02753,0.9999130230
test_02754,0.0000051924
test_02755,0.9998057255
test_02756,0.9825848967
test_02757,0.0003541740
test_02758,0.2645393116
test_02759,0.9413272098
test_02760,0.0001329877
test_02761,0.9999443224
test_02762,0.0000406652
test_02763,0.0000054427
test_02764,0.7568022265
test_02765,0.0001301296
test_02766,0.9766780928
test_02767,0.0000938939
test_02768,0.3526800510
test_02769,0.0000086441
test_02770,0.0003641418
test_02771,0.9998225865
test_02772,0.9954897827
test_02773,0.0244435847
test_02774,0.8779843404
test_02775,0.9818092334
test_02776,0.9998221044
test_02777,0.9997340795
test_02778,0.0987610088
test_02779,0.0279718757
test_02780,0.9983861468
test_02781,0.9921287160
test_02782,0.8976795624
test_02783,0.0379541393
test_02784,0.9037278589
test_02785,0.9996667558
test_02786,0.0000110960
test_02787,0.0000134725
test_02788,0.9999266547
test_02789,0.0030062904
test_02790,0.0029863266
test_02791,0.0073524905
test_02792,0.0807709330
test_02793,0.0004908039
test_02794,0.0000231369
test_02795,0.9999392631
test_02796,0.9962822981
test_02797,0.1589095080
test_02798,0.9995597329
test_02799,0.7236032038
test_02800,0.0003095111
test_02801,0.0003943028
test_02802,0.0000491850
test_02803,0.0003068548
test_02804,0.0248434441
test_02805,0.3205368295
test_02806,0.9998836848
test_02807,0.0000961237
test_02808,0.4170413249
test_02809,0.1431946063
test_02810,0.0022938488
test_02811,0.0000129690
test_02812,0.5507393251
test_02813,0.9719443140
test_02814,0.9998923215
test_02815,0.3564526482
test_02816,0.9948761428
test_02817,0.0012791924
test_02818,0.0361580994
test_02819,0.9991215278
test_02820,0.0000113173
test_02821,0.9519328699
test_02822,0.9964023464
test_02823,0.9989110001
test_02824,0.0000272063
test_02825,0.9999832286
test_02826,0.9999963154
test_02827,0.9752607543
test_02828,0.9984041844
test_02829,0.9997475385
test_02830,0.9998980256
test_02831,0.9890514108
test_02832,0.3568103388
test_02833,0.0017551016
test_02834,0.9829007089
test_02835,0.0000626461
test_02836,0.9992212589
test_02837,0.9997563023
test_02838,0.0000357133
test_02839,0.9748185238
test_02840,0.9991100183
test_02841,0.9998271266
test_02842,0.9999861848
test_02843,0.0005106466
test_02844,0.0001503337
test_02845,0.0275891360
test_02846,0.9984759505
test_02847,0.9857885846
test_02848,0.0123603802
test_02849,0.0412943779
test_02850,0.0001898126
test_02851,0.9999522747
test_02852,0.0050967148
test_02853,0.0001893534
test_02854,0.0039791621
test_02855,0.9999733259
test_02856,0.0020246896
test_02857,0.9997355455
test_02858,0.9932559998
test_02859,0.9991327173
test_02860,0.4514603129
test_02861,0.9999442416
test_02862,0.0017897224
test_02863,0.0202542403
test_02864,0.8515971886
test_02865,0.9948721180
test_02866,0.9999947882
test_02867,0.9982802754
test_02868,0.0002199912
test_02869,0.9641478426
test_02870,0.5715003605
test_02871,0.9993637096
test_02872,0.2516992069
test_02873,0.9998748173
test_02874,0.9911871440
test_02875,0.9939981282
test_02876,0.9986899201
test_02877,0.0012816259
test_02878,0.0008475735
test_02879,0.0006190216
test_02880,0.9999982706
test_02881,0.0032681841
test_02882,0.0002604054
test_02883,0.9994577817
test_02884,0.6851456090
test_02885,0.9969941520
test_02886,0.0009575492
test_02887,0.0006232090
test_02888,0.0000144082
test_02889,0.1133712689
test_02890,0.0001066184
test_02891,0.0002008451
test_02892,0.0005508942
test_02893,0.0116403218
test_02894,0.0004357831
test_02895,0.0039368704
test_02896,0.9852294491
test_02897,0.0266088519
test_02898,0.9970040196
test_02899,0.9996968462
test_02900,0.9982564730
test_02901,0.9998801438
test_02902,0.0000075062
test_02903,0.0008278981
test_02904,0.0011905041
test_02905,0.9993601549
test_02906,0.9989934743
test_02907,0.9718325537
test_02908,0.2299657115
test_02909,0.0000572787
test_02910,0.0000495781
test_02911,0.0055074417
test_02912,0.9998397014
test_02913,0.0000958109
test_02914,0.9707957220
test_02915,0.9993974325
test_02916,0.9877568859
test_02917,0.0001262629
test_02918,0.0320484192
test_02919,0.1064061612
test_02920,0.0001757029
test_02921,0.6240104785
test_02922,0.9998948914
test_02923,0.0005594219
test_02924,0.0036705820
test_02925,0.1973482148
test_02926,0.9673208081
test_02927,0.9885365957
test_02928,0.9977241226
test_02929,0.0284461514
test_02930,0.9999645998
test_02931,0.9942164717
test_02932,0.9978133739
test_02933,0.0013455821
test_02934,0.3049531073
test_02935,0.6475153056
test_02936,0.9939810990
test_02937,0.0010757541
test_02938,0.0569318446
test_02939,0.9691158385
test_02940,0.0003581926
test_02941,0.9958170487
test_02942,0.0200089498
test_02943,0.9981592065
test_02944,0.0026178240
test_02945,0.9995883440
test_02946,0.0000444395
test_02947,0.5315378464
test_02948,0.0000420632
test_02949,0.3839483339
test_02950,0.0120509981
test_02951,0.0004098586
test_02952,0.9999406969
test_02953,0.9744897558
test_02954,0.9999309198
test_02955,0.0024595199
test_02956,0.0005079039
test_02957,0.0002552847
test_02958,0.9999102825
test_02959,0.0000658416
test_02960,0.5061818925
test_02961,0.3134431349
test_02962,0.9992275883
test_02963,0.0004817456
test_02964,0.9274751457
test_02965,0.0001721059
test_02966,0.0000216796
test_02967,0.0222240048
test_02968,0.9999774819
test_02969,0.9997093607
test_02970,0.1920680879
test_02971,0.9995562748
test_02972,0.9999994725
test_02973,0.0003421327
test_02974,0.0013871869
test_02975,0.0000134197
test_02976,0.5622658875
test_02977,0.7814416826
test_02978,0.9994944443
test_02979,0.9996074872
test_02980,0.0011208244
test_02981,0.9949367705
test_02982,0.9996916738
test_02983,0.9957086731
test_02984,0.9999001309
test_02985,0.0000104644
test_02986,0.3592181987
test_02987,0.0014485243
test_02988,0.0148212311
test_02989,0.9951849537
test_02990,0.9998823199
test_02991,0.9979373323
test_02992,0.0001500239
test_02993,0.0016967195
test_02994,0.8973211092
test_02995,0.0000103681
test_02996,0.0249535394
test_02997,0.0010654811
test_02998,0.0013445201
test_02999,0.9999167807
test_03000,0.9997817663
test_03001,0.9995269650
test_03002,0.9942869630
test_03003,0.9805087219
test_03004,0.0011033125
test_03005,0.0005308277
test_03006,0.9925238748
test_03007,0.0062508592
test_03008,0.3361434400
test_03009,0.0031276478
test_03010,0.9900858016
test_03011,0.9996111555
test_03012,0.0004390927
test_03013,0.9912347937
test_03014,0.9992841674
test_03015,0.0000148295
test_03016,0.0003472962
test_03017,0.8847149943
test_03018,0.0022503401
test_03019,0.0005385875
test_03020,0.9999365756
test_03021,0.0019395016
test_03022,0.9999106416
test_03023,0.0302209261
test_03024,0.9981786251
test_03025,0.4447217501
test_03026,0.0001011089
test_03027,0.0000731240
test_03028,0.0491908910
test_03029,0.0000963279
test_03030,0.0485563952
test_03031,0.1068983379
test_03032,0.0001561646
test_03033,0.9870104700
test_03034,0.0007311731
test_03035,0.0003318846
test_03036,0.0010505387
test_03037,0.0043030473
test_03038,0.0202524159
test_03039,0.0043553973
test_03040,0.9958481659
test_03041,0.9999422627
test_03042,0.9922858967
test_03043,0.9970069691
test_03044,0.9992554256
test_03045,0.9890352300
test_03046,0.6157454263
test_03047,0.9967043209
test_03048,0.0001238184
test_03049,0.9975724703
test_03050,0.0003878660
test_03051,0.0000115435
test_03052,0.0023964366
test_03053,0.0221138328
test_03054,0.0030450579
test_03055,0.9999441104
test_03056,0.9993217603
test_03057,0.0180386668
test_03058,0.0008178776
test_03059,0.9999486780
test_03060,0.9858461416
test_03061,0.9999122425
test_03062,0.9972906192
test_03063,0.0192960291
test_03064,0.9998735956
test_03065,0.0002702562
test_03066,0.9997564022
test_03067,0.6435604311
test_03068,0.3865172952
test_03069,0.9990670263
test_03070,0.5668031969
test_03071,0.9998995714
test_03072,0.1055401157
test_03073,0.0000546213
test_03074,0.9991315467
test_03075,0.9853119645
test_03076,0.0001532165
test_03077,0.3704232137
test_03078,0.0003449686
test_03079,0.1536358749
test_03080,0.0011344492
test_03081,0.5688359557
test_03082,0.9275326915
test_03083,0.9112539454
test_03084,0.0012515840
test_03085,0.5358491938
test_03086,0.0063291381
test_03087,0.6828803123
test_03088,0.9988382252
test_03089,0.0001885952
test_03090,0.9992091803
test_03091,0.9968996478
test_03092,0.0000874307
test_03093,0.9453600993
test_03094,0.9993066708
test_03095,0.8914032203
test_03096,0.9995759693
test_03097,0.0004887801
test_03098,0.0001690487
test_03099,0.9839211422
test_03100,0.7260078354
test_03101,0.3053095173
test_03102,0.9614056109
test_03103,0.0348860274
test_03104,0.3917191837
test_03105,0.3775798856
test_03106,0.0002877764
test_03107,0.0002488034
test_03108,0.0002743255
test_03109,0.0028697607
test_03110,0.0009305942
test_03111,0.0000925368
test_03112,0.0002569062
test_03113,0.0004452466
test_03114,0.0004151725
test_03115,0.0017444512
test_03116,0.9999007370
test_03117,0.0001996745
test_03118,0.0007590977
test_03119,0.9997231953
test_03120,0.0028321828
test_03121,0.0000316370
test_03122,0.4146069021
test_03123,0.9914963056
test_03124,0.9998692407
test_03125,0.3348882567
test_03126,0.9991820292
test_03127,0.6937205959
test_03128,0.0009286943
test_03129,0.1125551204
test_03130,0.9999727449
test_03131,0.5166793458
test_03132,0.9997461910
test_03133,0.0000459299
test_03134,0.6796142296
test_03135,0.9997773537
test_03136,0.0009785634
test_03137,0.8410384714
test_03138,0.0002007113
test_03139,0.0010816576
test_03140,0.0003422795
test_03141,0.9996692104
test_03142,0.9976021819
test_03143,0.3797230513
test_03144,0.9997031446
test_03145,0.9997166165
test_03146,0.0067514742
test_03147,0.0021256082
test_03148,0.0010379490
test_03149,0.9689479280
test_03150,0.9958403249
test_03151,0.0010182626
test_03152,0.4428696916
test_03153,0.0003039139
test_03154,0.9342764205
test_03155,0.0001932455
test_03156,0.9992375574
test_03157,0.0001478589
test_03158,0.9949233993
test_03159,0.9987318870
test_03160,0.1956195459
test_03161,0.0000060840
test_03162,0.9997555587
test_03163,0.0013438210
test_03164,0.9999483834
test_03165,0.0056245967
test_03166,0.0023928613
test_03167,0.0110793078
test_03168,0.0000332557
test_03169,0.0014043874
test_03170,0.0000679411
test_03171,0.9695970910
test_03172,0.9573189869
test_03173,0.9971564920
test_03174,0.2054418870
test_03175,0.6399715374
test_03176,0.9999920602
test_03177,0.4810918787
test_03178,0.9999735254
test_03179,0.0066146986
test_03180,0.9995105066
test_03181,0.9995415404
test_03182,0.0000035087
test_03183,0.9983473266
test_03184,0.9998733403
test_03185,0.9900989195
test_03186,0.0001622895
test_03187,0.8071024808
test_03188,0.0366517740
test_03189,0.9980489798
test_03190,0.0022630193
test_03191,0.0001534497
test_03192,0.9988278230
test_03193,0.1327945680
test_03194,0.9998933244
test_03195,0.3072167531
test_03196,0.9997259630
test_03197,0.0196415418
test_03198,0.0000620828
test_03199,0.3970532251
test_03200,0.0075819539
test_03201,0.2442497050
test_03202,0.3191961467
test_03203,0.0021274101
test_03204,0.9997516980
test_03205,0.4979096308
test_03206,0.0002685857
test_03207,0.9976811982
test_03208,0.0170977276
test_03209,0.0035307562
test_03210,0.6039166747
test_03211,0.0000192124
test_03212,0.7318017775
test_03213,0.9998072704
test_03214,0.0007373982
test_03215,0.9999141677
test_03216,0.0150145425
test_03217,0.0003941446
test_03218,0.0005279104
test_03219,0.9999531671
test_03220,0.9557571835
test_03221,0.9812868342
test_03222,0.0065982477
test_03223,0.0005616765
test_03224,0.9818050466
test_03225,0.9999277179
test_03226,0.0000125540
test_03227,0.9968124586
test_03228,0.9972699673
test_03229,0.0000597657
test_03230,0.8317929884
test_03231,0.9998145021
test_03232,0.9953873556
test_03233,0.0000124283
test_03234,0.0383860419
test_03235,0.3912765481
test_03236,0.0000715335
test_03237,0.8210340242
test_03238,0.1422804897
test_03239,0.0000382752
test_03240,0.0742559483
test_03241,0.5677894250
test_03242,0.0000891188
test_03243,0.0000194410
test_03244,0.6940164912
test_03245,0.5684472316
test_03246,0.9967973507
test_03247,0.9974322807
test_03248,0.0015513000
test_03249,0.9998043281
test_03250,0.0006355449
test_03251,0.0000060715
test_03252,0.9999731537
test_03253,0.9990786859
test_03254,0.0118885672
test_03255,0.0011850843
test_03256,0.9965679621
test_03257,0.9999673009
test_03258,0.4396479857
test_03259,0.7129681072
test_03260,0.0000859071
test_03261,0.0000217215
test_03262,0.9995389823
test_03263,0.2982585500
test_03264,0.0020796587
test_03265,0.0000246603
test_03266,0.9973487817
test_03267,0.9998479827
test_03268,0.5226966685
test_03269,0.9999156366
test_03270,0.0000410671
test_03271,0.0782409048
test_03272,0.9997652788
test_03273,0.0000316599
test_03274,0.0000368240
test_03275,0.0003053001
test_03276,0.2556737051
test_03277,0.0024799551
test_03278,0.9990541564
test_03279,0.8571853070
test_03280,0.9942133213
test_03281,0.9999668018
test_03282,0.0322490585
test_03283,0.0016691258
test_03284,0.0008336177
test_03285,0.9998568611
test_03286,0.9946293236
test_03287,0.9998057812
test_03288,0.2752342733
test_03289,0.9999683428
test_03290,0.4992438820
test_03291,0.0017113057
test_03292,0.3425915616
test_03293,0.9999396687
test_03294,0.9995621509
test_03295,0.0002134093
test_03296,0.0002087968
test_03297,0.9998996090
test_03298,0.0030092162
test_03299,0.9996241670
test_03300,0.9977826260
test_03301,0.3228764345
test_03302,0.8456872282
test_03303,0.0000419233
test_03304,0.0015249686
test_03305,0.9794585750
test_03306,0.9996423051
test_03307,0.5314492308
test_03308,0.9901126766
test_03309,0.0000624092
test_03310,0.9999024762
test_03311,0.0016626736
test_03312,0.9988987481
test_03313,0.0000250175
test_03314,0.0001103204
test_03315,0.5694284044
test_03316,0.9997735526
test_03317,0.9839206981
test_03318,0.8705102680
test_03319,0.0002543351
test_03320,0.9999266658
test_03321,0.9976312428
test_03322,0.9615779148
test_03323,0.9866178905
test_03324,0.0026513351
test_03325,0.0717935705
test_03326,0.0450459679
test_03327,0.9579876563
test_03328,0.5088383004
test_03329,0.0022601317
test_03330,0.9988955842
test_03331,0.0000320176
test_03332,0.9951075408
test_03333,0.0188892999
test_03334,0.9996817763
test_03335,0.9915113264
test_03336,0.0000347425
test_03337,0.0013117406
test_03338,0.0398704438
test_03339,0.9987955877
test_03340,0.9973822883
test_03341,0.0004907980
test_03342,0.0714443717
test_03343,0.0529153134
test_03344,0.9649032910
test_03345,0.0004334307
test_03346,0.1149169752
test_03347,0.0506012622
test_03348,0.0001981151
test_03349,0.9993742552
test_03350,0.9982779160
test_03351,0.0598160563
test_03352,0.9998211635
test_03353,0.1642637102
test_03354,0.0000697765
test_03355,0.8752270788
test_03356,0.0137106135
test_03357,0.9032500595
test_03358,0.0002105578
test_03359,0.9995674340
test_03360,0.2866700400
test_03361,0.0043496342
test_03362,0.9995180687
test_03363,0.9832172376
test_03364,0.9585879722
test_03365,0.9877002893
test_03366,0.8212433247
test_03367,0.9962882156
test_03368,0.4846611770
test_03369,0.0006754386
test_03370,0.8609703083
test_03371,0.9996820866
test_03372,0.0403470704
test_03373,0.6560211739
test_03374,0.3309722243
test_03375,0.0006575606
test_03376,0.9990167983
test_03377,0.0025946180
test_03378,0.0015408269
test_03379,0.9859168012
test_03380,0.9999663623
test_03381,0.9963038692
test_03382,0.9992246474
test_03383,0.0007525479
test_03384,0.9984933022
test_03385,0.9994947951
test_03386,0.9213899258
test_03387,0.9999970890
test_03388,0.0548043202
test_03389,0.9981712442
test_03390,0.9994936728
test_03391,0.9969603879
test_03392,0.3113950309
test_03393,0.0013497285
test_03394,0.0038518908
test_03395,0.7812958641
test_03396,0.0002347386
test_03397,0.0000549037
test_03398,0.9998231827
test_03399,0.9998746476
test_03400,0.0001377573
test_03401,0.1897272494
test_03402,0.7415299057
test_03403,0.0000282307
test_03404,0.0005950781
test_03405,0.9988997112
test_03406,0.0004377536
test_03407,0.0000200362
test_03408,0.0110107056
test_03409,0.0009598951
test_03410,0.0032707944
test_03411,0.9956889515
test_03412,0.9997625531
test_03413,0.0007587492
test_03414,0.0001844726
test_03415,0.9856495450
test_03416,0.0025892572
test_03417,0.0000727061
test_03418,0.0073893604
test_03419,0.0014048467
test_03420,0.9894114894
test_03421,0.0442508229
test_03422,0.9943509128
test_03423,0.0007870811
test_03424,0.0001110076
test_03425,0.0001869403
test_03426,0.9303508567
test_03427,0.9990022093
test_03428,0.0081409635
test_03429,0.6100033809
test_03430,0.9999388453
test_03431,0.9993413127
test_03432,0.3914865839
test_03433,0.9992255269
test_03434,0.0836707946
test_03435,0.9887543804
test_03436,0.1299019184
test_03437,0.1942039945
test_03438,0.0000198313
test_03439,0.9960030806
test_03440,0.7127901577
test_03441,0.8868336132
test_03442,0.9952941782
test_03443,0.9971082540
test_03444,0.0256477736
test_03445,0.0013978030
test_03446,0.8127621572
test_03447,0.9999695776
test_03448,0.9966992605
test_03449,0.9999201072
test_03450,0.2469510244
test_03451,0.1949356093
test_03452,0.0001858256
test_03453,0.0015420376
test_03454,0.0000535056
test_03455,0.0000674029
test_03456,0.0001738076
test_03457,0.0075640484
test_03458,0.9998519661
test_03459,0.0000009954
test_03460,0.0363056968
test_03461,0.4561455009
test_03462,0.9995653126
test_03463,0.0002447153
test_03464,0.9991972119
test_03465,0.3061193397
test_03466,0.1645897915
test_03467,0.9914082523
test_03468,0.0000128373
test_03469,0.0054957957
test_03470,0.0000497125
test_03471,0.6618041554
test_03472,0.9999382563
test_03473,0.9992281340
test_03474,0.9998495478
test_03475,0.0816232061
test_03476,0.0057493404
test_03477,0.0076722339
test_03478,0.1931653680
test_03479,0.0015404240
test_03480,0.9987532152
test_03481,0.9993256689
test_03482,0.9998923467
test_03483,0.4255041692
test_03484,0.6535573488
test_03485,0.0858684709
test_03486,0.9995911679
test_03487,0.9999927945
test_03488,0.4895356643
test_03489,0.0028052103
test_03490,0.8376438182
test_03491,0.9302046174
test_03492,0.9990123702
test_03493,0.9999472810
test_03494,0.0065724952
test_03495,0.0500244398
test_03496,0.0013263976
test_03497,0.9981591458
test_03498,0.9999920588
test_03499,0.9998750440
test_03500,0.8211786980
test_03501,0.0003206339
test_03502,0.0025364603
test_03503,0.0013649004
test_03504,0.0056673751
test_03505,0.0000081900
test_03506,0.3546796424
test_03507,0.0001356557
test_03508,0.0615208474
test_03509,0.0002623313
test_03510,0.9956477254
test_03511,0.0000531749
test_03512,0.9794420388
test_03513,0.0006687517
test_03514,0.9999702300
test_03515,0.9919641476
test_03516,0.0011761108
test_03517,0.9992930075
test_03518,0.0364304105
test_03519,0.9993039910
test_03520,0.9999340761
test_03521,0.9902215464
test_03522,0.9883292124
test_03523,0.9999946183
test_03524,0.0004901605
test_03525,0.9998505131
test_03526,0.9997901737
test_03527,0.9836669373
test_03528,0.0080218484
test_03529,0.0044061307
test_03530,0.0012014913
test_03531,0.0001047975
test_03532,0.9998503705
test_03533,0.0000061403
test_03534,0.9528287238
test_03535,0.0001839512
test_03536,0.9978195380
test_03537,0.0693211839
test_03538,0.0006327068
test_03539,0.0316319869
test_03540,0.9911349511
test_03541,0.0253530910
test_03542,0.3171733252
test_03543,0.9989439029
test_03544,0.0007980975
test_03545,0.0000628871
test_03546,0.9854561871
test_03547,0.9999138006
test_03548,0.9998385502
test_03549,0.0001355815
test_03550,0.9999473018
test_03551,0.9994880583
test_03552,0.6609040747
test_03553,0.9369206754
test_03554,0.9382934692
test_03555,0.0002900320
test_03556,0.0045349832
test_03557,0.9961192250
test_03558,0.9057390985
test_03559,0.0000134011
test_03560,0.9959638510
test_03561,0.9998451686
test_03562,0.9995654164
test_03563,0.9241158755
test_03564,0.8538006103
test_03565,0.9920809399
test_03566,0.0001695823
test_03567,0.4662721365
test_03568,0.0006925939
test_03569,0.0038271853
test_03570,0.9990324195
test_03571,0.0009352495
test_03572,0.9641819356
test_03573,0.8386438023
test_03574,0.9880439627
test_03575,0.9999518750
test_03576,0.9994856778
test_03577,0.0003807943
test_03578,0.0000926585
test_03579,0.0000081335
test_03580,0.9926684240
test_03581,0.0001136119
test_03582,0.9850536882
test_03583,0.9999798459
test_03584,0.0000388337
test_03585,0.9997907795
test_03586,0.0001352260
test_03587,0.4605719112
test_03588,0.0002949447
test_03589,0.9491584283
test_03590,0.0019132194
test_03591,0.1078938261
test_03592,0.9995500093
test_03593,0.9999625964
test_03594,0.0000802726
test_03595,0.9999513109
test_03596,0.9978782299
test_03597,0.1958795441
test_03598,0.5543211986
test_03599,0.9999805862
test_03600,0.0391879177
test_03601,0.9999434590
test_03602,0.0000099310
test_03603,0.9995392908
test_03604,0.9990696295
test_03605,0.9989570613
test_03606,0.0003442606
test_03607,0.0001585887
test_03608,0.9916351713
test_03609,0.0006029448
test_03610,0.0323057671
test_03611,0.8459095438
test_03612,0.9998042981
test_03613,0.9992134489
test_03614,0.0002792567
test_03615,0.9974087162
test_03616,0.0021099845
test_03617,0.0000311112
test_03618,0.9997887430
test_03619,0.0034824554
test_03620,0.0017567560
test_03621,0.0001796607
test_03622,0.0000756047
test_03623,0.0010232654
test_03624,0.0305828616
test_03625,0.9998617834
test_03626,0.1702071654
test_03627,0.0011833404
test_03628,0.0005594137
test_03629,0.9996016256
test_03630,0.1160783323
test_03631,0.0015806982
test_03632,0.9998415467
test_03633,0.1024082867
test_03634,0.0004577800
test_03635,0.9991689408
test_03636,0.0230829308
test_03637,0.0000671753
test_03638,0.9200875613
test_03639,0.0007203331
test_03640,0.0006416594
test_03641,0.9891422031
test_03642,0.4727122404
test_03643,0.9997124346
test_03644,0.0007092420
test_03645,0.9997431069
test_03646,0.9992483217
test_03647,0.3139794531
test_03648,0.6655213254
test_03649,0.9996372346
test_03650,0.9994141231
test_03651,0.0009434571
test_03652,0.0000343019
test_03653,0.9728905265
test_03654,0.9994467661
test_03655,0.9999091972
test_03656,0.9982512924
test_03657,0.0009270463
test_03658,0.9862750528
test_03659,0.9998369685
test_03660,0.9956061585
test_03661,0.0002845906
test_03662,0.9993165459
test_03663,0.9869023833
test_03664,0.9977375672
test_03665,0.9991760191
test_03666,0.1505737412
test_03667,0.0016316568
test_03668,0.9985360151
test_03669,0.9999409174
test_03670,0.0157856833
test_03671,0.0000292516
test_03672,0.9958385638
test_03673,0.9998818360
test_03674,0.1342998880
test_03675,0.9986775635
test_03676,0.9824091281
test_03677,0.9979012191
test_03678,0.9955009032
test_03679,0.0000451488
test_03680,0.9988016375
test_03681,0.4571495413
test_03682,0.9872754320
test_03683,0.9999196303
test_03684,0.9999597738
test_03685,0.9997342419
test_03686,0.9979134463
test_03687,0.2173964319
test_03688,0.9930207098
test_03689,0.0036089533
test_03690,0.9942264852
test_03691,0.9998672610
test_03692,0.0023926893
test_03693,0.9997652387
test_03694,0.9994605696
test_03695,0.0006368712
test_03696,0.0009277944
test_03697,0.3040352221
test_03698,0.9964228753
test_03699,0.9998209011
test_03700,0.9988631050
test_03701,0.0062535403
test_03702,0.9999522103
test_03703,0.9998398714
test_03704,0.0001794484
test_03705,0.0001929209
test_03706,0.0000725695
test_03707,0.9999879701
test_03708,0.0124370140
test_03709,0.9999850426
test_03710,0.8851070907
test_03711,0.0459032319
test_03712,0.9990101946
test_03713,0.0000438426
test_03714,0.0094510251
test_03715,0.9387556197
test_03716,0.9998109928
test_03717,0.0000223732
test_03718,0.0012209277
test_03719,0.9998012828
test_03720,0.0005929661
test_03721,0.0003212224
test_03722,0.0025221632
test_03723,0.0020625968
test_03724,0.9987800683
test_03725,0.0006079612
test_03726,0.9980554876
test_03727,0.0000692249
test_03728,0.0100131752
test_03729,0.0003800866
test_03730,0.9955758423
test_03731,0.6806955511
test_03732,0.9915027733
test_03733,0.9886018800
test_03734,0.5444649000
test_03735,0.0264569165
test_03736,0.0000386194
test_03737,0.9999518226
test_03738,0.4565993803
test_03739,0.9997874409
test_03740,0.0000707570
test_03741,0.0460032869
test_03742,0.2893209832
test_03743,0.9998506191
test_03744,0.9929482799
test_03745,0.9999074457
test_03746,0.0007630232
test_03747,0.1007244312
test_03748,0.0000090418
test_03749,0.7647589292
test_03750,0.9999789500
test_03751,0.9965337126
test_03752,0.7541985910
test_03753,0.5084386270
test_03754,0.9997191506
test_03755,0.9998343431
test_03756,0.9990334943
test_03757,0.0001474991
test_03758,0.9997451724
test_03759,0.0001190431
test_03760,0.1351025520
test_03761,0.0966404310
test_03762,0.9996419761
test_03763,0.0727908182
test_03764,0.9994185465
test_03765,0.0106772548
test_03766,0.9995124006
test_03767,0.7913277558
test_03768,0.0230844455
test_03769,0.0056973149
test_03770,0.9986639417
test_03771,0.9623246770
test_03772,0.9999117401
test_03773,0.0041280269
test_03774,0.0207288866
test_03775,0.9999292186
test_03776,0.0001825582
test_03777,0.0007800272
test_03778,0.9994360836
test_03779,0.0126495147
test_03780,0.0000269834
test_03781,0.4311371268
test_03782,0.0467893014
test_03783,0.0001060779
test_03784,0.0002222403
test_03785,0.9998246461
test_03786,0.2044245227
test_03787,0.0004545847
test_03788,0.0000666843
test_03789,0.0066785501
test_03790,0.3433250589
test_03791,0.4206212948
test_03792,0.9997698154
test_03793,0.0000661156
test_03794,0.9647799227
test_03795,0.9999404960
test_03796,0.9694968766
test_03797,0.0001187436
test_03798,0.9993076637
test_03799,0.0000871994
test_03800,0.9998615325
test_03801,0.0000084800
test_03802,0.1163863282
test_03803,0.2816737909
test_03804,0.0010508159
test_03805,0.5901897797
test_03806,0.0007215315
test_03807,0.0987916335
test_03808,0.9984620710
test_03809,0.4010685605
test_03810,0.0000208808
test_03811,0.0057645322
test_03812,0.0005711910
test_03813,0.9997470827
test_03814,0.0004160603
test_03815,0.7659239311
test_03816,0.0008185055
test_03817,0.8996825071
test_03818,0.0001134417
test_03819,0.4149504456
test_03820,0.9992155633
test_03821,0.9991314163
test_03822,0.9973122229
test_03823,0.0004136942
test_03824,0.9956622412
test_03825,0.9346956551
test_03826,0.9998524124
test_03827,0.5982487831
test_03828,0.9817121765
test_03829,0.0023330195
test_03830,0.3412739345
test_03831,0.0000563512
test_03832,0.0000453827
test_03833,0.0003465242
test_03834,0.9996748647
test_03835,0.7694515479
test_03836,0.0007328644
test_03837,0.0008763098
test_03838,0.0000659888
test_03839,0.1175866887
test_03840,0.9998635319
test_03841,0.9998973226
test_03842,0.0000712055
test_03843,0.9578303580
test_03844,0.0077740962
test_03845,0.9994194242
test_03846,0.9996605945
test_03847,0.0000155305
test_03848,0.9980869202
test_03849,0.9958561491
test_03850,0.0871038602
test_03851,0.0003447474
test_03852,0.0228041256
test_03853,0.9999748934
test_03854,0.9999022607
test_03855,0.0001549889
test_03856,0.0418446574
test_03857,0.0002433790
test_03858,0.0003331194
test_03859,0.0004251690
test_03860,0.0000382590
test_03861,0.0027087886
test_03862,0.9999488165
test_03863,0.9821249786
test_03864,0.9994634206
test_03865,0.0424144641
test_03866,0.9999318028
test_03867,0.0003977289
test_03868,0.0003541828
test_03869,0.9969583936
test_03870,0.1684103846
test_03871,0.0000305976
test_03872,0.0002017715
test_03873,0.0012355256
test_03874,0.0151673564
test_03875,0.0007321305
test_03876,0.9999742950
test_03877,0.2713826670
test_03878,0.9982911127
test_03879,0.9997747934
test_03880,0.9993389195
test_03881,0.0001402784
test_03882,0.9990474919
test_03883,0.0002717390
test_03884,0.9996393917
test_03885,0.0188369124
test_03886,0.0001669007
test_03887,0.0515088909
test_03888,0.9996756655
test_03889,0.0000419132
test_03890,0.5100578403
test_03891,0.0005022697
test_03892,0.0017366382
test_03893,0.0011999836
test_03894,0.0276955853
test_03895,0.1809241079
test_03896,0.9889422332
test_03897,0.9997946032
test_03898,0.0000965519
test_03899,0.9954128945
test_03900,0.0652795372
test_03901,0.0002353314
test_03902,0.0001439631
test_03903,0.9996935202
test_03904,0.0021922236
test_03905,0.9963116269
test_03906,0.0050402948
test_03907,0.9999314779
test_03908,0.9947629565
test_03909,0.9680914635
test_03910,0.0005230025
test_03911,0.9709462381
test_03912,0.9998807096
test_03913,0.0010818460
test_03914,0.4006285168
test_03915,0.0223585764
test_03916,0.8268934194
test_03917,0.9994319240
test_03918,0.9693470934
test_03919,0.9534791694
test_03920,0.9882264077
test_03921,0.0008673074
test_03922,0.0001533628
test_03923,0.9997280842
test_03924,0.4752331228
test_03925,0.0003579805
test_03926,0.9856697725
test_03927,0.0022551594
test_03928,0.0000413680
test_03929,0.9988951084
test_03930,0.9935800544
test_03931,0.9998996558
test_03932,0.0080508974
test_03933,0.0000610157
test_03934,0.9957312737
test_03935,0.0411994327
test_03936,0.5846606897
test_03937,0.0006024763
test_03938,0.4736657991
test_03939,0.0005415825
test_03940,0.0027909684
test_03941,0.3188653862
test_03942,0.0400589625
test_03943,0.0004805536
test_03944,0.9864407582
test_03945,0.9999782978
test_03946,0.2432584531
test_03947,0.9898566474
test_03948,0.9997924092
test_03949,0.9934075422
test_03950,0.9761093170
test_03951,0.0008300375
test_03952,0.6377791764
test_03953,0.9916397122
test_03954,0.9999486825
test_03955,0.0000438787
test_03956,0.0000436065
test_03957,0.9356552247
test_03958,0.9997082466
test_03959,0.0533574761
test_03960,0.0248933128
test_03961,0.9997670820
test_03962,0.9688306387
test_03963,0.0088041872
test_03964,0.7121380963
test_03965,0.0000499582
test_03966,0.0000335030
test_03967,0.0000197742
test_03968,0.9994105547
test_03969,0.9996010332
test_03970,0.9998903875
test_03971,0.0003635857
test_03972,0.0004602758
test_03973,0.9997004202
test_03974,0.0124890484
test_03975,0.9985193078
test_03976,0.9996528555
test_03977,0.9999833695
test_03978,0.3573888030
test_03979,0.9982941072
test_03980,0.9092113254
test_03981,0.9872754238
test_03982,0.9785574774
test_03983,0.9992080156
test_03984,0.6257138069
test_03985,0.0280725864
test_03986,0.0000178029
test_03987,0.1592339720
test_03988,0.9999431496
test_03989,0.0019779768
test_03990,0.0000019421
test_03991,0.0004307470
test_03992,0.9888641284
test_03993,0.1336219453
test_03994,0.0018554782
test_03995,0.0125352436
test_03996,0.9995440101
test_03997,0.9576980576
test_03998,0.9996178666
test_03999,0.9996867592
test_04000,0.9902231008
test_04001,0.1224593700
test_04002,0.9996069616
test_04003,0.6887040973
test_04004,0.5012614982
test_04005,0.0036140537
test_04006,0.0277196398
test_04007,0.0001042095
test_04008,0.5198910876
test_04009,0.0012015404
test_04010,0.0002007735
test_04011,0.0009881984
test_04012,0.0002507630
test_04013,0.0000643488
test_04014,0.9918723718
test_04015,0.9894111090
test_04016,0.3891719087
test_04017,0.0341671538
test_04018,0.9995089056
test_04019,0.9925475477
test_04020,0.9999030368
test_04021,0.0003121570
test_04022,0.0024361712
test_04023,0.3913532856
test_04024,0.0003833875
test_04025,0.0001515706
test_04026,0.9998535837
test_04027,0.0010243079
test_04028,0.0018712043
test_04029,0.5611129557
test_04030,0.9977017033
test_04031,0.0000350971
test_04032,0.0343583135
test_04033,0.9995936836
test_04034,0.9999693429
test_04035,0.7679167407
test_04036,0.9730072622
test_04037,0.9999364202
test_04038,0.0002501070
test_04039,0.0044853122
test_04040,0.9988838653
test_04041,0.9968751219
test_04042,0.9992800516
test_04043,0.0061210771
test_04044,0.0001085466
test_04045,0.0002815099
test_04046,0.1314355509
test_04047,0.9997496667
test_04048,0.9935420636
test_04049,0.9982517307
test_04050,0.0006545331
test_04051,0.9997896017
test_04052,0.9982052884
test_04053,0.8376899325
test_04054,0.0018662537
test_04055,0.9998997171
test_04056,0.9997964149
test_04057,0.9986163332
test_04058,0.8716887485
test_04059,0.9451184136
test_04060,0.9997200422
test_04061,0.5692663600
test_04062,0.0018151961
test_04063,0.0005291161
test_04064,0.9994402228
test_04065,0.9276034527
test_04066,0.9994720087
test_04067,0.0408043339
test_04068,0.0003753594
test_04069,0.0000258824
test_04070,0.0015396744
test_04071,0.8511060567
test_04072,0.0189003865
test_04073,0.0457215301
test_04074,0.0135996538
test_04075,0.9971334616
test_04076,0.9782983966
test_04077,0.9928950389
test_04078,0.9998161528
test_04079,0.0006687658
test_04080,0.0011676161
test_04081,0.9998079563
test_04082,0.0001150377
test_04083,0.0300343622
test_04084,0.9892163442
test_04085,0.0000791519
test_04086,0.5128248500
test_04087,0.9806640346
test_04088,0.9997089115
test_04089,0.0014950475
test_04090,0.9991052160
test_04091,0.9997438239
test_04092,0.9998850782
test_04093,0.9998771945
test_04094,0.0000671451
test_04095,0.0474491805
test_04096,0.0033920843
test_04097,0.9064208184
test_04098,0.0000147983
test_04099,0.9999323160
test_04100,0.9999269953
test_04101,0.0000006539
test_04102,0.0000101594
test_04103,0.0003270760
test_04104,0.9974251243
test_04105,0.0009036456
test_04106,0.0000064031
test_04107,0.0017363763
test_04108,0.9970395753
test_04109,0.9997523565
test_04110,0.6368955438
test_04111,0.9959155028
test_04112,0.4919651658
test_04113,0.9747170234
test_04114,0.9997968657
test_04115,0.4561975463
test_04116,0.9999692978
test_04117,0.9998114420
test_04118,0.0007733283
test_04119,0.0012634964
test_04120,0.9982358248
test_04121,0.5231623130
test_04122,0.0006180296
test_04123,0.9999882281
test_04124,0.3825487703
test_04125,0.0017646879
test_04126,0.0003478599
test_04127,0.0000485306
test_04128,0.8493487632
test_04129,0.9932189433
test_04130,0.0001357980
test_04131,0.0000481369
test_04132,0.3768011355
test_04133,0.0011866941
test_04134,0.9999114258
test_04135,0.9998486811
test_04136,0.6600137469
test_04137,0.0070163993
test_04138,0.4658794359
test_04139,0.9923761164
test_04140,0.9998738769
test_04141,0.3056267686
test_04142,0.9949289752
test_04143,0.5401398114
test_04144,0.9822144000
test_04145,0.9996110389
test_04146,0.0019216477
test_04147,0.0373347599
test_04148,0.9936354168
test_04149,0.9744939474
test_04150,0.0003587087
test_04151,0.8479067176
test_04152,0.0109932864
test_04153,0.6137548295
test_04154,0.0008160097
test_04155,0.0008331201
test_04156,0.7896099636
test_04157,0.9999548722
test_04158,0.9945408043
test_04159,0.0011820806
test_04160,0.9999583019
test_04161,0.0002120624
test_04162,0.9850352058
test_04163,0.1703601058
test_04164,0.9179390973
test_04165,0.9999842146
test_04166,0.0000446221
test_04167,0.0004612721
test_04168,0.0002646049
test_04169,0.9990491990
test_04170,0.9722651218
test_04171,0.6752223008
test_04172,0.0081856127
test_04173,0.9997642816
test_04174,0.0005136552
test_04175,0.9999341459
test_04176,0.7128212980
test_04177,0.0000226707
test_04178,0.9489954851
test_04179,0.0041601810
test_04180,0.0000751200
test_04181,0.9998275716
test_04182,0.8443382596
test_04183,0.1403658638
test_04184,0.9761041352
test_04185,0.5554823581
test_04186,0.7010176227
test_04187,0.9930164064
test_04188,0.0313722028
test_04189,0.0005423506
test_04190,0.9998285180
test_04191,0.9999727864
test_04192,0.1231452227
test_04193,0.0029758511
test_04194,0.0195090748
test_04195,0.0000634348
test_04196,0.9843212457
test_04197,0.0004221466
test_04198,0.9997648132
test_04199,0.0012756201
test_04200,0.0388204355
test_04201,0.5615538181
test_04202,0.9825034969
test_04203,0.9992895758
test_04204,0.1983463754
test_04205,0.0000941141
test_04206,0.0005126555
test_04207,0.9972573216
test_04208,0.0000330701
test_04209,0.0094302372
test_04210,0.9999405630
test_04211,0.9526524041
test_04212,0.9988296165
test_04213,0.1217992271
test_04214,0.9999131415
test_04215,0.0020509932
test_04216,0.0036172111
test_04217,0.9999841023
test_04218,0.0036252386
test_04219,0.9977706023
test_04220,0.0036217808
test_04221,0.5641603207
test_04222,0.9999609626
test_04223,0.9998801557
test_04224,0.9985772468
test_04225,0.0088845380
test_04226,0.9995735151
test_04227,0.9945658375
test_04228,0.9997827060
test_04229,0.5142429213
test_04230,0.0113842996
test_04231,0.3708858534
test_04232,0.9977080694
test_04233,0.9934266976
test_04234,0.9994277096
test_04235,0.9998141524
test_04236,0.0001055796
test_04237,0.3882086054
test_04238,0.0016215341
test_04239,0.9783867408
test_04240,0.6733682957
test_04241,0.9999469654
test_04242,0.9989328605
test_04243,0.3953212840
test_04244,0.9996342828
test_04245,0.9999658758
test_04246,0.9999150604
test_04247,0.9985089180
test_04248,0.9980093229
test_04249,0.9996814759
test_04250,0.9965404554
test_04251,0.9991013648
test_04252,0.0053147004
test_04253,0.0026428506
test_04254,0.0002206981
test_04255,0.6816352253
test_04256,0.9997173847
test_04257,0.0000861948
test_04258,0.0001427516
test_04259,0.9931991223
test_04260,0.5596917284
test_04261,0.9998434425
test_04262,0.2950104141
test_04263,0.5142788556
test_04264,0.9999278514
test_04265,0.9994128637
test_04266,0.2307313893
test_04267,0.0022852650
test_04268,0.9986966882
test_04269,0.9981614508
test_04270,0.0089182755
test_04271,0.0012237444
test_04272,0.0000733488
test_04273,0.8915109016
test_04274,0.0112689661
test_04275,0.0008195618
test_04276,0.9969015271
test_04277,0.0002184104
test_04278,0.8499843660
test_04279,0.0005386243
test_04280,0.0009309661
test_04281,0.9995340057
test_04282,0.9709661374
test_04283,0.0002094453
test_04284,0.0008960832
test_04285,0.9871854304
test_04286,0.0000341450
test_04287,0.9999504806
test_04288,0.0153995878
test_04289,0.9999871220
test_04290,0.3841470929
test_04291,0.0001960271
test_04292,0.2300410498
test_04293,0.9993951778
test_04294,0.8894572016
test_04295,0.0000579934
test_04296,0.8808297476
test_04297,0.8882817137
test_04298,0.9675481512
test_04299,0.0000409434
test_04300,0.0003125929
test_04301,0.9156079088
test_04302,0.0048331576
test_04303,0.9846546184
test_04304,0.9998053023
test_04305,0.9443830274
test_04306,0.0000502446
test_04307,0.9966449715
test_04308,0.0031858890
test_04309,0.9500248849
test_04310,0.9998038680
test_04311,0.9997448769
test_04312,0.9960592901
test_04313,0.0004297769
test_04314,0.9979642656
test_04315,0.9998767150
test_04316,0.0053781667
test_04317,0.0003684564
test_04318,0.0030892199
test_04319,0.0000722991
test_04320,0.0006129405
test_04321,0.9987663405
test_04322,0.7429193858
test_04323,0.0000674217
test_04324,0.9966854193
test_04325,0.9975226876
test_04326,0.6211329704
test_04327,0.0285793373
test_04328,0.0009736377
test_04329,0.9993531108
test_04330,0.9999927457
test_04331,0.9997841400
test_04332,0.0000795031
test_04333,0.0006901123
test_04334,0.9999012515
test_04335,0.0124450726
test_04336,0.0003193187
test_04337,0.9994960133
test_04338,0.9999696781
test_04339,0.9997533970
test_04340,0.0006940366
test_04341,0.9875372778
test_04342,0.1298014172
test_04343,0.9528585619
test_04344,0.3993477304
test_04345,0.9993485950
test_04346,0.0006661223
test_04347,0.0297962476
test_04348,0.9782770179
test_04349,0.4577214857
test_04350,0.9957509066
test_04351,0.0071400322
test_04352,0.0071059185
test_04353,0.9889608607
test_04354,0.0002934247
test_04355,0.9967328435
test_04356,0.0002833089
test_04357,0.5248245823
test_04358,0.0000863112
test_04359,0.0039757350
test_04360,0.9902649678
test_04361,0.4058534871
test_04362,0.0008868739
test_04363,0.9953338766
test_04364,0.9956731737
test_04365,0.0019047241
test_04366,0.0001412507
test_04367,0.0001917910
test_04368,0.0027765302
test_04369,0.6593378987
test_04370,0.0012670800
test_04371,0.9993876338
test_04372,0.8817049102
test_04373,0.0091267423
test_04374,0.0251601104
test_04375,0.9999449125
test_04376,0.0099951593
test_04377,0.1779585756
test_04378,0.9999094465
test_04379,0.0001151231
test_04380,0.0015465157
test_04381,0.9999919935
test_04382,0.0703057967
test_04383,0.0084584826
test_04384,0.9885051495
test_04385,0.2312543322
test_04386,0.0018615016
test_04387,0.0003143229
test_04388,0.0031446845
test_04389,0.0000918963
test_04390,0.9987499543
test_04391,0.9990866296
test_04392,0.9999635705
test_04393,0.9633215197
test_04394,0.9999599663
test_04395,0.0019006664
test_04396,0.0020918449
test_04397,0.9982055581
test_04398,0.0001225834
test_04399,0.0000275901
test_04400,0.0000870690
test_04401,0.0004255321
test_04402,0.9986892791
test_04403,0.4547403128
test_04404,0.0002629756
test_04405,0.9999532446
test_04406,0.9992496304
test_04407,0.0000057252
test_04408,0.9987680551
test_04409,0.9998697834
test_04410,0.9991237751
test_04411,0.9996514602
test_04412,0.9985646023
test_04413,0.9996786740
test_04414,0.9992525830
test_04415,0.0000101525
test_04416,0.2083740987
test_04417,0.3018738800
test_04418,0.0010593771
test_04419,0.0000345845
test_04420,0.0000847093
test_04421,0.9969314850
test_04422,0.0005205378
test_04423,0.2185320924
test_04424,0.0283344541
test_04425,0.9998981329
test_04426,0.1695560560
test_04427,0.9943766200
test_04428,0.0002498359
test_04429,0.9999142724
test_04430,0.9986646848
test_04431,0.9999154798
test_04432,0.0000126906
test_04433,0.0000890018
test_04434,0.9999902374
test_04435,0.0013237429
test_04436,0.0601842313
test_04437,0.9998600332
test_04438,0.7593339438
test_04439,0.0000201575
test_04440,0.9995728412
test_04441,0.9982382386
test_04442,0.7027276853
test_04443,0.0002484251
test_04444,0.6604503949
test_04445,0.9999864341
test_04446,0.0006000050
test_04447,0.7315711745
test_04448,0.0001270176
test_04449,0.9858111832
test_04450,0.9997775608
test_04451,0.0001041605
test_04452,0.0002245017
test_04453,0.9994943526
test_04454,0.0019608282
test_04455,0.3308726685
test_04456,0.0101480414
test_04457,0.3946456977
test_04458,0.9999926152
test_04459,0.0046216766
test_04460,0.0413615322
test_04461,0.9795711856
test_04462,0.0053427131
test_04463,0.9497689119
test_04464,0.9999938758
test_04465,0.9885533924
test_04466,0.0000216923
test_04467,0.9863480730
test_04468,0.0001175648
test_04469,0.0009992242
test_04470,0.4338684652
test_04471,0.8035355126
test_04472,0.9999721571
test_04473,0.0007611198
test_04474,0.2628105141
test_04475,0.0003018647
test_04476,0.0000326020
test_04477,0.3481056690
test_04478,0.9884137134
test_04479,0.4902757238
test_04480,0.6873684551
test_04481,0.9996044930
test_04482,0.0015935171
test_04483,0.9999936429
test_04484,0.4727524238
test_04485,0.9997413796
test_04486,0.9986409799
test_04487,0.0000862833
test_04488,0.5558661880
test_04489,0.0064958584
test_04490,0.8984046036
test_04491,0.4187428327
test_04492,0.0007320897
test_04493,0.4986467856
test_04494,0.0006105982
test_04495,0.9997864081
test_04496,0.0005872907
test_04497,0.0003276184
test_04498,0.0032334324
test_04499,0.0835275057
test_04500,0.9949797277
test_04501,0.0008387500
test_04502,0.9995956979
test_04503,0.0001839475
test_04504,0.0001838081
test_04505,0.0395528402
test_04506,0.9995830128
test_04507,0.0002470922
test_04508,0.0000049076
test_04509,0.0032438963
test_04510,0.0005637443
test_04511,0.0001463278
test_04512,0.9998793188
test_04513,0.0003450970
test_04514,0.9995527939
test_04515,0.0009566761
test_04516,0.9972578884
test_04517,0.9997550130
test_04518,0.0002365641
test_04519,0.0116622052
test_04520,0.0012744104
test_04521,0.9806777334
test_04522,0.9995748461
test_04523,0.0005458302
test_04524,0.9995756297
test_04525,0.0001739531
test_04526,0.9999621010
test_04527,0.0151714108
test_04528,0.9984077329
test_04529,0.0001895285
test_04530,0.0243228819
test_04531,0.0403817695
test_04532,0.8359409602
test_04533,0.0000863216
test_04534,0.0012958571
test_04535,0.9485176938
test_04536,0.0021533913
test_04537,0.0008073213
test_04538,0.8552182770
test_04539,0.9992201419
test_04540,0.9669774159
test_04541,0.9978434780
test_04542,0.9474551840
test_04543,0.0000270419
test_04544,0.0161637423
test_04545,0.9999712853
test_04546,0.9997729993
test_04547,0.9995859486
test_04548,0.9962333622
test_04549,0.0018473532
test_04550,0.8970397685
test_04551,0.9995980668
test_04552,0.0704315326
test_04553,0.0926948263
test_04554,0.1432689023
test_04555,0.3140093756
test_04556,0.4229749058
test_04557,0.0000224547
test_04558,0.0001414345
test_04559,0.0000627239
test_04560,0.0011020041
test_04561,0.0028797223
test_04562,0.0001867699
test_04563,0.9993914482
test_04564,0.0003981259
test_04565,0.8184584425
test_04566,0.0030038593
test_04567,0.6119436291
test_04568,0.2907007569
test_04569,0.9996365900
test_04570,0.0001037622
test_04571,0.0004190685
test_04572,0.9999415430
test_04573,0.9982722650
test_04574,0.0006937439
test_04575,0.9762717113
test_04576,0.9988104039
test_04577,0.9936382792
test_04578,0.9996558428
test_04579,0.0082701805
test_04580,0.0001609045
test_04581,0.0031555275
test_04582,0.0015443638
test_04583,0.9997821171
test_04584,0.6178482579
test_04585,0.9839267817
test_04586,0.0006250084
test_04587,0.9493299199
test_04588,0.9983121968
test_04589,0.9998313532
test_04590,0.9993483498
test_04591,0.9997198995
test_04592,0.0117289139
test_04593,0.9964125587
test_04594,0.0263709867
test_04595,0.9577061102
test_04596,0.0001430971
test_04597,0.0004173126
test_04598,0.0015246334
test_04599,0.6752227879
test_04600,0.1196959220
test_04601,0.0012088287
test_04602,0.4938282344
test_04603,0.9998325521
test_04604,0.0004167871
test_04605,0.9539363504
test_04606,0.5448587906
test_04607,0.3875555416
test_04608,0.0045911072
test_04609,0.9879706273
test_04610,0.0000202337
test_04611,0.9998217900
test_04612,0.9997385033
test_04613,0.9814486455
test_04614,0.9999380824
test_04615,0.9993635034
test_04616,0.9679136777
test_04617,0.0002175088
test_04618,0.9999306478
test_04619,0.9496908062
test_04620,0.0008764837
test_04621,0.9996912717
test_04622,0.5309865622
test_04623,0.9995907181
test_04624,0.7281711678
test_04625,0.9985738635
test_04626,0.0147822682
test_04627,0.0007128214
test_04628,0.9996096892
test_04629,0.9891996938
test_04630,0.9875222502
test_04631,0.9995356920
test_04632,0.0000436518
test_04633,0.0014091256
test_04634,0.9987844844
test_04635,0.9877080242
test_04636,0.9998322729
test_04637,0.9951808838
test_04638,0.8405609250
test_04639,0.9999481593
test_04640,0.9998968980
test_04641,0.9991759945
test_04642,0.5339671932
test_04643,0.7294730969
test_04644,0.9576653057
test_04645,0.9985169575
test_04646,0.0001476272
test_04647,0.9960417859
test_04648,0.9665044518
test_04649,0.9996639177
test_04650,0.0030729425
test_04651,0.9999685294
test_04652,0.0343042429
test_04653,0.9999005487
test_04654,0.0002562879
test_04655,0.4655086440
test_04656,0.0000402909
test_04657,0.9868429961
test_04658,0.9999649640
test_04659,0.9705918455
test_04660,0.5277291686
test_04661,0.0002892216
test_04662,0.0067545600
test_04663,0.1452265675
test_04664,0.0004695153
test_04665,0.9999172506
test_04666,0.0000310722
test_04667,0.9999396023
test_04668,0.0000376665
test_04669,0.9987871585
test_04670,0.9973279122
test_04671,0.0046797831
test_04672,0.0006341877
test_04673,0.0093177048
test_04674,0.0001384306
test_04675,0.0041808444
test_04676,0.0083288769
test_04677,0.9961180416
test_04678,0.8668200426
test_04679,0.0009410994
test_04680,0.9899105275
test_04681,0.9990665993
test_04682,0.0000795927
test_04683,0.0005107980
test_04684,0.0014082412
test_04685,0.9998777306
test_04686,0.9997233163
test_04687,0.9968863646
test_04688,0.2018825867
test_04689,0.8572126621
test_04690,0.9692637131
test_04691,0.0000633853
test_04692,0.0001005195
test_04693,0.9999818653
test_04694,0.8159361987
test_04695,0.0004336134
test_04696,0.9999953283
test_04697,0.0002290295
test_04698,0.0000092643
test_04699,0.0005894340
test_04700,0.9999471528
test_04701,0.0017802679
test_04702,0.0405663248
test_04703,0.9979492370
test_04704,0.0000577890
test_04705,0.3697590617
test_04706,0.0004629774
test_04707,0.3708266831
test_04708,0.0001019947
test_04709,0.0005850635
test_04710,0.9981984855
test_04711,0.9930113840
test_04712,0.9999233861
test_04713,0.8495421961
test_04714,0.0095109334
test_04715,0.9999284609
test_04716,0.0000303654
test_04717,0.0000717675
test_04718,0.0005567496
test_04719,0.0007168517
test_04720,0.9998504822
test_04721,0.9997783517
test_04722,0.9999949188
test_04723,0.9998068709
test_04724,0.9999374440
test_04725,0.9986841457
test_04726,0.8308971715
test_04727,0.9999487272
test_04728,0.9996334402
test_04729,0.0006717066
test_04730,0.0004455306
test_04731,0.0001862357
test_04732,0.9983818414
test_04733,0.0181323906
test_04734,0.9998234038
test_04735,0.9999653122
test_04736,0.0116217563
test_04737,0.3744373189
test_04738,0.0001514327
test_04739,0.0000473609
test_04740,0.9999230643
test_04741,0.9901532698
test_04742,0.9992535954
test_04743,0.5021368783
test_04744,0.6219977486
test_04745,0.9833132781
test_04746,0.0004932606
test_04747,0.0002938443
test_04748,0.2088877529
test_04749,0.8679374907
test_04750,0.9759595233
test_04751,0.9996729129
test_04752,0.0007094459
test_04753,0.9998886126
test_04754,0.0099954855
test_04755,0.0118729483
test_04756,0.0000530966
test_04757,0.0055304704
test_04758,0.0003013131
test_04759,0.9989917831
test_04760,0.9989937551
test_04761,0.5851039403
test_04762,0.0003180632
test_04763,0.8962387831
test_04764,0.9854106752
test_04765,0.9999802599
test_04766,0.0012412438
test_04767,0.9999668716
test_04768,0.0005134823
test_04769,0.9953323012
test_04770,0.9994229393
test_04771,0.4727331010
test_04772,0.8202589848
test_04773,0.9996689668
test_04774,0.0002075326
test_04775,0.7479019952
test_04776,0.9999337313
test_04777,0.0007033229
test_04778,0.0052722250
test_04779,0.5739178919
test_04780,0.9978667430
test_04781,0.0370811017
test_04782,0.0004435250
test_04783,0.9860435182
test_04784,0.0009186881
test_04785,0.9636115758
test_04786,0.0002156748
test_04787,0.9771210409
test_04788,0.0010447689
test_04789,0.0034789885
test_04790,0.9996901403
test_04791,0.0000236747
test_04792,0.9990604745
test_04793,0.9999755477
test_04794,0.0000604210
test_04795,0.0019612997
test_04796,0.0052734099
test_04797,0.9999141839
test_04798,0.9972499417
test_04799,0.0006032822
test_04800,0.9998127206
test_04801,0.9872549897
test_04802,0.0431810222
test_04803,0.9999103605
test_04804,0.9920474584
test_04805,0.0002519783
test_04806,0.9988574498
test_04807,0.0009133747
test_04808,0.9411224899
test_04809,0.9992512716
test_04810,0.5090036724
test_04811,0.0001255573
test_04812,0.9997812454
test_04813,0.9990143873
test_04814,0.0001867860
test_04815,0.9104617621
test_04816,0.8774720904
test_04817,0.0000186703
test_04818,0.0032016422
test_04819,0.1897971495
test_04820,0.0004967697
test_04821,0.9999709394
test_04822,0.9997486628
test_04823,0.9999826536
test_04824,0.0001591540
test_04825,0.0798457117
test_04826,0.0988313670
test_04827,0.0014236381
test_04828,0.9498984088
test_04829,0.9997732091
test_04830,0.0087492138
test_04831,0.0279498863
test_04832,0.9962387248
test_04833,0.0293507313
test_04834,0.0000185653
test_04835,0.9999978998
test_04836,0.0000532121
test_04837,0.9338765404
test_04838,0.0021685769
test_04839,0.0004408108
test_04840,0.0005228743
test_04841,0.0019933270
test_04842,0.9965811551
test_04843,0.0766540838
test_04844,0.0000638162
test_04845,0.9999858229
test_04846,0.0250999506
test_04847,0.8964992128
test_04848,0.5743663121
test_04849,0.9999611453
test_04850,0.9997355582
test_04851,0.9971451932
test_04852,0.9988490347
test_04853,0.0002260236
test_04854,0.0010590591
test_04855,0.9996999404
test_04856,0.0214648633
test_04857,0.0002827430
test_04858,0.9813773823
test_04859,0.0016810069
test_04860,0.0030987028
test_04861,0.9991048903
test_04862,0.0002005414
test_04863,0.1356831851
test_04864,0.6150931131
test_04865,0.0002921027
test_04866,0.0006587890
test_04867,0.0024695844
test_04868,0.0021914946
test_04869,0.5007524629
test_04870,0.9994293819
test_04871,0.9853228036
test_04872,0.9991019799
test_04873,0.9895233265
test_04874,0.0007684385
test_04875,0.9794784013
test_04876,0.0013148099
test_04877,0.9707876860
test_04878,0.0017385731
test_04879,0.9662234558
test_04880,0.0015659763
test_04881,0.0000447868
test_04882,0.5170222815
test_04883,0.9996658574
test_04884,0.0035375461
test_04885,0.0000515616
test_04886,0.9999102718
test_04887,0.0003675383
test_04888,0.0010227388
test_04889,0.9893030674
test_04890,0.0008018436
test_04891,0.9900505563
test_04892,0.0119253202
test_04893,0.8638319084
test_04894,0.0000631235
test_04895,0.0000277082
test_04896,0.0001518361
test_04897,0.0001811366
test_04898,0.0000892844
test_04899,0.0674628051
test_04900,0.9984025123
test_04901,0.9900293642
test_04902,0.0000293061
test_04903,0.9998870996
test_04904,0.9994957753
test_04905,0.0067144673
test_04906,0.9993668094
test_04907,0.9998152982
test_04908,0.2569825261
test_04909,0.9999693108
test_04910,0.9986584608
test_04911,0.9954337172
test_04912,0.9998775636
test_04913,0.9948686805
test_04914,0.0071165504
test_04915,0.9999231117
test_04916,0.0068521915
test_04917,0.9999501540
test_04918,0.9986731799
test_04919,0.0698278296
test_04920,0.9306560600
test_04921,0.9999074405
test_04922,0.0000195674
test_04923,0.0002871300
test_04924,0.0001653069
test_04925,0.9797658585
test_04926,0.9999216783
test_04927,0.0007506097
test_04928,0.0000870926
test_04929,0.9905062967
test_04930,0.0003005392
test_04931,0.9985949294
test_04932,0.9924089649
test_04933,0.9995902973
test_04934,0.5254313388
test_04935,0.0001337710
test_04936,0.9999870684
test_04937,0.0002169423
test_04938,0.0005080852
test_04939,0.9996896329
test_04940,0.9679955647
test_04941,0.9386997203
test_04942,0.0856826220
test_04943,0.9979866444
test_04944,0.9022748310
test_04945,0.0027769719
test_04946,0.0000097169
test_04947,0.9819670271
test_04948,0.9999897979
test_04949,0.9994074894
test_04950,0.0003713370
test_04951,0.0062347608
test_04952,0.9999402813
test_04953,0.0003637871
test_04954,0.8132687819
test_04955,0.9875915647
test_04956,0.9999064938
test_04957,0.5281057124
test_04958,0.0001642092
test_04959,0.0004732496
test_04960,0.9966525999
test_04961,0.0016558667
test_04962,0.9999394973
test_04963,0.0000010885
test_04964,0.9435989282
test_04965,0.9997053233
test_04966,0.9999965751
test_04967,0.3567805889
test_04968,0.4251392680
test_04969,0.9729570188
test_04970,0.9997118802
test_04971,0.9957605248
test_04972,0.0000239910
test_04973,0.9980829802
test_04974,0.9997599743
test_04975,0.0001972557
test_04976,0.0002218231
test_04977,0.0002689427
test_04978,0.0000997424
test_04979,0.0006000585
test_04980,0.9960490777
test_04981,0.9980240267
test_04982,0.9996166432
test_04983,0.0000901451
test_04984,0.9981161475
test_04985,0.9811400792
test_04986,0.0029877445
test_04987,0.9981901756
test_04988,0.0000321998
test_04989,0.0000687978
test_04990,0.9998511653
test_04991,0.0004983922
test_04992,0.0005071794
test_04993,0.9998953252
test_04994,0.0000370304
test_04995,0.9047815541
test_04996,0.5727580109
test_04997,0.0001788340
test_04998,0.0143023439
test_04999,0.0003368338
test_05000,0.9961350373
test_05001,0.9999986890
test_05002,0.4573433702
test_05003,0.9989389054
test_05004,0.0052167261
test_05005,0.9992061994
test_05006,0.0000835958
test_05007,0.4090438201
test_05008,0.9998909110
test_05009,0.8101401070
test_05010,0.0018752878
test_05011,0.1191138850
test_05012,0.9999090861
test_05013,0.9998516261
test_05014,0.9914802252
test_05015,0.9771202482
test_05016,0.0705197855
test_05017,0.9999895741
test_05018,0.0145955838
test_05019,0.0853892360
test_05020,0.9997686012
test_05021,0.7435454407
test_05022,0.9998549866
test_05023,0.9050970289
test_05024,0.9994117260
test_05025,0.0228920232
test_05026,0.9992135292
test_05027,0.8019695942
test_05028,0.9962185231
test_05029,0.9654303695
test_05030,0.9999735408
test_05031,0.0879529919
test_05032,0.9992232957
test_05033,0.9997734588
test_05034,0.6520748077
test_05035,0.0503760751
test_05036,0.9995982126
test_05037,0.9999811802
test_05038,0.0000264970
test_05039,0.9965804503
test_05040,0.9994159456
test_05041,0.9951281715
test_05042,0.9977842744
test_05043,0.9988860001
test_05044,0.9977932369
test_05045,0.9979308125
test_05046,0.1005299484
test_05047,0.9998072533
test_05048,0.0000886193
test_05049,0.9997794886
test_05050,0.7166521200
test_05051,0.1992748859
test_05052,0.9320369590
test_05053,0.9745808969
test_05054,0.0000078644
test_05055,0.0022002574
test_05056,0.9322133494
test_05057,0.9953383299
test_05058,0.8364296385
test_05059,0.0111482654
test_05060,0.9997730570
test_05061,0.9999122541
test_05062,0.0002471285
test_05063,0.9999486572
test_05064,0.9928777234
test_05065,0.0000180642
test_05066,0.0025352789
test_05067,0.9999419245
test_05068,0.9993443036
test_05069,0.9997488410
test_05070,0.0211282013
test_05071,0.0033329284
test_05072,0.0755736558
test_05073,0.3016723725
test_05074,0.0002438359
test_05075,0.9998485380
test_05076,0.9972661291
test_05077,0.0000598684
test_05078,0.9952547776
test_05079,0.1080345066
test_05080,0.9999727530
test_05081,0.0026363322
test_05082,0.0001769624
test_05083,0.9844753767
test_05084,0.7155310800
test_05085,0.9997385881
test_05086,0.7776061133
test_05087,0.4995642737
test_05088,0.9951549954
test_05089,0.0859494200
test_05090,0.0043881906
test_05091,0.9999955271
test_05092,0.0138789953
test_05093,0.0000243585
test_05094,0.9824297149
test_05095,0.9999713608
test_05096,0.0209807258
test_05097,0.9984291483
test_05098,0.0000011769
test_05099,0.9998044015
test_05100,0.0001566273
test_05101,0.0676229369
test_05102,0.0001122732
test_05103,0.9875146700
test_05104,0.0007316423
test_05105,0.6967815205
test_05106,0.9982296359
test_05107,0.0000879460
test_05108,0.0389190669
test_05109,0.0001533209
test_05110,0.9999219447
test_05111,0.9887415416
test_05112,0.9712685198
test_05113,0.5099399403
test_05114,0.0065588893
test_05115,0.0000132440
test_05116,0.0070071363
test_05117,0.9975416934
test_05118,0.0009717466
test_05119,0.9999090537
test_05120,0.9991215852
test_05121,0.0005936593
test_05122,0.1069276266
test_05123,0.0109006078
test_05124,0.0007431569
test_05125,0.9994046258
test_05126,0.9439539038
test_05127,0.9998747475
test_05128,0.2259328215
test_05129,0.5764093406
test_05130,0.0007230555
test_05131,0.0012847827
test_05132,0.0035432190
test_05133,0.0002718797
test_05134,0.4457857471
test_05135,0.0058667827
test_05136,0.1571860712
test_05137,0.9988328840
test_05138,0.9873549976
test_05139,0.9621571695
test_05140,0.9990368217
test_05141,0.0379777478
test_05142,0.9950943406
test_05143,0.9866149230
test_05144,0.9000284854
test_05145,0.9965251898
test_05146,0.9994341112
test_05147,0.7470076045
test_05148,0.0021869796
test_05149,0.0042340012
test_05150,0.0006055918
test_05151,0.9987449961
test_05152,0.9999768688
test_05153,0.1805717121
test_05154,0.0030145464
test_05155,0.8732848980
test_05156,0.9999762970
test_05157,0.0010185333
test_05158,0.4102237224
test_05159,0.0047073340
test_05160,0.9706370549
test_05161,0.0602404577
test_05162,0.0003707156
test_05163,0.0000278458
test_05164,0.0194741715
test_05165,0.0000272136
test_05166,0.9986965468
test_05167,0.8616444382
test_05168,0.9803335109
test_05169,0.9984982454
test_05170,0.0001051021
test_05171,0.9992234585
test_05172,0.9986793075
test_05173,0.0004030532
test_05174,0.9893815493
test_05175,0.0005214511
test_05176,0.0000443995
test_05177,0.9997261496
test_05178,0.9914186958
test_05179,0.0004636264
test_05180,0.0003535801
test_05181,0.0163950132
test_05182,0.0002953041
test_05183,0.0009770050
test_05184,0.9999575558
test_05185,0.9998467307
test_05186,0.9990904334
test_05187,0.9997778569
test_05188,0.9999209362
test_05189,0.9147204170
test_05190,0.9988890963
test_05191,0.9997603807
test_05192,0.0013529537
test_05193,0.0000446345
test_05194,0.9822721731
test_05195,0.0881259312
test_05196,0.0003819910
test_05197,0.2125783244
test_05198,0.9987493852
test_05199,0.9968369826
test_05200,0.9999187559
test_05201,0.9998450180
test_05202,0.9878469200
test_05203,0.9997675746
test_05204,0.4060952092
test_05205,0.0062577962
test_05206,0.9992743196
test_05207,0.0007382866
test_05208,0.9795179492
test_05209,0.0453011561
test_05210,0.9994087518
test_05211,0.5111498728
test_05212,0.9999760306
test_05213,0.0000978045
test_05214,0.0395128777
test_05215,0.9989813753
test_05216,0.9555681052
test_05217,0.9995843645
test_05218,0.9999919790
test_05219,0.4818707556
test_05220,0.9999346597
test_05221,0.0001473440
test_05222,0.0056381453
test_05223,0.9999228352
test_05224,0.0000925878
test_05225,0.9997709639
test_05226,0.0025456811
test_05227,0.9997858519
test_05228,0.7173303293
test_05229,0.3645375782
test_05230,0.0679475135
test_05231,0.0011067998
test_05232,0.0011027355
test_05233,0.9532768122
test_05234,0.0000615915
test_05235,0.9971901035
test_05236,0.9075656271
test_05237,0.9622402698
test_05238,0.0027377889
test_05239,0.9989329962
test_05240,0.7803743926
test_05241,0.0008480191
test_05242,0.7845799327
test_05243,0.9999820017
test_05244,0.1501955163
test_05245,0.0007611130
test_05246,0.0072470352
test_05247,0.0139082737
test_05248,0.0110076343
test_05249,0.6041819902
test_05250,0.8417169161
test_05251,0.9999869512
test_05252,0.0000131239
test_05253,0.0558069428
test_05254,0.9782952061
test_05255,0.9976529125
test_05256,0.0015034499
test_05257,0.3440773463
test_05258,0.0009420093
test_05259,0.0000890138
test_05260,0.9989655764
test_05261,0.9998708488
test_05262,0.9979397170
test_05263,0.9999537004
test_05264,0.9563660948
test_05265,0.0004624596
test_05266,0.9991070003
test_05267,0.9987054405
test_05268,0.9983722620
test_05269,0.9965686203
test_05270,0.9981282725
test_05271,0.9985279700
test_05272,0.9996794717
test_05273,0.0000914036
test_05274,0.0001827725
test_05275,0.0021444628
test_05276,0.9997978094
test_05277,0.3167064508
test_05278,0.4000267514
test_05279,0.0004103129
test_05280,0.0029728448
test_05281,0.9985148480
test_05282,0.0012717376
test_05283,0.9998031081
test_05284,0.9979591807
test_05285,0.0031409252
test_05286,0.9992007625
test_05287,0.0004180518
test_05288,0.8043265124
test_05289,0.9942831378
test_05290,0.9969734372
test_05291,0.0000325760
test_05292,0.9997261074
test_05293,0.0012180733
test_05294,0.8805401065
test_05295,0.9999388640
test_05296,0.0001763279
test_05297,0.0100883725
test_05298,0.9963636329
test_05299,0.9646302225
test_05300,0.0011660979
test_05301,0.0000682941
test_05302,0.0000047090
test_05303,0.9999340917
test_05304,0.0179693658
test_05305,0.9976245562
test_05306,0.1638766207
test_05307,0.7606479324
test_05308,0.9997475609
test_05309,0.0000882509
test_05310,0.0003894437
test_05311,0.9968005458
test_05312,0.9984718659
test_05313,0.9999028544
test_05314,0.8878922853
test_05315,0.0001152717
test_05316,0.9827274513
test_05317,0.9997980165
test_05318,0.0095687830
test_05319,0.9990435758
test_05320,0.9999094477
test_05321,0.9999967315
test_05322,0.6557599464
test_05323,0.7236446250
test_05324,0.9984230042
test_05325,0.9995422149
test_05326,0.9987504859
test_05327,0.9925414603
test_05328,0.0005032602
test_05329,0.9996860204
test_05330,0.0003097240
test_05331,0.0298487142
test_05332,0.0005439507
test_05333,0.5411424907
test_05334,0.0026833507
test_05335,0.0286857638
test_05336,0.9997852386
test_05337,0.9931682591
test_05338,0.9989759613
test_05339,0.0002451335
test_05340,0.9702023967
test_05341,0.2466757919
test_05342,0.0003961713
test_05343,0.9985233936
test_05344,0.0001301756
test_05345,0.0794440842
test_05346,0.9982582789
test_05347,0.1352586443
test_05348,0.9905419325
test_05349,0.4698366390
test_05350,0.0112809865
test_05351,0.9999603597
test_05352,0.0005540890
test_05353,0.0010900277
test_05354,0.0012685858
test_05355,0.0023642732
test_05356,0.0004747651
test_05357,0.9984701787
test_05358,0.0000559482
test_05359,0.0000575380
test_05360,0.0021416389
test_05361,0.9858771960
test_05362,0.9996525997
test_05363,0.0496519711
test_05364,0.9988689057
test_05365,0.0007427697
test_05366,0.0305311883
test_05367,0.0000010564
test_05368,0.0604546221
test_05369,0.0982154742
test_05370,0.9708545561
test_05371,0.0044505360
test_05372,0.6222581310
test_05373,0.9943681097
test_05374,0.0041136735
test_05375,0.0002148045
test_05376,0.0003707817
test_05377,0.9991415862
test_05378,0.9996467786
test_05379,0.9919587282
test_05380,0.0002003266
test_05381,0.9987069932
test_05382,0.4727596316
test_05383,0.8851922292
test_05384,0.1013240922
test_05385,0.9999581815
test_05386,0.9927725163
test_05387,0.9999612403
test_05388,0.9988647442
test_05389,0.0002173152
test_05390,0.9999222554
test_05391,0.9998725505
test_05392,0.3556413226
test_05393,0.8114507457
test_05394,0.9992973222
test_05395,0.9989345723
test_05396,0.0017154540
test_05397,0.0007325992
test_05398,0.9993745560
test_05399,0.9996344337
test_05400,0.8061974034
test_05401,0.0218841797
test_05402,0.9345855272
test_05403,0.9997180829
test_05404,0.9990997027
test_05405,0.0007468203
test_05406,0.9996978685
test_05407,0.7504461623
test_05408,0.9997038483
test_05409,0.0002320703
test_05410,0.9954374115
test_05411,0.9999964309
test_05412,0.9997603082
test_05413,0.0001941978
test_05414,0.0809852305
test_05415,0.0160762777
test_05416,0.9773493407
test_05417,0.0063191384
test_05418,0.9997027930
test_05419,0.9880858604
test_05420,0.0007146123
test_05421,0.9991256799
test_05422,0.9480712375
test_05423,0.0316062171
test_05424,0.0004912816
test_05425,0.6200630722
test_05426,0.0006242993
test_05427,0.0006941996
test_05428,0.9994346622
test_05429,0.9966592342
test_05430,0.9996439470
test_05431,0.0138061016
test_05432,0.9999930889
test_05433,0.9997615037
test_05434,0.9972673405
test_05435,0.9998389797
test_05436,0.0001500119
test_05437,0.9879380450
test_05438,0.0118667346
test_05439,0.0028560339
test_05440,0.0008746166
test_05441,0.9999617828
test_05442,0.9937988210
test_05443,0.0001135097
test_05444,0.9973965980
test_05445,0.3846404485
test_05446,0.0008999162
test_05447,0.9991857730
test_05448,0.9994365939
test_05449,0.0007972759
test_05450,0.9996913933
test_05451,0.3243825750
test_05452,0.9992634346
test_05453,0.9994617296
test_05454,0.0129195522
test_05455,0.0006800351
test_05456,0.0006700468
test_05457,0.0001282759
test_05458,0.0001083228
test_05459,0.0360361924
test_05460,0.9991421147
test_05461,0.0046281573
test_05462,0.9997966260
test_05463,0.9999634574
test_05464,0.9998685763
test_05465,0.2087740255
test_05466,0.9998139910
test_05467,0.1070052605
test_05468,0.9541281044
test_05469,0.6745866434
test_05470,0.0067653079
test_05471,0.0004710169
test_05472,0.9775095376
test_05473,0.0233175026
test_05474,0.0006716883
test_05475,0.0053332127
test_05476,0.0001246402
test_05477,0.5174710701
test_05478,0.6496423117
test_05479,0.9832037373
test_05480,0.0006020651
test_05481,0.9982809213
test_05482,0.0004056204
test_05483,0.9999729528
test_05484,0.0004178091
test_05485,0.0005629663
test_05486,0.7899697931
test_05487,0.5882234414
test_05488,0.9998557485
test_05489,0.5123567563
test_05490,0.0008043437
test_05491,0.3787187174
test_05492,0.0013564884
test_05493,0.0138543826
test_05494,0.9993315164
test_05495,0.9999917569
test_05496,0.9900766583
test_05497,0.0003883970
test_05498,0.0002183920
test_05499,0.0282866475
test_05500,0.9992869067
test_05501,0.9999403395
test_05502,0.0001467011
test_05503,0.0000153460
test_05504,0.9997338003
test_05505,0.5288325972
test_05506,0.0000798932
test_05507,0.0000361601
test_05508,0.9999797208
test_05509,0.0008816111
test_05510,0.9982594862
test_05511,0.9980369783
test_05512,0.1921898862
test_05513,0.0024342522
test_05514,0.3949233513
test_05515,0.0000135437
test_05516,0.0042665114
test_05517,0.0003039066
test_05518,0.0029385620
test_05519,0.6452424370
test_05520,0.9829628386
test_05521,0.9993002351
test_05522,0.0000748486
test_05523,0.9998781476
test_05524,0.9997114893
test_05525,0.0189876142
test_05526,0.0014037899
test_05527,0.8960541128
test_05528,0.0002520695
test_05529,0.9954071570
test_05530,0.0001029217
test_05531,0.0000832193
test_05532,0.9998387630
test_05533,0.9655302912
test_05534,0.9999287887
test_05535,0.9957357865
test_05536,0.9810288587
test_05537,0.9999693463
test_05538,0.0024762111
test_05539,0.9996497407
test_05540,0.5072309977
test_05541,0.0538275682
test_05542,0.3823814563
test_05543,0.0121136560
test_05544,0.9999989635
test_05545,0.1163673445
test_05546,0.0004175582
test_05547,0.0010096149
test_05548,0.9907656579
test_05549,0.1733477873
test_05550,0.0013450577
test_05551,0.9995983243
test_05552,0.1652760539
test_05553,0.9998519154
test_05554,0.9984507185
test_05555,0.9989498360
test_05556,0.9990963889
test_05557,0.9597702491
test_05558,0.0028947245
test_05559,0.0002911114
test_05560,0.9955878487
test_05561,0.0075226895
test_05562,0.9980689222
test_05563,0.8091857776
test_05564,0.9946765771
test_05565,0.9995496832
test_05566,0.0005940803
test_05567,0.9999709974
test_05568,0.9995746817
test_05569,0.6807555525
test_05570,0.0000682831
test_05571,0.9999495877
test_05572,0.9985206437
test_05573,0.9999620271
test_05574,0.1300512606
test_05575,0.9898871716
test_05576,0.1220776802
test_05577,0.9721349078
test_05578,0.9992773273
test_05579,0.0017267621
test_05580,0.0001213583
test_05581,0.0009812746
test_05582,0.9998671452
test_05583,0.0004355658
test_05584,0.9998717712
test_05585,0.0000706933
test_05586,0.5155934349
test_05587,0.0011534369
test_05588,0.9997541371
test_05589,0.0000549519
test_05590,0.9990986356
test_05591,0.0033730906
test_05592,0.0003534103
test_05593,0.9999361419
test_05594,0.9616705646
test_05595,0.9999917217
test_05596,0.7545750268
test_05597,0.0000202979
test_05598,0.7337823017
test_05599,0.3020342647
test_05600,0.9994784398
test_05601,0.9997685605
test_05602,0.6380927476
test_05603,0.9496452698
test_05604,0.9999383376
test_05605,0.8877768715
test_05606,0.0000301416
test_05607,0.0032726004
test_05608,0.0007861619
test_05609,0.0008028745
test_05610,0.9999776086
test_05611,0.0005471605
test_05612,0.9989520720
test_05613,0.0215862089
test_05614,0.0194716529
test_05615,0.9974584097
test_05616,0.0016893731
test_05617,0.0000408985
test_05618,0.0001832117
test_05619,0.0008222937
test_05620,0.0016148715
test_05621,0.0022271100
test_05622,0.9995326301
test_05623,0.0000183864
test_05624,0.9116643298
test_05625,0.0002523834
test_05626,0.9947608678
test_05627,0.0000556073
test_05628,0.1276133599
test_05629,0.2091165649
test_05630,0.0000522586
test_05631,0.0001883183
test_05632,0.9991631501
test_05633,0.9998820908
test_05634,0.9999794977
test_05635,0.0003472616
test_05636,0.9984905644
test_05637,0.9999206869
test_05638,0.9124656065
test_05639,0.9995981361
test_05640,0.9983544053
test_05641,0.0010894499
test_05642,0.9949383986
test_05643,0.0346064426
test_05644,0.6175644830
test_05645,0.9595436818
test_05646,0.3137446955
test_05647,0.0251635839
test_05648,0.0001187415
test_05649,0.0129712308
test_05650,0.9995470461
test_05651,0.0011916259
test_05652,0.9989159206
test_05653,0.0047670280
test_05654,0.8547292209
test_05655,0.9997950722
test_05656,0.0092105071
test_05657,0.0040334322
test_05658,0.0000185377
test_05659,0.9999129239
test_05660,0.9996560597
test_05661,0.0000472949
test_05662,0.9997579603
test_05663,0.9999422834
test_05664,0.9996967664
test_05665,0.0001221481
test_05666,0.0982753558
test_05667,0.0045553242
test_05668,0.1190005709
test_05669,0.9999912586
test_05670,0.0041294131
test_05671,0.5257984634
test_05672,0.9981535555
test_05673,0.0997172457
test_05674,0.0002369344
test_05675,0.5408314650
test_05676,0.0001444533
test_05677,0.0000239552
test_05678,0.0000350364
test_05679,0.9988258213
test_05680,0.0000666108
test_05681,0.0003669756
test_05682,0.9998408552
test_05683,0.0265183724
test_05684,0.0605156564
test_05685,0.0006820799
test_05686,0.9794966172
test_05687,0.0002138490
test_05688,0.3392935717
test_05689,0.9999694886
test_05690,0.0035877173
test_05691,0.9992303990
test_05692,0.3262161037
test_05693,0.9999447823
test_05694,0.8716222280
test_05695,0.0000109821
test_05696,0.9997468867
test_05697,0.6878368556
test_05698,0.0006145249
test_05699,0.6337584002
test_05700,0.9981183874
test_05701,0.9999201366
test_05702,0.2329160648
test_05703,0.9998377809
test_05704,0.9999540659
test_05705,0.0000766957
test_05706,0.0003272064
test_05707,0.9830791765
test_05708,0.0038706119
test_05709,0.4659261484
test_05710,0.9971946439
test_05711,0.0013858554
test_05712,0.9995087257
test_05713,0.5177688631
test_05714,0.9986668798
test_05715,0.4052652055
test_05716,0.9998967314
test_05717,0.9850516869
test_05718,0.9996532256
test_05719,0.0000014202
test_05720,0.0003132004
test_05721,0.9999106817
test_05722,0.6948566687
test_05723,0.0757470377
test_05724,0.9987201674
test_05725,0.0134500167
test_05726,0.0104159269
test_05727,0.9998562453
test_05728,0.9987229599
test_05729,0.0068525508
test_05730,0.9999328786
test_05731,0.9984096272
test_05732,0.0000067412
test_05733,0.9997757796
test_05734,0.8667136696
test_05735,0.0046593161
test_05736,0.0013544588
test_05737,0.0008972662
test_05738,0.1713549441
test_05739,0.0188845353
test_05740,0.9573255472
test_05741,0.0003878891
test_05742,0.0015126394
test_05743,0.0000474751
test_05744,0.1206088390
test_05745,0.3515500243
test_05746,0.0017979908
test_05747,0.9500245765
test_05748,0.0002402611
test_05749,0.9992722311
test_05750,0.0003223434
test_05751,0.0001632819
test_05752,0.0010817953
test_05753,0.0005207013
test_05754,0.9987672537
test_05755,0.9640366379
test_05756,0.6370478510
test_05757,0.9602766360
test_05758,0.0110020354
test_05759,0.0304055909
test_05760,0.9916082018
test_05761,0.2436978577
test_05762,0.0000285256
test_05763,0.9542515541
test_05764,0.9998774508
test_05765,0.9997355752
test_05766,0.0128720017
test_05767,0.0014317629
test_05768,0.0031816268
test_05769,0.0188334534
test_05770,0.9998849472
test_05771,0.6332181236
test_05772,0.3865594673
test_05773,0.9993512848
test_05774,0.9958466028
test_05775,0.5608661731
test_05776,0.0001768565
test_05777,0.9995539131
test_05778,0.9997967490
test_05779,0.7860111631
test_05780,0.3823997072
test_05781,0.8209421858
test_05782,0.9987432210
test_05783,0.9989839623
test_05784,0.9999406202
test_05785,0.9140971540
test_05786,0.9614532037
test_05787,0.3977858401
test_05788,0.9738258281
test_05789,0.9975555624
test_05790,0.3521753066
test_05791,0.0002256558
test_05792,0.0839527480
test_05793,0.9998002958
test_05794,0.8611718543
test_05795,0.9872010368
test_05796,0.9819977592
test_05797,0.9999376476
test_05798,0.9998394315
test_05799,0.9997785675
test_05800,0.9286272116
test_05801,0.9213247939
test_05802,0.0007793691
test_05803,0.9960060709
test_05804,0.9997586931
test_05805,0.9991412456
test_05806,0.0003381131
test_05807,0.0013125142
test_05808,0.8401516154
test_05809,0.8962774572
test_05810,0.9990740899
test_05811,0.0005795066
test_05812,0.9999696692
test_05813,0.9966050994
test_05814,0.9959664196
test_05815,0.9622940913
test_05816,0.1117427357
test_05817,0.9884463042
test_05818,0.9825475764
test_05819,0.9990720890
test_05820,0.0000214315
test_05821,0.9542713167
test_05822,0.0000774345
test_05823,0.0183533861
test_05824,0.0000063047
test_05825,0.0002223757
test_05826,0.4844446440
test_05827,0.0146626118
test_05828,0.0142408062
test_05829,0.0011235947
test_05830,0.0011000149
test_05831,0.0000801187
test_05832,0.6558218236
test_05833,0.1352183399
test_05834,0.0008169502
test_05835,0.9999510378
test_05836,0.9974902566
test_05837,0.0001722743
test_05838,0.0008569636
test_05839,0.9999872133
test_05840,0.9999408500
test_05841,0.0099340385
test_05842,0.0004021703
test_05843,0.9896831599
test_05844,0.2185770887
test_05845,0.0002080938
test_05846,0.5033515280
test_05847,0.9989369677
test_05848,0.0518565442
test_05849,0.0002340080
test_05850,0.0210383806
test_05851,0.5769292729
test_05852,0.9949837410
test_05853,0.8978465967
test_05854,0.4767801036
test_05855,0.9999060194
test_05856,0.9999770129
test_05857,0.9859887241
test_05858,0.0301595260
test_05859,0.3256423438
test_05860,0.0007145291
test_05861,0.0025929652
test_05862,0.0153370369
test_05863,0.0000192258
test_05864,0.0094763846
test_05865,0.0000201289
test_05866,0.7866348634
test_05867,0.9999714603
test_05868,0.9749798458
test_05869,0.9997916315
test_05870,0.0175232785
test_05871,0.9999779187
test_05872,0.9999288028
test_05873,0.0005413039
test_05874,0.0008462754
test_05875,0.0002844501
test_05876,0.0002716763
test_05877,0.9947751147
test_05878,0.9992974737
test_05879,0.9922893754
test_05880,0.9999474666
test_05881,0.9995982752
test_05882,0.9999358208
test_05883,0.9999935160
test_05884,0.9763154231
test_05885,0.0218479552
test_05886,0.0042091785
test_05887,0.0244865683
test_05888,0.0011592062
test_05889,0.0001748864
test_05890,0.0038723216
test_05891,0.0002307192
test_05892,0.9995970924
test_05893,0.0000339933
test_05894,0.9738480804
test_05895,0.0003410988
test_05896,0.9938172220
test_05897,0.9921411771
test_05898,0.0207452896
test_05899,0.9998338609
test_05900,0.9990514074
test_05901,0.9979152177
test_05902,0.9665064489
test_05903,0.0008324409
test_05904,0.0721452044
test_05905,0.0000861934
test_05906,0.0082026951
test_05907,0.0686254469
test_05908,0.0002729581
test_05909,0.3241710127
test_05910,0.9996759837
test_05911,0.0001252215
test_05912,0.0004918021
test_05913,0.0000334465
test_05914,0.0006892851
test_05915,0.9886569846
test_05916,0.0003088878
test_05917,0.4780743972
test_05918,0.4210411163
test_05919,0.9975308330
test_05920,0.0111099797
test_05921,0.9993586304
test_05922,0.9999221399
test_05923,0.9999418188
test_05924,0.0006221713
test_05925,0.0000695550
test_05926,0.0199664129
test_05927,0.0013170687
test_05928,0.9999954716
test_05929,0.0034359523
test_05930,0.0038676666
test_05931,0.9988527012
test_05932,0.0004072140
test_05933,0.0437416575
test_05934,0.0000154821
test_05935,0.0043167923
test_05936,0.9163665944
test_05937,0.2144595613
test_05938,0.9999830614
test_05939,0.0000439849
test_05940,0.0783069964
test_05941,0.9999602297
test_05942,0.0000703327
test_05943,0.9837343799
test_05944,0.9963040503
test_05945,0.0002237405
test_05946,0.0193211599
test_05947,0.9999501931
test_05948,0.9998543919
test_05949,0.9994095775
test_05950,0.0064930386
test_05951,0.0004856695
test_05952,0.0000834929
test_05953,0.9990835269
test_05954,0.1854027523
test_05955,0.9983692840
test_05956,0.2175003243
test_05957,0.0001735785
test_05958,0.0008209634
test_05959,0.9999841844
test_05960,0.0007467377
test_05961,0.6705512579
test_05962,0.9999774035
test_05963,0.9999733179
test_05964,0.8343446053
test_05965,0.0000808495
test_05966,0.0023351639
test_05967,0.8895957014
test_05968,0.9995921423
test_05969,0.0002112201
test_05970,0.5719269839
test_05971,0.0005546065
test_05972,0.9959217555
test_05973,0.0000507182
test_05974,0.0000586213
test_05975,0.9326920497
test_05976,0.4663874900
test_05977,0.9964180799
test_05978,0.9300657806
test_05979,0.0005141191
test_05980,0.0024243285
test_05981,0.7163993076
test_05982,0.9999814608
test_05983,0.0001977037
test_05984,0.0000491069
test_05985,0.0013187222
test_05986,0.9708714207
test_05987,0.9995982841
test_05988,0.9996160696
test_05989,0.9983649226
test_05990,0.9999652511
test_05991,0.9976710191
test_05992,0.9999981732
test_05993,0.9919934151
test_05994,0.0101361342
test_05995,0.0574710722
test_05996,0.4641333284
test_05997,0.9998739133
test_05998,0.1809544145
test_05999,0.0594845885
test_06000,0.9993765242
test_06001,0.9956540919
test_06002,0.9968838131
test_06003,0.9998192631
test_06004,0.0001670626
test_06005,0.9999889686
test_06006,0.9999817467
test_06007,0.0000573496
test_06008,0.0004293767
test_06009,0.0015410680
test_06010,0.9934473194
test_06011,0.5569061767
test_06012,0.9997521460
test_06013,0.9409821811
test_06014,0.0012388101
test_06015,0.0002413606
test_06016,0.0000647872
test_06017,0.0003885381
test_06018,0.0023672564
test_06019,0.9848925602
test_06020,0.0542029102
test_06021,0.0009611354
test_06022,0.0000195171
test_06023,0.0024426742
test_06024,0.8395319031
test_06025,0.9999153395
test_06026,0.0020123207
test_06027,0.9998091444
test_06028,0.0007007705
test_06029,0.0004761725
test_06030,0.9988234108
test_06031,0.0006076325
test_06032,0.0003521612
test_06033,0.0027918206
test_06034,0.9851220870
test_06035,0.0001257621
test_06036,0.9751853143
test_06037,0.0195694480
test_06038,0.9841215796
test_06039,0.0004420734
test_06040,0.5543988571
test_06041,0.5755072575
test_06042,0.9984105064
test_06043,0.0015773868
test_06044,0.9998419055
test_06045,0.5024097387
test_06046,0.0020695738
test_06047,0.0207577509
test_06048,0.8975746295
test_06049,0.0026216513
test_06050,0.0182514218
test_06051,0.0000626638
test_06052,0.9997988475
test_06053,0.0006026742
test_06054,0.0746465905
test_06055,0.0008680364
test_06056,0.9998529603
test_06057,0.9991841966
test_06058,0.9999038851
test_06059,0.9977713458
test_06060,0.9999412481
test_06061,0.0000611553
test_06062,0.9966159869
test_06063,0.9999102065
test_06064,0.9640721096
test_06065,0.0006302982
test_06066,0.0006087600
test_06067,0.4550935245
test_06068,0.9998993480
test_06069,0.9995565018
test_06070,0.0006249518
test_06071,0.0704615498
test_06072,0.9922393459
test_06073,0.9973477175
test_06074,0.0001690245
test_06075,0.0002132520
test_06076,0.9987109946
test_06077,0.3700023444
test_06078,0.3282865859
test_06079,0.9999201947
test_06080,0.9999773791
test_06081,0.9967167173
test_06082,0.9786810784
test_06083,0.0007841111
test_06084,0.0033415451
test_06085,0.9998337044
test_06086,0.0014164857
test_06087,0.9980026798
test_06088,0.3865523124
test_06089,0.8901764085
test_06090,0.9996533244
test_06091,0.9989368005
test_06092,0.0001479487
test_06093,0.0014441989
test_06094,0.9998321953
test_06095,0.2607204812
test_06096,0.9996179435
test_06097,0.0000496213
test_06098,0.0000224772
test_06099,0.0004623012
test_06100,0.0000202740
test_06101,0.0000989124
test_06102,0.9999539071
test_06103,0.9999921004
test_06104,0.9999446449
test_06105,0.9997150134
test_06106,0.9999785120
test_06107,0.9795419054
test_06108,0.6429675395
test_06109,0.0457901466
test_06110,0.7001482030
test_06111,0.0000199942
test_06112,0.0004310735
test_06113,0.0023738064
test_06114,0.0033720676
test_06115,0.9994487118
test_06116,0.9323786580
test_06117,0.0007004190
test_06118,0.0005997325
test_06119,0.9999949433
test_06120,0.7913480150
test_06121,0.9958210707
test_06122,0.0405060897
test_06123,0.3336352507
test_06124,0.0189453650
test_06125,0.9999634926
test_06126,0.4327887251
test_06127,0.0003873400
test_06128,0.9988312394
test_06129,0.6831584686
test_06130,0.9895377057
test_06131,0.0003787926
test_06132,0.9999498298
test_06133,0.4302458242
test_06134,0.0000070540
test_06135,0.0003472908
test_06136,0.9999853863
test_06137,0.9995627070
test_06138,0.9961501307
test_06139,0.9997664269
test_06140,0.9977143744
test_06141,0.9966239255
test_06142,0.9173896540
test_06143,0.0078466861
test_06144,0.9998373772
test_06145,0.0108063486
test_06146,0.0002040056
test_06147,0.9400916207
test_06148,0.0002490751
test_06149,0.0000862556
test_06150,0.0307698244
test_06151,0.6243673624
test_06152,0.0003462873
test_06153,0.9994576321
test_06154,0.0009167081
test_06155,0.9995814563
test_06156,0.0001976196
test_06157,0.0001693885
test_06158,0.0011344178
test_06159,0.7038719703
test_06160,0.8219971176
test_06161,0.0003005850
test_06162,0.8948264759
test_06163,0.9985031881
test_06164,0.9997701412
test_06165,0.0000291175
test_06166,0.0821705039
test_06167,0.8813138211
test_06168,0.5526868877
test_06169,0.9985976768
test_06170,0.9976868806
test_06171,0.0011616732
test_06172,0.9999700282
test_06173,0.9998444923
test_06174,0.0008529501
test_06175,0.0000312780
test_06176,0.9229074500
test_06177,0.9995250763
test_06178,0.9999339017
test_06179,0.5299948700
test_06180,0.7343791808
test_06181,0.0000379026
test_06182,0.2318979638
test_06183,0.9998992726
test_06184,0.9787444636
test_06185,0.1857932273
test_06186,0.9998268127
test_06187,0.0000072396
test_06188,0.9898146598
test_06189,0.0119432504
test_06190,0.5445647640
test_06191,0.1258669139
test_06192,0.0004636450
test_06193,0.6073907961
test_06194,0.9982908490
test_06195,0.0004955315
test_06196,0.0051786943
test_06197,0.9999261746
test_06198,0.0001984763
test_06199,0.9895270295
test_06200,0.9998508874
test_06201,0.9881127608
test_06202,0.3959578163
test_06203,0.0002243555
test_06204,0.1742035714
test_06205,0.9972729971
test_06206,0.0012244360
test_06207,0.9973110884
test_06208,0.0003993727
test_06209,0.0025772069
test_06210,0.9995545830
test_06211,0.0042113992
test_06212,0.9989238225
test_06213,0.0017713411
test_06214,0.0005953122
test_06215,0.9996884829
test_06216,0.9990119415
test_06217,0.9994966119
test_06218,0.9998256570
test_06219,0.0106285460
test_06220,0.0000740426
test_06221,0.0000696827
test_06222,0.0000179608
test_06223,0.0000428956
test_06224,0.9668783040
test_06225,0.9977563238
test_06226,0.9999853786
test_06227,0.0000471730
test_06228,0.9959618479
test_06229,0.0041386147
test_06230,0.0177777044
test_06231,0.0008915063
test_06232,0.0502350233
test_06233,0.0069245366
test_06234,0.9965385115
test_06235,0.0000202110
test_06236,0.0030757126
test_06237,0.9999181058
test_06238,0.0150895709
test_06239,0.9999306663
test_06240,0.9687624262
test_06241,0.9933054504
test_06242,0.0195246809
test_06243,0.9995634040
test_06244,0.6835186301
test_06245,0.9049807702
test_06246,0.9664944203
test_06247,0.9993655723
test_06248,0.9998573370
test_06249,0.9936043803
test_06250,0.9991252536
test_06251,0.0001282417
test_06252,0.9820877600
test_06253,0.2098094781
test_06254,0.9941456181
test_06255,0.0032255329
test_06256,0.9998538250
test_06257,0.9998058808
test_06258,0.9986736418
test_06259,0.7750682833
test_06260,0.9643311056
test_06261,0.0006103863
test_06262,0.7958282700
test_06263,0.9995694056
test_06264,0.9988690894
test_06265,0.9114457504
test_06266,0.9987839942
test_06267,0.9946257301
test_06268,0.9969272795
test_06269,0.2647273749
test_06270,0.6101393043
test_06271,0.9996385674
test_06272,0.9999490251
test_06273,0.5167258198
test_06274,0.7580701163
test_06275,0.9894345279
test_06276,0.0003837512
test_06277,0.9985295240
test_06278,0.0068061546
test_06279,0.0005301807
test_06280,0.0019026580
test_06281,0.9997327828
test_06282,0.9999185146
test_06283,0.0006719597
test_06284,0.0270797038
test_06285,0.0754670071
test_06286,0.9992025829
test_06287,0.0000308911
test_06288,0.9923417625
test_06289,0.4854587515
test_06290,0.1290651506
test_06291,0.0366446998
test_06292,0.0001171751
test_06293,0.0000218502
test_06294,0.3297156259
test_06295,0.0000078487
test_06296,0.0009575183
test_06297,0.8966587782
test_06298,0.9999981950
test_06299,0.9987257694
test_06300,0.9999468273
test_06301,0.0000987093
test_06302,0.9757327048
test_06303,0.0021010797
test_06304,0.9994164199
test_06305,0.0061982269
test_06306,0.0006990437
test_06307,0.6395012408
test_06308,0.9977165992
test_06309,0.9975953766
test_06310,0.0002002941
test_06311,0.0004760493
test_06312,0.0896099802
test_06313,0.3920379772
test_06314,0.0686388165
test_06315,0.0042531202
test_06316,0.1280473140
test_06317,0.9975607636
test_06318,0.9998286548
test_06319,0.7535292430
test_06320,0.9999535213
test_06321,0.5193108099
test_06322,0.9994139433
test_06323,0.4772368256
test_06324,0.0000173454
test_06325,0.9992481051
test_06326,0.9986921842
test_06327,0.0000488989
test_06328,0.9989549103
test_06329,0.0289590339
test_06330,0.0003316702
test_06331,0.0000790775
test_06332,0.0076320288
test_06333,0.9070062806
test_06334,0.0013271321
test_06335,0.8810599860
test_06336,0.0671592657
test_06337,0.2225331149
test_06338,0.9993003937
test_06339,0.9998852034
test_06340,0.9930614248
test_06341,0.0004730105
test_06342,0.9997669600
test_06343,0.0120153491
test_06344,0.0131312472
test_06345,0.2137721823
test_06346,0.9999044822
test_06347,0.0001211841
test_06348,0.9999722532
test_06349,0.1262437435
test_06350,0.0012081014
test_06351,0.9999414933
test_06352,0.1129717951
test_06353,0.0010956140
test_06354,0.8745866321
test_06355,0.6560605561
test_06356,0.9998746748
test_06357,0.0000393130
test_06358,0.9641039704
test_06359,0.9996941634
test_06360,0.9997513302
test_06361,0.0027565219
test_06362,0.0000518286
test_06363,0.5447403192
test_06364,0.7420583154
test_06365,0.0001006207
test_06366,0.9967230460
test_06367,0.8826599014
test_06368,0.9754212432
test_06369,0.9999188138
test_06370,0.9995827411
test_06371,0.0288629742
test_06372,0.4998294261
test_06373,0.9998681995
test_06374,0.9900567564
test_06375,0.2751879725
test_06376,0.0009502362
test_06377,0.9815194252
test_06378,0.9999548469
test_06379,0.0078355044
test_06380,0.0380908494
test_06381,0.0001678686
test_06382,0.9998736651
test_06383,0.9981628409
test_06384,0.9991567789
test_06385,0.0129230822
test_06386,0.9997321382
test_06387,0.9990362334
test_06388,0.9997234909
test_06389,0.0210785806
test_06390,0.9871794536
test_06391,0.0006185611
test_06392,0.0012977519
test_06393,0.0081676299
test_06394,0.9996201936
test_06395,0.0180043961
test_06396,0.0436100946
test_06397,0.0007481030
test_06398,0.9993205137
test_06399,0.0005203522
test_06400,0.0003550029
test_06401,0.8524287307
test_06402,0.9989465075
test_06403,0.0040490277
test_06404,0.8597899356
test_06405,0.0001001128
test_06406,0.0000147436
test_06407,0.0009880175
test_06408,0.0001333276
test_06409,0.9928966075
test_06410,0.9331805217
test_06411,0.9993811036
test_06412,0.0012814914
test_06413,0.0000857268
test_06414,0.9740591878
test_06415,0.0118659852
test_06416,0.9998646739
test_06417,0.8526041902
test_06418,0.3959478501
test_06419,0.9487906348
test_06420,0.0010409586
test_06421,0.9943425204
test_06422,0.9999826942
test_06423,0.9998448301
test_06424,0.8447354181
test_06425,0.0003469599
test_06426,0.0018690132
test_06427,0.2887970935
test_06428,0.9996302714
test_06429,0.0000030431
test_06430,0.0489955033
test_06431,0.9724385229
test_06432,0.0000084602
test_06433,0.2742000843
test_06434,0.9999836968
test_06435,0.9994879350
test_06436,0.0107293259
test_06437,0.0139289547
test_06438,0.0008003405
test_06439,0.9998900170
test_06440,0.0000972587
test_06441,0.9412610878
test_06442,0.0015843840
test_06443,0.0039386889
test_06444,0.0007854290
test_06445,0.0028788948
test_06446,0.8889042362
test_06447,0.9589462125
test_06448,0.9998504188
test_06449,0.0000262807
test_06450,0.9970367090
test_06451,0.9998195330
test_06452,0.9544582554
test_06453,0.0034414078
test_06454,0.9820271465
test_06455,0.9998968378
test_06456,0.0002381966
test_06457,0.9706313314
test_06458,0.0914206578
test_06459,0.9999939145
test_06460,0.0609679143
test_06461,0.0021443792
test_06462,0.9999273733
test_06463,0.9998276489
test_06464,0.0002745458
test_06465,0.0003706369
test_06466,0.2617248919
test_06467,0.3294734807
test_06468,0.0001728226
test_06469,0.9998761771
test_06470,0.9983457148
test_06471,0.0001202324
test_06472,0.0019594559
test_06473,0.9996294848
test_06474,0.0046759941
test_06475,0.9629441264
test_06476,0.0000294322
test_06477,0.0055087530
test_06478,0.9997416046
test_06479,0.9764571407
test_06480,0.9990000592
test_06481,0.0001524380
test_06482,0.7219346291
test_06483,0.0085682581
test_06484,0.0025509124
test_06485,0.9614454949
test_06486,0.9999886402
test_06487,0.0000852144
test_06488,0.9998244557
test_06489,0.0000291685
test_06490,0.9998808366
test_06491,0.0000470593
test_06492,0.9953887858
test_06493,0.0000163282
test_06494,0.9992672863
test_06495,0.0106755393
test_06496,0.0000673526
test_06497,0.9998587171
test_06498,0.9991327426
test_06499,0.0000384514
test_06500,0.1852543623
test_06501,0.0341918627
test_06502,0.9727664924
test_06503,0.0000953541
test_06504,0.0074087443
test_06505,0.0010749389
test_06506,0.6303449403
test_06507,0.9999847174
test_06508,0.9992667188
test_06509,0.2788583953
test_06510,0.9785544137
test_06511,0.4773312716
test_06512,0.9909834231
test_06513,0.9207563616
test_06514,0.0103161367
test_06515,0.9974399492
test_06516,0.9999072892
test_06517,0.9073379186
test_06518,0.3549495520
test_06519,0.0017607621
test_06520,0.0014633068
test_06521,0.9992441248
test_06522,0.9996198488
test_06523,0.9999349626
test_06524,0.0001373049
test_06525,0.0003993515
test_06526,0.9994651565
test_06527,0.0000606551
test_06528,0.9995850454
test_06529,0.0163655673
test_06530,0.0016525305
test_06531,0.9998943830
test_06532,0.9286673215
test_06533,0.9952386424
test_06534,0.9993154712
test_06535,0.9997986184
test_06536,0.3970725963
test_06537,0.0061284681
test_06538,0.6875927168
test_06539,0.0215032573
test_06540,0.0001449802
test_06541,0.3662437337
test_06542,0.0000323020
test_06543,0.0027964441
test_06544,0.9978433679
test_06545,0.9996580070
test_06546,0.0577151198
test_06547,0.9832074405
test_06548,0.9998349850
test_06549,0.0197799538
test_06550,0.9997521128
test_06551,0.0456052902
test_06552,0.6834991529
test_06553,0.9372600018
test_06554,0.8988934169
test_06555,0.0881751476
test_06556,0.9997216603
test_06557,0.0017757886
test_06558,0.9733590435
test_06559,0.0123781491
test_06560,0.0041988044
test_06561,0.9936231253
test_06562,0.0005411325
test_06563,0.0003229850
test_06564,0.9663166836
test_06565,0.9997919210
test_06566,0.9980792207
test_06567,0.4950858845
test_06568,0.0005876517
test_06569,0.0627807465
test_06570,0.0014207259
test_06571,0.0006125799
test_06572,0.0000784384
test_06573,0.0164489927
test_06574,0.0023784214
test_06575,0.0070827978
test_06576,0.3522749160
test_06577,0.0001259365
test_06578,0.9993931667
test_06579,0.0106375809
test_06580,0.4910827407
test_06581,0.0002617940
test_06582,0.9999498116
test_06583,0.0632625967
test_06584,0.7338416910
test_06585,0.0553272777
test_06586,0.3100442587
test_06587,0.9999759083
test_06588,0.0122290770
test_06589,0.6196656888
test_06590,0.0023037156
test_06591,0.0000330357
test_06592,0.7322507856
test_06593,0.9846985333
test_06594,0.9970750064
test_06595,0.2312303931
test_06596,0.5007439034
test_06597,0.7934789406
test_06598,0.0000816061
test_06599,0.0003164087
test_06600,0.0000469487
test_06601,0.0007532001
test_06602,0.0147963917
test_06603,0.0019937844
test_06604,0.5822341382
test_06605,0.0002886172
test_06606,0.9991800068
test_06607,0.0022933911
test_06608,0.9990730473
test_06609,0.9006663929
test_06610,0.0002760334
test_06611,0.3034674799
test_06612,0.0000063407
test_06613,0.0000707252
test_06614,0.0005902418
test_06615,0.0072160127
test_06616,0.5273828847
test_06617,0.9967675051
test_06618,0.0001059460
test_06619,0.0000982313
test_06620,0.9565592555
test_06621,0.0000738324
test_06622,0.0044092968
test_06623,0.0424694836
test_06624,0.9999520293
test_06625,0.9916698847
test_06626,0.0000409249
test_06627,0.0112502138
test_06628,0.9970725931
test_06629,0.0004760059
test_06630,0.0002360537
test_06631,0.0097031009
test_06632,0.0000095383
test_06633,0.0000419136
test_06634,0.9994956166
test_06635,0.0148461496
test_06636,0.0916282367
test_06637,0.0001723305
test_06638,0.0009670323
test_06639,0.9864387862
test_06640,0.9991714173
test_06641,0.0018535295
test_06642,0.9656667763
test_06643,0.9997548470
test_06644,0.9999706338
test_06645,0.9998944814
test_06646,0.9976667490
test_06647,0.9998753001
test_06648,0.0042776067
test_06649,0.0628709978
test_06650,0.0046288414
test_06651,0.4108865686
test_06652,0.0001056147
test_06653,0.9999021243
test_06654,0.0485925628
test_06655,0.0008586515
test_06656,0.9973366451
test_06657,0.9998162200
test_06658,0.0000765919
test_06659,0.9978174269
test_06660,0.9964300498
test_06661,0.0004190156
test_06662,0.0005239548
test_06663,0.0014990270
test_06664,0.0000461254
test_06665,0.0030045067
test_06666,0.0003815554
test_06667,0.9999680392
test_06668,0.6802333859
test_06669,0.0001167331
test_06670,0.4026714218
test_06671,0.9998522403
test_06672,0.0008303371
test_06673,0.0000982648
test_06674,0.9998611777
test_06675,0.0189798561
test_06676,0.9674617088
test_06677,0.9997469343
test_06678,0.9998705626
test_06679,0.0001058538
test_06680,0.0000801961
test_06681,0.9998194703
test_06682,0.0002118325
test_06683,0.9677878403
test_06684,0.0000178417
test_06685,0.9974698068
test_06686,0.9988473304
test_06687,0.0025337346
test_06688,0.6095143590
test_06689,0.9473925647
test_06690,0.9754961809
test_06691,0.0000293358
test_06692,0.7509995189
test_06693,0.7710919242
test_06694,0.9998271704
test_06695,0.0004859941
test_06696,0.6981477042
test_06697,0.9999781011
test_06698,0.0018186333
test_06699,0.4442026750
test_06700,0.9999888061
test_06701,0.9993274897
test_06702,0.9996348326
test_06703,0.0001445884
test_06704,0.9999751473
test_06705,0.9992278759
test_06706,0.4734272772
test_06707,0.0045409675
test_06708,0.8582453823
test_06709,0.1650818722
test_06710,0.9583352377
test_06711,0.9999909136
test_06712,0.0023026223
test_06713,0.9999473752
test_06714,0.0568467564
test_06715,0.0001220034
test_06716,0.9999383770
test_06717,0.9796403507
test_06718,0.9983229326
test_06719,0.9992635967
test_06720,0.9998881905
test_06721,0.0000752989
test_06722,0.9121986928
test_06723,0.9949077998
test_06724,0.0007053096
test_06725,0.2299887352
test_06726,0.9999523391
test_06727,0.0332342743
test_06728,0.0029172562
test_06729,0.0362217815
test_06730,0.0012969479
test_06731,0.8712915935
test_06732,0.7013110161
test_06733,0.9964107932
test_06734,0.0002629986
test_06735,0.6224676330
test_06736,0.9999959122
test_06737,0.9999829858
test_06738,0.9993083917
test_06739,0.9568083753
test_06740,0.9999936541
test_06741,0.9998055892
test_06742,0.9971942532
test_06743,0.9998731636
test_06744,0.0092363881
test_06745,0.0000120481
test_06746,0.9994629511
test_06747,0.9986769159
test_06748,0.0063390574
test_06749,0.9997559040
test_06750,0.9998817414
test_06751,0.0442597093
test_06752,0.0004786727
test_06753,0.0011725982
test_06754,0.0000143760
test_06755,0.9923452605
test_06756,0.0001895141
test_06757,0.9991332866
test_06758,0.0003056221
test_06759,0.0001360801
test_06760,0.0009499793
test_06761,0.9995602086
test_06762,0.9996728937
test_06763,0.9997989255
test_06764,0.9973833265
test_06765,0.9999098060
test_06766,0.0008626557
test_06767,0.0006857559
test_06768,0.9999016964
test_06769,0.0004062854
test_06770,0.0022582466
test_06771,0.9997074916
test_06772,0.0002947371
test_06773,0.9999998200
test_06774,0.2358189857
test_06775,0.0008371744
test_06776,0.9999642995
test_06777,0.9997696907
test_06778,0.0001286131
test_06779,0.0634329930
test_06780,0.9999868220
test_06781,0.9999462423
test_06782,0.9874943791
test_06783,0.9212480131
test_06784,0.0491082857
test_06785,0.9997171711
test_06786,0.9999520605
test_06787,0.0000243464
test_06788,0.0005308733
test_06789,0.0153762832
test_06790,0.9729815730
test_06791,0.8529422827
test_06792,0.9999712052
test_06793,0.0027319036
test_06794,0.9997100979
test_06795,0.0013532120
test_06796,0.9990732003
test_06797,0.3304630585
test_06798,0.9999393436
test_06799,0.0007659334
test_06800,0.0002224163
test_06801,0.9954347122
test_06802,0.0117218616
test_06803,0.0016742590
test_06804,0.7275676477
test_06805,0.0004365312
test_06806,0.9990882757
test_06807,0.9995529041
test_06808,0.9934823558
test_06809,0.9976533716
test_06810,0.6717988754
test_06811,0.9988547794
test_06812,0.0096740597
test_06813,0.9876961338
test_06814,0.9999636672
test_06815,0.9985802753
test_06816,0.9999219087
test_06817,0.0004864707
test_06818,0.9934049983
test_06819,0.9945217494
test_06820,0.0001940954
test_06821,0.5520915530
test_06822,0.0071635645
test_06823,0.0016581736
test_06824,0.9856193578
test_06825,0.0000697906
test_06826,0.0013776122
test_06827,0.0033594438
test_06828,0.9999590744
test_06829,0.9995132374
test_06830,0.0002431910
test_06831,0.9999081917
test_06832,0.0000380279
test_06833,0.3932518645
test_06834,0.0228261218
test_06835,0.0009834777
test_06836,0.0021004300
test_06837,0.0001926276
test_06838,0.0001345117
test_06839,0.0974220792
test_06840,0.9985844593
test_06841,0.0001169167
test_06842,0.9988442498
test_06843,0.0026882320
test_06844,0.0000521957
test_06845,0.0433338201
test_06846,0.9999854300
test_06847,0.9972303563
test_06848,0.0001278336
test_06849,0.9938426339
test_06850,0.0008375218
test_06851,0.0000700817
test_06852,0.0014518503
test_06853,0.0636031966
test_06854,0.9138043710
test_06855,0.0016519395
test_06856,0.0000095440
test_06857,0.3469027617
test_06858,0.0002664413
test_06859,0.9448203024
test_06860,0.8465231322
test_06861,0.0000226976
test_06862,0.6448818284
test_06863,0.5856204826
test_06864,0.7328461881
test_06865,0.0946584153
test_06866,0.0004300371
test_06867,0.0161390591
test_06868,0.9130195746
test_06869,0.0006423940
test_06870,0.9993098591
test_06871,0.9911197637
test_06872,0.4869803962
test_06873,0.0058220015
test_06874,0.9991192037
test_06875,0.0773918109
test_06876,0.0006856911
test_06877,0.9991417329
test_06878,0.2687000276
test_06879,0.7704209428
test_06880,0.0000458400
test_06881,0.9716677185
test_06882,0.0014558481
test_06883,0.3166940947
test_06884,0.0000158065
test_06885,0.0308246129
test_06886,0.0063378243
test_06887,0.9968824558
test_06888,0.0113075628
test_06889,0.9995928281
test_06890,0.0023002243
test_06891,0.0048028164
test_06892,0.0015172877
test_06893,0.0809080240
test_06894,0.0000131423
test_06895,0.0001040692
test_06896,0.9762871542
test_06897,0.3434760236
test_06898,0.9567988247
test_06899,0.0117130295
test_06900,0.0000709314
test_06901,0.9995983916
test_06902,0.0128525105
test_06903,0.9997393603
test_06904,0.9960847263
test_06905,0.9998566135
test_06906,0.0019276475
test_06907,0.9974626843
test_06908,0.9999677681
test_06909,0.0000129723
test_06910,0.9618900690
test_06911,0.9999316710
test_06912,0.0002481302
test_06913,0.2058032071
test_06914,0.9916135397
test_06915,0.0864895578
test_06916,0.9999696420
test_06917,0.0000635064
test_06918,0.9454703425
test_06919,0.9999336844
test_06920,0.0006307091
test_06921,0.9995968800
test_06922,0.9999915666
test_06923,0.9986346837
test_06924,0.8869538655
test_06925,0.0000954207
test_06926,0.0004176288
test_06927,0.0061308343
test_06928,0.0007133357
test_06929,0.4863992552
test_06930,0.0011127068
test_06931,0.0000845238
test_06932,0.9896655387
test_06933,0.9989255352
test_06934,0.0054365805
test_06935,0.0001264384
test_06936,0.9983318558
test_06937,0.5815604214
test_06938,0.0002771194
test_06939,0.0032829873
test_06940,0.6254601698
test_06941,0.0460937042
test_06942,0.0001724729
test_06943,0.0037107429
test_06944,0.4296439428
test_06945,0.0018192178
test_06946,0.0028463970
test_06947,0.9949193619
test_06948,0.9678079539
test_06949,0.9999455500
test_06950,0.7536602034
test_06951,0.0003964980
test_06952,0.9972354033
test_06953,0.0008751451
test_06954,0.5790439011
test_06955,0.9997699347
test_06956,0.9899462585
test_06957,0.7382002280
test_06958,0.9996693664
test_06959,0.0000659507
test_06960,0.0021974169
test_06961,0.9957319778
test_06962,0.0004625484
test_06963,0.0097867485
test_06964,0.9983555206
test_06965,0.0027876966
test_06966,0.0021657347
test_06967,0.0000968541
test_06968,0.0000028038
test_06969,0.0074806326
test_06970,0.9999222076
test_06971,0.9788983586
test_06972,0.0005287502
test_06973,0.9998219490
test_06974,0.0004128225
test_06975,0.9998725504
test_06976,0.9997871428
test_06977,0.9751111561
test_06978,0.0001965156
test_06979,0.8559421622
test_06980,0.9998979082
test_06981,0.9997817507
test_06982,0.9994096905
test_06983,0.0000768092
test_06984,0.0002121901
test_06985,0.0000650242
test_06986,0.0134283923
test_06987,0.0000184303
test_06988,0.0004021090
test_06989,0.0011742675
test_06990,0.9999371097
test_06991,0.9108764978
test_06992,0.7176692302
test_06993,0.0000706685
test_06994,0.0007647413
test_06995,0.0003532362
test_06996,0.0191199450
test_06997,0.5758431934
test_06998,0.0001304169
test_06999,0.9924113463
test_07000,0.0019587680
test_07001,0.0478862246
test_07002,0.9999121025
test_07003,0.5059079414
test_07004,0.5517592057
test_07005,0.9984634062
test_07006,0.2739544844
test_07007,0.0017764819
test_07008,0.0019058334
test_07009,0.9995521942
test_07010,0.8784091567
test_07011,0.9994883335
test_07012,0.9703394075
test_07013,0.0571647412
test_07014,0.9966391692
test_07015,0.9992039289
test_07016,0.9969022992
test_07017,0.3504755214
test_07018,0.9993911041
test_07019,0.8460950374
test_07020,0.0100898227
test_07021,0.9989255052
test_07022,0.0025541787
test_07023,0.9998372732
test_07024,0.0016397998
test_07025,0.9998185320
test_07026,0.9987843668
test_07027,0.0002082927
test_07028,0.9590476018
test_07029,0.9826644748
test_07030,0.6107266089
test_07031,0.0000242855
test_07032,0.9986371142
test_07033,0.9998756122
test_07034,0.0003940440
test_07035,0.0002185167
test_07036,0.0001199632
test_07037,0.0010486913
test_07038,0.9984088877
test_07039,0.0003644706
test_07040,0.0009119726
test_07041,0.8878837468
test_07042,0.9999054856
test_07043,0.0069392639
test_07044,0.9995870610
test_07045,0.0008015900
test_07046,0.9985946876
test_07047,0.9999090483
test_07048,0.0001767393
test_07049,0.0323057824
test_07050,0.8226479919
test_07051,0.0000308661
test_07052,0.9965580603
test_07053,0.0000568256
test_07054,0.9985916668
test_07055,0.9986554851
test_07056,0.9996695088
test_07057,0.0003989421
test_07058,0.9240184244
test_07059,0.5083389956
test_07060,0.9999902585
test_07061,0.9998600868
test_07062,0.0053909558
test_07063,0.0064846082
test_07064,0.0009589975
test_07065,0.0011219006
test_07066,0.5143316796
test_07067,0.9997338888
test_07068,0.7388220227
test_07069,0.9999251898
test_07070,0.0000406619
test_07071,0.0019960038
test_07072,0.9992605506
test_07073,0.9863198472
test_07074,0.9999050581
test_07075,0.8965893140
test_07076,0.9999142820
test_07077,0.0027985606
test_07078,0.9999119727
test_07079,0.9998743184
test_07080,0.0111946867
test_07081,0.0992744053
test_07082,0.9962417010
test_07083,0.0072734411
test_07084,0.0290388787
test_07085,0.0090824915
test_07086,0.9962721778
test_07087,0.0212187916
test_07088,0.9918770346
test_07089,0.0008139945
test_07090,0.2162684555
test_07091,0.0002003834
test_07092,0.9979989687
test_07093,0.9973901009
test_07094,0.9995536406
test_07095,0.0000300520
test_07096,0.9998911593
test_07097,0.0028180244
test_07098,0.0004718591
test_07099,0.0034088824
test_07100,0.3613522843
test_07101,0.9991909206
test_07102,0.9993655804
test_07103,0.9989604473
test_07104,0.9993623024
test_07105,0.0000055693
test_07106,0.9241188022
test_07107,0.0029548070
test_07108,0.7600986889
test_07109,0.1524019375
test_07110,0.9930938067
test_07111,0.5156070176
test_07112,0.9976197466
test_07113,0.0000494834
test_07114,0.9997630369
test_07115,0.7001767729
test_07116,0.2416568576
test_07117,0.0006664704
test_07118,0.0013487824
test_07119,0.0004865913
test_07120,0.0388545226
test_07121,0.0010383361
test_07122,0.9549033655
test_07123,0.3488840725
test_07124,0.9999226656
test_07125,0.9997636538
test_07126,0.9992690444
test_07127,0.9985321566
test_07128,0.0004145504
test_07129,0.0002064164
test_07130,0.9987842784
test_07131,0.9977049649
test_07132,0.0007484803
test_07133,0.0181448503
test_07134,0.0568938232
test_07135,0.0000771943
test_07136,0.9999833864
test_07137,0.9991231109
test_07138,0.0001004605
test_07139,0.0003525117
test_07140,0.0035570459
test_07141,0.0365123892
test_07142,0.0003800549
test_07143,0.0006235257
test_07144,0.0002909504
test_07145,0.0000668144
test_07146,0.9998633300
test_07147,0.4947101868
test_07148,0.9991298120
test_07149,0.0000122844
test_07150,0.5213526961
test_07151,0.3793893762
test_07152,0.9993886427
test_07153,0.9477912433
test_07154,0.9630282563
test_07155,0.0129048062
test_07156,0.0003327750
test_07157,0.9770556002
test_07158,0.9997827262
test_07159,0.0001585103
test_07160,0.0014849587
test_07161,0.0037268279
test_07162,0.9025727144
test_07163,0.9563278537
test_07164,0.9124584901
test_07165,0.4353948729
test_07166,0.9996012497
test_07167,0.0001988952
test_07168,0.9984329767
test_07169,0.0001275812
test_07170,0.9997635866
test_07171,0.9973780401
test_07172,0.9996748211
test_07173,0.9996566106
test_07174,0.9988207772
test_07175,0.9996519353
test_07176,0.0019141340
test_07177,0.0007867446
test_07178,0.9338658190
test_07179,0.0014655359
test_07180,0.0003083100
test_07181,0.5038063867
test_07182,0.0004288549
test_07183,0.0002783877
test_07184,0.0000204141
test_07185,0.9997336606
test_07186,0.9989107113
test_07187,0.0003274821
test_07188,0.8576839337
test_07189,0.0000248492
test_07190,0.9966499038
test_07191,0.0000192341
test_07192,0.0000256705
test_07193,0.0022943500
test_07194,0.9919793463
test_07195,0.9481215912
test_07196,0.9985431444
test_07197,0.0000683059
test_07198,0.0067461452
test_07199,0.0001835441
test_07200,0.9999844343
test_07201,0.9732661272
test_07202,0.0001134892
test_07203,0.9995719491
test_07204,0.6918409035
test_07205,0.0002646231
test_07206,0.1712076124
test_07207,0.7379600550
test_07208,0.0028058820
test_07209,0.0414968008
test_07210,0.0003018732
test_07211,0.1910327820
test_07212,0.5751827771
test_07213,0.0034889777
test_07214,0.9999823906
test_07215,0.7308272686
test_07216,0.0003621670
test_07217,0.0000987526
test_07218,0.4900916499
test_07219,0.9999921003
test_07220,0.0183244899
test_07221,0.9998914850
test_07222,0.0124147323
test_07223,0.0153199831
test_07224,0.9997538084
test_07225,0.3746280815
test_07226,0.5643737737
test_07227,0.9999098473
test_07228,0.0003071455
test_07229,0.0116512246
test_07230,0.0022869396
test_07231,0.0003820139
test_07232,0.8328946281
test_07233,0.9991623862
test_07234,0.9993930150
test_07235,0.9944677703
test_07236,0.0005897283
test_07237,0.9997079867
test_07238,0.0052931434
test_07239,0.8371393243
test_07240,0.0126867469
test_07241,0.0001147185
test_07242,0.7078037112
test_07243,0.0001664799
test_07244,0.9990426311
test_07245,0.0164366192
test_07246,0.0108749101
test_07247,0.9776173423
test_07248,0.9998972262
test_07249,0.0014328026
test_07250,0.0012542065
test_07251,0.0037824503
test_07252,0.9969880286
test_07253,0.0001842854
test_07254,0.0005671502
test_07255,0.0593597922
test_07256,0.0000823960
test_07257,0.9997959442
test_07258,0.0545059690
test_07259,0.9855718638
test_07260,0.9998006439
test_07261,0.0077634738
test_07262,0.0011466649
test_07263,0.9988433589
test_07264,0.0001502813
test_07265,0.9959110049
test_07266,0.0016064146
test_07267,0.0175909856
test_07268,0.9501095097
test_07269,0.9411410233
test_07270,0.9934056525
test_07271,0.9535717805
test_07272,0.0032030665
test_07273,0.9998816027
test_07274,0.8794936495
test_07275,0.0002197386
test_07276,0.0014861351
test_07277,0.9992669151
test_07278,0.8128371018
test_07279,0.0053258813
test_07280,0.0002614946
test_07281,0.0001130200
test_07282,0.8634875870
test_07283,0.0001811235
test_07284,0.0056868743
test_07285,0.9979185157
test_07286,0.0220938309
test_07287,0.9662131185
test_07288,0.0007236671
test_07289,0.0081139047
test_07290,0.0037194490
test_07291,0.9736754194
test_07292,0.0002990371
test_07293,0.0007476985
test_07294,0.9990645025
test_07295,0.9710074075
test_07296,0.9460708747
test_07297,0.9999894475
test_07298,0.0189974964
test_07299,0.8618499014
test_07300,0.0015354988
test_07301,0.9998967695
test_07302,0.0010315909
test_07303,0.9964514560
test_07304,0.0000247380
test_07305,0.0031178219
test_07306,0.0095667924
test_07307,0.0000486312
test_07308,0.0000131607
test_07309,0.0002381153
test_07310,0.0009648530
test_07311,0.3891933993
test_07312,0.9860187186
test_07313,0.0111458457
test_07314,0.9975750299
test_07315,0.0269695491
test_07316,0.0135375324
test_07317,0.9996777775
test_07318,0.0044928055
test_07319,0.9938193964
test_07320,0.9994803828
test_07321,0.0131823246
test_07322,0.7629501449
test_07323,0.1792518175
test_07324,0.7310602515
test_07325,0.6544536584
test_07326,0.9798508826
test_07327,0.9944433469
test_07328,0.9997773486
test_07329,0.0000574038
test_07330,0.0049603733
test_07331,0.0009574585
test_07332,0.0013661102
test_07333,0.0897588891
test_07334,0.9741566303
test_07335,0.8713445382
test_07336,0.0013962634
test_07337,0.7651268226
test_07338,0.9989015442
test_07339,0.5867772713
test_07340,0.9983851417
test_07341,0.0284016550
test_07342,0.0002192001
test_07343,0.6344736824
test_07344,0.7154017510
test_07345,0.0000740265
test_07346,0.0048165067
test_07347,0.0511483859
test_07348,0.8887172015
test_07349,0.0004304663
test_07350,0.9999541551
test_07351,0.0000086472
test_07352,0.6580251146
test_07353,0.7620254583
test_07354,0.8540578238
test_07355,0.9999292325
test_07356,0.9997575737
test_07357,0.9999357484
test_07358,0.9900435525
test_07359,0.0000541723
test_07360,0.9988851388
test_07361,0.6963862285
test_07362,0.0013447705
test_07363,0.7589835298
test_07364,0.0020409948
test_07365,0.6950369769
test_07366,0.9957121048
test_07367,0.9796477476
test_07368,0.6147455756
test_07369,0.0295641350
test_07370,0.9974410191
test_07371,0.0015067338
test_07372,0.0021366226
test_07373,0.9999796533
test_07374,0.0012397385
test_07375,0.4398860116
test_07376,0.3931075728
test_07377,0.0006939519
test_07378,0.4485517617
test_07379,0.0015915852
test_07380,0.4419178245
test_07381,0.0033547601
test_07382,0.7211793199
test_07383,0.9431410785
test_07384,0.8847318148
test_07385,0.0010754195
test_07386,0.0000604507
test_07387,0.0001614439
test_07388,0.9590320824
test_07389,0.0001316554
test_07390,0.0000340536
test_07391,0.9998405829
test_07392,0.9355831599
test_07393,0.6123004840
test_07394,0.8932834026
test_07395,0.9902365809
test_07396,0.0000005207
test_07397,0.9981392846
test_07398,0.9994937371
test_07399,0.9916896799
test_07400,0.9944272624
test_07401,0.0015728266
test_07402,0.9999543451
test_07403,0.0001786318
test_07404,0.0000970980
test_07405,0.9996033916
test_07406,0.0001077716
test_07407,0.0000292649
test_07408,0.4651146193
test_07409,0.9802974135
test_07410,0.9983672867
test_07411,0.0004558732
test_07412,0.0010886846
test_07413,0.9995034168
test_07414,0.0000119461
test_07415,0.9734875652
test_07416,0.0035989428
test_07417,0.0004247852
test_07418,0.9998552984
test_07419,0.0190959055
test_07420,0.0000234632
test_07421,0.0482698990
test_07422,0.9995189844
test_07423,0.9994593781
test_07424,0.0003357770
test_07425,0.0051407342
test_07426,0.0103486250
test_07427,0.0655269405
test_07428,0.0013160792
test_07429,0.0446576205
test_07430,0.0001315358
test_07431,0.9996995939
test_07432,0.0039110408
test_07433,0.1835209290
test_07434,0.0002010893
test_07435,0.0001559763
test_07436,0.0022444988
test_07437,0.9973615994
test_07438,0.9990521973
test_07439,0.6314779444
test_07440,0.0018631768
test_07441,0.0075007313
test_07442,0.0001774209
test_07443,0.9677748929
test_07444,0.0003381323
test_07445,0.0029505701
test_07446,0.0001977816
test_07447,0.0000463668
test_07448,0.0066894475
test_07449,0.9999471461
test_07450,0.9335269669
test_07451,0.9961188840
test_07452,0.0001794338
test_07453,0.0017322222
test_07454,0.9138877370
test_07455,0.0019842167
test_07456,0.9988212976
test_07457,0.9956976420
test_07458,0.9999623411
test_07459,0.9652887526
test_07460,0.0001074513
test_07461,0.9995966541
test_07462,0.9905355341
test_07463,0.0003043700
test_07464,0.3674472166
test_07465,0.9988996693
test_07466,0.0844922850
test_07467,0.9968399630
test_07468,0.9840207288
test_07469,0.0056166356
test_07470,0.9942796413
test_07471,0.4645538887
test_07472,0.7415544517
test_07473,0.0059072160
test_07474,0.0006239209
test_07475,0.9806466478
test_07476,0.0005943361
test_07477,0.0009777152
test_07478,0.9985402441
test_07479,0.9995575598
test_07480,0.4958173233
test_07481,0.0084761450
test_07482,0.9130592559
test_07483,0.8716120589
test_07484,0.1178259223
test_07485,0.9999063767
test_07486,0.9993117944
test_07487,0.2771841991
test_07488,0.0001234283
test_07489,0.9998710473
test_07490,0.0195141256
test_07491,0.0005420034
test_07492,0.5974175754
test_07493,0.9686965707
test_07494,0.9964418442
test_07495,0.9999866081
test_07496,0.0000908080
test_07497,0.0000161066
test_07498,0.8803379793
test_07499,0.0000358550
test_07500,0.0001564042
test_07501,0.0002446870
test_07502,0.9998903774
test_07503,0.0035255796
test_07504,0.0007735337
test_07505,0.9958624393
test_07506,0.9765705312
test_07507,0.0135878864
test_07508,0.0000745130
test_07509,0.9998852869
test_07510,0.4586021002
test_07511,0.9993210351
test_07512,0.0000277955
test_07513,0.9996610170
test_07514,0.9947780013
test_07515,0.9907257715
test_07516,0.9984795148
test_07517,0.9999903016
test_07518,0.0013314977
test_07519,0.0042107158
test_07520,0.0015237311
test_07521,0.0052659906
test_07522,0.9999729170
test_07523,0.0005704758
test_07524,0.1149577076
test_07525,0.7187500996
test_07526,0.0010794577
test_07527,0.5705460927
test_07528,0.9999756916
test_07529,0.0000398995
test_07530,0.9995136902
test_07531,0.9994926719
test_07532,0.9996619235
test_07533,0.0007234577
test_07534,0.2093572807
test_07535,0.6386853740
test_07536,0.0346536287
test_07537,0.0005773678
test_07538,0.4584830220
test_07539,0.9998739238
test_07540,0.0565174651
test_07541,0.8255114936
test_07542,0.9960988289
test_07543,0.0003791996
test_07544,0.9998770999
test_07545,0.0638102913
test_07546,0.7314487293
test_07547,0.9951304564
test_07548,0.0345192227
test_07549,0.9997843769
test_07550,0.9966112988
test_07551,0.8307354811
test_07552,0.0360853388
test_07553,0.9983514678
test_07554,0.9999650678
test_07555,0.0001423971
test_07556,0.0001612012
test_07557,0.9999439057
test_07558,0.9636718740
test_07559,0.8826207109
test_07560,0.8013252933
test_07561,0.0001700712
test_07562,0.6491468075
test_07563,0.9407071356
test_07564,0.9999615846
test_07565,0.0006707706
test_07566,0.5101500057
test_07567,0.0005821335
test_07568,0.0005325427
test_07569,0.7140981956
test_07570,0.9998351675
test_07571,0.0091452367
test_07572,0.9999320859
test_07573,0.9997279093
test_07574,0.9998939651
test_07575,0.0250752899
test_07576,0.0001601585
test_07577,0.0485190879
test_07578,0.0032476039
test_07579,0.0001642701
test_07580,0.9999535909
test_07581,0.0063233471
test_07582,0.0000926470
test_07583,0.9992752902
test_07584,0.9981396599
test_07585,0.9236156264
test_07586,0.9998011001
test_07587,0.0004945154
test_07588,0.9995804005
test_07589,0.9919430168
test_07590,0.0045731094
test_07591,0.9999573476
test_07592,0.0000638953
test_07593,0.9977714674
test_07594,0.7285919845
test_07595,0.0000385092
test_07596,0.0022365342
test_07597,0.9975827634
test_07598,0.9306586496
test_07599,0.9996413521
test_07600,0.0000857466
test_07601,0.0001391603
test_07602,0.0003959158
test_07603,0.9999987820
test_07604,0.0002333296
test_07605,0.0001138984
test_07606,0.0001699167
test_07607,0.1282226905
test_07608,0.0469844562
test_07609,0.9982229319
test_07610,0.0000829657
test_07611,0.0001499076
test_07612,0.0009411897
test_07613,0.0976454530
test_07614,0.9998547818
test_07615,0.9992555984
test_07616,0.9997677140
test_07617,0.1050572436
test_07618,0.9994852169
test_07619,0.0001144936
test_07620,0.3481181294
test_07621,0.0009375009
test_07622,0.0001862283
test_07623,0.9937176245
test_07624,0.0000139788
test_07625,0.0000071150
test_07626,0.9999399400
test_07627,0.9995597580
test_07628,0.9851863568
test_07629,0.0001507295
test_07630,0.9996679983
test_07631,0.0009969685
test_07632,0.0012619299
test_07633,0.0192839500
test_07634,0.9996954515
test_07635,0.9996791719
test_07636,0.0140205461
test_07637,0.9982901298
test_07638,0.9999965755
test_07639,0.0022269804
test_07640,0.0003217606
test_07641,0.9999801986
test_07642,0.0044273000
test_07643,0.9999971531
test_07644,0.9998406677
test_07645,0.0024508707
test_07646,0.9295829468
test_07647,0.9999768667
test_07648,0.0032058945
test_07649,0.9833273259
test_07650,0.9998242254
test_07651,0.0872422529
test_07652,0.8584403993
test_07653,0.9998179415
test_07654,0.9983905191
test_07655,0.1214301616
test_07656,0.0029511155
test_07657,0.9995690438
test_07658,0.0000425646
test_07659,0.9993531531
test_07660,0.9430387640
test_07661,0.9994377228
test_07662,0.0007657209
test_07663,0.0004132330
test_07664,0.0003064929
test_07665,0.0003092021
test_07666,0.9997719883
test_07667,0.0001477518
test_07668,0.0023920137
test_07669,0.9999923706
test_07670,0.0012902571
test_07671,0.0000293957
test_07672,0.0010128893
test_07673,0.0003740446
test_07674,0.2832941129
test_07675,0.0050349754
test_07676,0.0078574821
test_07677,0.4281209943
test_07678,0.0180463148
test_07679,0.0004642742
test_07680,0.9602616319
test_07681,0.0000203759
test_07682,0.0113038704
test_07683,0.9973570935
test_07684,0.7852993726
test_07685,0.0883350243
test_07686,0.0088298947
test_07687,0.2000051038
test_07688,0.5170359174
test_07689,0.9981020949
test_07690,0.9996959825
test_07691,0.0000819025
test_07692,0.9999512030
test_07693,0.9998077414
test_07694,0.0005863154
test_07695,0.0206243874
test_07696,0.0122031227
test_07697,0.9999127514
test_07698,0.9992327887
test_07699,0.0002209889
test_07700,0.9974395918
test_07701,0.0015104817
test_07702,0.0035286491
test_07703,0.9983120008
test_07704,0.9999783351
test_07705,0.0012776616
test_07706,0.9988240160
test_07707,0.0127172036
test_07708,0.9998281583
test_07709,0.9107590887
test_07710,0.9999913445
test_07711,0.9998815767
test_07712,0.0001658535
test_07713,0.0000193825
test_07714,0.0000241026
test_07715,0.9571713565
test_07716,0.9990062083
test_07717,0.0002459937
test_07718,0.0000763985
test_07719,0.0002639426
test_07720,0.0236758588
test_07721,0.3965649655
test_07722,0.0033219317
test_07723,0.0004033301
test_07724,0.9998636769
test_07725,0.9996151509
test_07726,0.3843260219
test_07727,0.0081664947
test_07728,0.0015508080
test_07729,0.9996595972
test_07730,0.0069063398
test_07731,0.0002907247
test_07732,0.1614890288
test_07733,0.9978767646
test_07734,0.0012905762
test_07735,0.0007263267
test_07736,0.0000696477
test_07737,0.9993138777
test_07738,0.1406241063
test_07739,0.3202022469
test_07740,0.0004824375
test_07741,0.0007328570
test_07742,0.5943004716
test_07743,0.9956498464
test_07744,0.0009103727
test_07745,0.5727688983
test_07746,0.4104403356
test_07747,0.0161129626
test_07748,0.0000125651
test_07749,0.9981385284
test_07750,0.9993037208
test_07751,0.3096314069
test_07752,0.0002210646
test_07753,0.3527050116
test_07754,0.0939075960
test_07755,0.1113293179
test_07756,0.9989325633
test_07757,0.0615417762
test_07758,0.0306152356
test_07759,0.3536259770
test_07760,0.1821130041
test_07761,0.9834734098
test_07762,0.9971194782
test_07763,0.9998770395
test_07764,0.9940537463
test_07765,0.5200991785
test_07766,0.9987380693
test_07767,0.0027248386
test_07768,0.0942985748
test_07769,0.0001054514
test_07770,0.0110003422
test_07771,0.9991758165
test_07772,0.9995127174
test_07773,0.9988029469
test_07774,0.0002758630
test_07775,0.0001116021
test_07776,0.0197891897
test_07777,0.9999846035
test_07778,0.9994268344
test_07779,0.9628688012
test_07780,0.5718817667
test_07781,0.0024425505
test_07782,0.4983366497
test_07783,0.0043092566
test_07784,0.0791328935
test_07785,0.0595330360
test_07786,0.3536036388
test_07787,0.9985404347
test_07788,0.9993906914
test_07789,0.9998617538
test_07790,0.0009266618
test_07791,0.0003043580
test_07792,0.0016367299
test_07793,0.0021857397
test_07794,0.0044241059
test_07795,0.9942469598
test_07796,0.2098424218
test_07797,0.2322670714
test_07798,0.9996652542
test_07799,0.9376646277
test_07800,0.9566331373
test_07801,0.0003579091
test_07802,0.9981522191
test_07803,0.9410935496
test_07804,0.9955682735
test_07805,0.0000829056
test_07806,0.0002475992
test_07807,0.0495778900
test_07808,0.0004176286
test_07809,0.0003455602
test_07810,0.0023968993
test_07811,0.9999037209
test_07812,0.1351042062
test_07813,0.9999807393
test_07814,0.0004604410
test_07815,0.0000054491
test_07816,0.0004023128
test_07817,0.9973487331
test_07818,0.0000864691
test_07819,0.9976542069
test_07820,0.0000147549
test_07821,0.9998788272
test_07822,0.0001243584
test_07823,0.0066300593
test_07824,0.9795145310
test_07825,0.9999746421
test_07826,0.0047374764
test_07827,0.9978054977
test_07828,0.0032244990
test_07829,0.9863230893
test_07830,0.0006465897
test_07831,0.9999425326
test_07832,0.9697931478
test_07833,0.7617882480
test_07834,0.9963960699
test_07835,0.8423724654
test_07836,0.0637572598
test_07837,0.0001771637
test_07838,0.9998794880
test_07839,0.9995663283
test_07840,0.9865322762
test_07841,0.0000104790
test_07842,0.0070958568
test_07843,0.0144269235
test_07844,0.9978768770
test_07845,0.9952582835
test_07846,0.0003574242
test_07847,0.4681947445
test_07848,0.0001909689
test_07849,0.9936195811
test_07850,0.9963645452
test_07851,0.0040277784
test_07852,0.9697281964
test_07853,0.0000309561
test_07854,0.9959129855
test_07855,0.0317512503
test_07856,0.0005369790
test_07857,0.0062154793
test_07858,0.0055379377
test_07859,0.9998139370
test_07860,0.0001639152
test_07861,0.0010475557
test_07862,0.0002410602
test_07863,0.0430821837
test_07864,0.0684737075
test_07865,0.9998708416
test_07866,0.8467107433
test_07867,0.0453802369
test_07868,0.9999222001
test_07869,0.9753501078
test_07870,0.1702231555
test_07871,0.9831933732
test_07872,0.0019247156
test_07873,0.0004868957
test_07874,0.0001499865
test_07875,0.0000552319
test_07876,0.0669009233
test_07877,0.0124475197
test_07878,0.0000058746
test_07879,0.0000526223
test_07880,0.9993334846
test_07881,0.8735112049
test_07882,0.9994591719
test_07883,0.9995102131
test_07884,0.3994330652
test_07885,0.9999743922
test_07886,0.0000200212
test_07887,0.9997559091
test_07888,0.0015529947
test_07889,0.9996505846
test_07890,0.9246490371
test_07891,0.9951494878
test_07892,0.0388629920
test_07893,0.9991265949
test_07894,0.0007890412
test_07895,0.0266505463
test_07896,0.9967432656
test_07897,0.0015241567
test_07898,0.9965760491
test_07899,0.9999662994
test_07900,0.9999611380
test_07901,0.9890831357
test_07902,0.0011490649
test_07903,0.1792169634
test_07904,0.0000194319
test_07905,0.1174216201
test_07906,0.0208042569
test_07907,0.2696553201
test_07908,0.0001795878
test_07909,0.8634660759
test_07910,0.9906622380
test_07911,0.9992429528
test_07912,0.0007393642
test_07913,0.0061378214
test_07914,0.0003867664
test_07915,0.0023433742
test_07916,0.9996405899
test_07917,0.0003267216
test_07918,0.0001942582
test_07919,0.0000924737
test_07920,0.0000363826
test_07921,0.9991989527
test_07922,0.0324560446
test_07923,0.9997455177
test_07924,0.0125514352
test_07925,0.0010343170
test_07926,0.5105399171
test_07927,0.9999356821
test_07928,0.0017146993
test_07929,0.0000733796
test_07930,0.0405819399
test_07931,0.0028550316
test_07932,0.9990082492
test_07933,0.9998977004
test_07934,0.0812178849
test_07935,0.0230179288
test_07936,0.0000729078
test_07937,0.1448978829
test_07938,0.9998900816
test_07939,0.0019048221
test_07940,0.0001233859
test_07941,0.3646189104
test_07942,0.0003801731
test_07943,0.9999227194
test_07944,0.2302759603
test_07945,0.0001257557
test_07946,0.0001961379
test_07947,0.9998142211
test_07948,0.0061514594
test_07949,0.9992662462
test_07950,0.9999220476
test_07951,0.0000404011
test_07952,0.0007926028
test_07953,0.0098859208
test_07954,0.0887211895
test_07955,0.0000793456
test_07956,0.0037445008
test_07957,0.0160048598
test_07958,0.0060518891
test_07959,0.9997621502
test_07960,0.0008560069
test_07961,0.9999264848
test_07962,0.0012476354
test_07963,0.9964986010
test_07964,0.0035654746
test_07965,0.0000201675
test_07966,0.9998660417
test_07967,0.9951266969
test_07968,0.1091170590
test_07969,0.0005633372
test_07970,0.0006341539
test_07971,0.0000386479
test_07972,0.9999195744
test_07973,0.0002999655
test_07974,0.9896591649
test_07975,0.0000383598
test_07976,0.5180367418
test_07977,0.0033753819
test_07978,0.9995723587
test_07979,0.0000157350
test_07980,0.6171869551
test_07981,0.0121692139
test_07982,0.0000068024
test_07983,0.0076395853
test_07984,0.9998843040
test_07985,0.9997302255
test_07986,0.0229991083
test_07987,0.0000571094
test_07988,0.0000075264
test_07989,0.0026058083
test_07990,0.5813856505
test_07991,0.9953106082
test_07992,0.0000190300
test_07993,0.9999962535
test_07994,0.8090574224
test_07995,0.8701273703
test_07996,0.9996391476
test_07997,0.9997060142
test_07998,0.9981403458
test_07999,0.9998422925
test_08000,0.0011202988
test_08001,0.0028556586
test_08002,0.0270720706
test_08003,0.9980529632
test_08004,0.0002685008
test_08005,0.9987729512
test_08006,0.8048306490
test_08007,0.0002017638
test_08008,0.9918264920
test_08009,0.0003099795
test_08010,0.9956959300
test_08011,0.9916231042
test_08012,0.9997693116
test_08013,0.0001504660
test_08014,0.0293832883
test_08015,0.0000076193
test_08016,0.9992622156
test_08017,0.3085577594
test_08018,0.9107380235
test_08019,0.9999446792
test_08020,0.9996192789
test_08021,0.5560974425
test_08022,0.0053685293
test_08023,0.0000720168
test_08024,0.0023554233
test_08025,0.8791130076
test_08026,0.9999904135
test_08027,0.4611662528
test_08028,0.0150774574
test_08029,0.9986269120
test_08030,0.3394941229
test_08031,0.0004804266
test_08032,0.9998544267
test_08033,0.0080868430
test_08034,0.9999684680
test_08035,0.0001211298
test_08036,0.9817318175
test_08037,0.0000663039
test_08038,0.9579312768
test_08039,0.9997182254
test_08040,0.9339148396
test_08041,0.8223397839
test_08042,0.9999175532
test_08043,0.0085849136
test_08044,0.0007415150
test_08045,0.0849129305
test_08046,0.0407369621
test_08047,0.0000032676
test_08048,0.0277626388
test_08049,0.9993356908
test_08050,0.0002330000
test_08051,0.0015193551
test_08052,0.9988874621
test_08053,0.4063994667
test_08054,0.0294958467
test_08055,0.9999763764
test_08056,0.9999951166
test_08057,0.0012159810
test_08058,0.0069034662
test_08059,0.0055923710
test_08060,0.9999897586
test_08061,0.0005545311
test_08062,0.9959723815
test_08063,0.7590784689
test_08064,0.0577386832
test_08065,0.9997278902
test_08066,0.0000906114
test_08067,0.9999801079
test_08068,0.6773977144
test_08069,0.3342397870
test_08070,0.0000743789
test_08071,0.9993322667
test_08072,0.0015455200
test_08073,0.9999330269
test_08074,0.0028916539
test_08075,0.1755285941
test_08076,0.0000319138
test_08077,0.0000388577
test_08078,0.6944460737
test_08079,0.0000341368
test_08080,0.8446520959
test_08081,0.0001366831
test_08082,0.0002537046
test_08083,0.9956108626
test_08084,0.0000826754
test_08085,0.0000959679
test_08086,0.0004971681
test_08087,0.9980985351
test_08088,0.9968168163
test_08089,0.0007555052
test_08090,0.0011956143
test_08091,0.9996996560
test_08092,0.9956474104
test_08093,0.1265153098
test_08094,0.0006074856
test_08095,0.8763331967
test_08096,0.0023896432
test_08097,0.9971481465
test_08098,0.0004591830
test_08099,0.0005049460
test_08100,0.9998721880
test_08101,0.0018871277
test_08102,0.0002742703
test_08103,0.9998793636
test_08104,0.0008076012
test_08105,0.9998640606
test_08106,0.9999899391
test_08107,0.8359768564
test_08108,0.0001648696
test_08109,0.9414865897
test_08110,0.9942300974
test_08111,0.0001289022
test_08112,0.9992270396
test_08113,0.0021049245
test_08114,0.0001022543
test_08115,0.0000224173
test_08116,0.9999815596
test_08117,0.0016099316
test_08118,0.0000333206
test_08119,0.1361074045
test_08120,0.0004849816
test_08121,0.1844287078
test_08122,0.9999161990
test_08123,0.0050064434
test_08124,0.7138868632
test_08125,0.9999899368
test_08126,0.0838634493
test_08127,0.0000277994
test_08128,0.4834743626
test_08129,0.0135996016
test_08130,0.0006529087
test_08131,0.9997905576
test_08132,0.0001054972
test_08133,0.0002749133
test_08134,0.0000702469
test_08135,0.0001598734
test_08136,0.9880393984
test_08137,0.0000885736
test_08138,0.0000019702
test_08139,0.9999911054
test_08140,0.8949503965
test_08141,0.9978062531
test_08142,0.9998582417
test_08143,0.5673500348
test_08144,0.9998079594
test_08145,0.0032389773
test_08146,0.9986843678
test_08147,0.2564733331
test_08148,0.0004034835
test_08149,0.0000291744
test_08150,0.9600042216
test_08151,0.9640968578
test_08152,0.2447755692
test_08153,0.2506773097
test_08154,0.0467458352
test_08155,0.0002786354
test_08156,0.0003727788
test_08157,0.0877560055
test_08158,0.0001852388
test_08159,0.9999684943
test_08160,0.9998567446
test_08161,0.9580337441
test_08162,0.0057166508
test_08163,0.9998212142
test_08164,0.2155159120
test_08165,0.0167746289
test_08166,0.0006101407
test_08167,0.0000859607
test_08168,0.9961438210
test_08169,0.9946588988
test_08170,0.0002837315
test_08171,0.9996587639
test_08172,0.9033482491
test_08173,0.0000549303
test_08174,0.0249305413
test_08175,0.9996890754
test_08176,0.9946351001
test_08177,0.9999266265
test_08178,0.9997787459
test_08179,0.9855515493
test_08180,0.0000527444
test_08181,0.0039130619
test_08182,0.0442411223
test_08183,0.9980453358
test_08184,0.9999894133
test_08185,0.9979929666
test_08186,0.9920816489
test_08187,0.9984946536
test_08188,0.0008604825
test_08189,0.0014398673
test_08190,0.0000028674
test_08191,0.9986593700
test_08192,0.4545689164
test_08193,0.9993905209
test_08194,0.2571087733
test_08195,0.0001372369
test_08196,0.0035731145
test_08197,0.9999869949
test_08198,0.9766587812
test_08199,0.0004930912
test_08200,0.9979911608
test_08201,0.0000754873
test_08202,0.9994860764
test_08203,0.9917588154
test_08204,0.9944247766
test_08205,0.9277934697
test_08206,0.0068951254
test_08207,0.9998727805
test_08208,0.1790989353
test_08209,0.0000819738
test_08210,0.0038773635
test_08211,0.0002375081
test_08212,0.9999882183
test_08213,0.9756596172
test_08214,0.4133911085
test_08215,0.0014390194
test_08216,0.0005398546
test_08217,0.9998861320
test_08218,0.9944287844
test_08219,0.2961657802
test_08220,0.0000206272
test_08221,0.0008270885
test_08222,0.9797190956
test_08223,0.0000665649
test_08224,0.0006769787
test_08225,0.0065578592
test_08226,0.9925690908
test_08227,0.9999678348
test_08228,0.9880478421
test_08229,0.0003738793
test_08230,0.0110100994
test_08231,0.0041277657
test_08232,0.0020970350
test_08233,0.0000812669
test_08234,0.0002237355
test_08235,0.0059552318
test_08236,0.0671928065
test_08237,0.9968289521
test_08238,0.9997504694
test_08239,0.9997348637
test_08240,0.5911415669
test_08241,0.9978618554
test_08242,0.8053655054
test_08243,0.0000179505
test_08244,0.9341414766
test_08245,0.0078320228
test_08246,0.9957445872
test_08247,0.2157815032
test_08248,0.2817504302
test_08249,0.9998425266
test_08250,0.3844182350
test_08251,0.9070775617
test_08252,0.9996529881
test_08253,0.0127684930
test_08254,0.8711126351
test_08255,0.0001747829
test_08256,0.0003106424
test_08257,0.0001058767
test_08258,0.9672481372
test_08259,0.9628840136
test_08260,0.4207692353
test_08261,0.9999295599
test_08262,0.9981551119
test_08263,0.9997285761
test_08264,0.9935163342
test_08265,0.9991712741
test_08266,0.9975636774
test_08267,0.0032577185
test_08268,0.0028629577
test_08269,0.9958331280
test_08270,0.0035731403
test_08271,0.9002572369
test_08272,0.9996414604
test_08273,0.7195383217
test_08274,0.9991702191
test_08275,0.3049942174
test_08276,0.9987486196
test_08277,0.0008699679
test_08278,0.1190885092
test_08279,0.3274583600
test_08280,0.0001671090
test_08281,0.9923095066
test_08282,0.8765524644
test_08283,0.9973939079
test_08284,0.9565422151
test_08285,0.9999553074
test_08286,0.0018023010
test_08287,0.0028725881
test_08288,0.0001280393
test_08289,0.0031162787
test_08290,0.0000723354
test_08291,0.2409617980
test_08292,0.0013684138
test_08293,0.9999807542
test_08294,0.0056657363
test_08295,0.9924391400
test_08296,0.9996900305
test_08297,0.9999331788
test_08298,0.0006099521
test_08299,0.0001737246
test_08300,0.9961319184
test_08301,0.9981880660
test_08302,0.9993123288
test_08303,0.9998966660
test_08304,0.9994219558
test_08305,0.1654319957
test_08306,0.0001516401
test_08307,0.4659140652
test_08308,0.9950094440
test_08309,0.0005216858
test_08310,0.9994112429
test_08311,0.0206656762
test_08312,0.9992731944
test_08313,0.9994553397
test_08314,0.0004152187
test_08315,0.9990912387
test_08316,0.9998636631
test_08317,0.6608341748
test_08318,0.0025770011
test_08319,0.9997786148
test_08320,0.9467063023
test_08321,0.8947147923
test_08322,0.9999064723
test_08323,0.9989399676
test_08324,0.1946945220
test_08325,0.9993866356
test_08326,0.0001331247
test_08327,0.0005968530
test_08328,0.0001137622
test_08329,0.9922757488
test_08330,0.9964148602
test_08331,0.8600371652
test_08332,0.0881822028
test_08333,0.0002619918
test_08334,0.4276922111
test_08335,0.1727532111
test_08336,0.2551036075
test_08337,0.9523177608
test_08338,0.9944017345
test_08339,0.0002723433
test_08340,0.0052515838
test_08341,0.9997457903
test_08342,0.0012181325
test_08343,0.9841026385
test_08344,0.9843301142
test_08345,0.9999844971
test_08346,0.0820097496
test_08347,0.2658973702
test_08348,0.9999990548
test_08349,0.0016402856
test_08350,0.9847364000
test_08351,0.9990716095
test_08352,0.0001112218
test_08353,0.9998829833
test_08354,0.0008952625
test_08355,0.9965559360
test_08356,0.9590414552
test_08357,0.0003340123
test_08358,0.9373034019
test_08359,0.9943454695
test_08360,0.9995085363
test_08361,0.9850003304
test_08362,0.0485318516
test_08363,0.9991230141
test_08364,0.0076107342
test_08365,0.0003101171
test_08366,0.8429405452
test_08367,0.9859566678
test_08368,0.9996352730
test_08369,0.0001757915
test_08370,0.9999444554
test_08371,0.0005229250
test_08372,0.0002021197
test_08373,0.9990753589
test_08374,0.9999746499
test_08375,0.0470903834
test_08376,0.9996699899
test_08377,0.9451124094
test_08378,0.4522583306
test_08379,0.9570948048
test_08380,0.9997889815
test_08381,0.9986344106
test_08382,0.9993928561
test_08383,0.0009563251
test_08384,0.0002028840
test_08385,0.0001099907
test_08386,0.0001651786
test_08387,0.0001193319
test_08388,0.0000325662
test_08389,0.9390850993
test_08390,0.0007608071
test_08391,0.4362585325
test_08392,0.5930550953
test_08393,0.9989658385
test_08394,0.0001112280
test_08395,0.1814141580
test_08396,0.0010582707
test_08397,0.0008127513
test_08398,0.9506231269
test_08399,0.0000492912
test_08400,0.0017687325
test_08401,0.0004055951
test_08402,0.4985897181
test_08403,0.0012694447
test_08404,0.9993745280
test_08405,0.0000784935
test_08406,0.0000222148
test_08407,0.9993924753
test_08408,0.0535363968
test_08409,0.0031312863
test_08410,0.7794733527
test_08411,0.9964606917
test_08412,0.9843894603
test_08413,0.0006623311
test_08414,0.0013820804
test_08415,0.0000935843
test_08416,0.9999284377
test_08417,0.8567466630
test_08418,0.9997265330
test_08419,0.0011082426
test_08420,0.9479948047
test_08421,0.0499858113
test_08422,0.9997455674
test_08423,0.9999822783
test_08424,0.0000571983
test_08425,0.0001553901
test_08426,0.0006896330
test_08427,0.9994574613
test_08428,0.9988755080
test_08429,0.0000407336
test_08430,0.9773049241
test_08431,0.0917499672
test_08432,0.0852602808
test_08433,0.2431441274
test_08434,0.9994651021
test_08435,0.0001896915
test_08436,0.9978792050
test_08437,0.0020752152
test_08438,0.9965615303
test_08439,0.0229472635
test_08440,0.9999057108
test_08441,0.9605422610
test_08442,0.6136968419
test_08443,0.0026697027
test_08444,0.0000166976
test_08445,0.9893814375
test_08446,0.0044363470
test_08447,0.0025529501
test_08448,0.4373710478
test_08449,0.9406787832
test_08450,0.0111336223
test_08451,0.0003561894
test_08452,0.0031780287
test_08453,0.0001393175
test_08454,0.0003501743
test_08455,0.8405438298
test_08456,0.9970235317
test_08457,0.9975702490
test_08458,0.0258314704
test_08459,0.9994842643
test_08460,0.9999594851
test_08461,0.0000641973
test_08462,0.0004232087
test_08463,0.9994620491
test_08464,0.0069733117
test_08465,0.9998913759
test_08466,0.0191742768
test_08467,0.0000678073
test_08468,0.7921132082
test_08469,0.0010204404
test_08470,0.0001091482
test_08471,0.0059358837
test_08472,0.9992265493
test_08473,0.0004381625
test_08474,0.9999750686
test_08475,0.0002162448
test_08476,0.8909852072
test_08477,0.9993077254
test_08478,0.9148380757
test_08479,0.3041956954
test_08480,0.0001162782
test_08481,0.2375119716
test_08482,0.9997880379
test_08483,0.0019615777
test_08484,0.9972517234
test_08485,0.3737734432
test_08486,0.9847546418
test_08487,0.0105559879
test_08488,0.0087813763
test_08489,0.0021421491
test_08490,0.9927614085
test_08491,0.9997571740
test_08492,0.9997147497
test_08493,0.7347228960
test_08494,0.2526822619
test_08495,0.0036661478
test_08496,0.4996364448
test_08497,0.8980977501
test_08498,0.0002398337
test_08499,0.4077815178
test_08500,0.9895767655
test_08501,0.0001147885
test_08502,0.9990610800
test_08503,0.0003013854
test_08504,0.9093441941
test_08505,0.0266131449
test_08506,0.8006460345
test_08507,0.0000620749
test_08508,0.9980205677
test_08509,0.7417230782
test_08510,0.9997160565
test_08511,0.0802482751
test_08512,0.9941511681
test_08513,0.9998973296
test_08514,0.0002361266
test_08515,0.9988358948
test_08516,0.9998935304
test_08517,0.9951022006
test_08518,0.9992376238
test_08519,0.9998709926
test_08520,0.0177860150
test_08521,0.0000653433
test_08522,0.0001306339
test_08523,0.0000512741
test_08524,0.0020749873
test_08525,0.9599670851
test_08526,0.0007660508
test_08527,0.0000018875
test_08528,0.0009182537
test_08529,0.9591444317
test_08530,0.0000074962
test_08531,0.9758215342
test_08532,0.9998715674
test_08533,0.8699204635
test_08534,0.0004409581
test_08535,0.9995952956
test_08536,0.0000192209
test_08537,0.9982122041
test_08538,0.9835279426
test_08539,0.9036293003
test_08540,0.9998045945
test_08541,0.0002073944
test_08542,0.9025445969
test_08543,0.0627683890
test_08544,0.9997001496
test_08545,0.9981272891
test_08546,0.8822719685
test_08547,0.9999526565
test_08548,0.0005811889
test_08549,0.0003017893
test_08550,0.9964049728
test_08551,0.9875069213
test_08552,0.6121132881
test_08553,0.9996227488
test_08554,0.0002336636
test_08555,0.9976718964
test_08556,0.0003009984
test_08557,0.0003820172
test_08558,0.0010646909
test_08559,0.9999967679
test_08560,0.0083364292
test_08561,0.9961718421
test_08562,0.9962145968
test_08563,0.0000317227
test_08564,0.0000234076
test_08565,0.9978171196
test_08566,0.9999204482
test_08567,0.9617705839
test_08568,0.9997121411
test_08569,0.0007259776
test_08570,0.2307495638
test_08571,0.0003878668
test_08572,0.8317645624
test_08573,0.9985534855
test_08574,0.0097995602
test_08575,0.9868287245
test_08576,0.9535586856
test_08577,0.9999925936
test_08578,0.0001020098
test_08579,0.9664838692
test_08580,0.9973258679
test_08581,0.9990541199
test_08582,0.0131955003
test_08583,0.0003489221
test_08584,0.0014718273
test_08585,0.1047534810
test_08586,0.7026073813
test_08587,0.0047817928
test_08588,0.9987967057
test_08589,0.5691256010
test_08590,0.9989851563
test_08591,0.0000365847
test_08592,0.9984468664
test_08593,0.0015094463
test_08594,0.0002042130
test_08595,0.9739984720
test_08596,0.9801451850
test_08597,0.5779532649
test_08598,0.4979005618
test_08599,0.4659423136
test_08600,0.9983363348
test_08601,0.9996859607
test_08602,0.9988354591
test_08603,0.9991196606
test_08604,0.9996620977
test_08605,0.0046532465
test_08606,0.9998950521
test_08607,0.9997025226
test_08608,0.8889163775
test_08609,0.0012971687
test_08610,0.6550451969
test_08611,0.0003222700
test_08612,0.9999899402
test_08613,0.1174881879
test_08614,0.9996868766
test_08615,0.0392669177
test_08616,0.9992552956
test_08617,0.0032245235
test_08618,0.0001434441
test_08619,0.9991036368
test_08620,0.9999520007
test_08621,0.9999519293
test_08622,0.9999652894
test_08623,0.0006939463
test_08624,0.7291756619
test_08625,0.9999138704
test_08626,0.0032561890
test_08627,0.0094602441
test_08628,0.9991080840
test_08629,0.0007346599
test_08630,0.9949380076
test_08631,0.1340556728
test_08632,0.0000068061
test_08633,0.9999635938
test_08634,0.9999781662
test_08635,0.1258549138
test_08636,0.0283449036
test_08637,0.9949456279
test_08638,0.9996751536
test_08639,0.0029463358
test_08640,0.0006871006
test_08641,0.6008036053
test_08642,0.9998347993
test_08643,0.0003665518
test_08644,0.9980838871
test_08645,0.0003803098
test_08646,0.3021750043
test_08647,0.0003239228
test_08648,0.0007427640
test_08649,0.9927289807
test_08650,0.9999437927
test_08651,0.9731014964
test_08652,0.9990980429
test_08653,0.9989614191
test_08654,0.0012949419
test_08655,0.5255268045
test_08656,0.0026609405
test_08657,0.9983691087
test_08658,0.8730036366
test_08659,0.0002273692
test_08660,0.0036084752
test_08661,0.0359905825
test_08662,0.0002517834
test_08663,0.0006093310
test_08664,0.0000142209
test_08665,0.0007156103
test_08666,0.9993900608
test_08667,0.9997809715
test_08668,0.9999665102
test_08669,0.9977387942
test_08670,0.9738496807
test_08671,0.4438894577
test_08672,0.9995573743
test_08673,0.9999329879
test_08674,0.9999343142
test_08675,0.0000561276
test_08676,0.4109352992
test_08677,0.5118109701
test_08678,0.9977773726
test_08679,0.9402784423
test_08680,0.9999480626
test_08681,0.0031313188
test_08682,0.0180637475
test_08683,0.7486125442
test_08684,0.0443292098
test_08685,0.9998533414
test_08686,0.9989693213
test_08687,0.0000745316
test_08688,0.9998995424
test_08689,0.9999483549
test_08690,0.0023034037
test_08691,0.9995137106
test_08692,0.9999865636
test_08693,0.0004474110
test_08694,0.0002930990
test_08695,0.9992630886
test_08696,0.0009079594
test_08697,0.0004170559
test_08698,0.3195008332
test_08699,0.6329832362
test_08700,0.9996128129
test_08701,0.9998645579
test_08702,0.0000613960
test_08703,0.0755067167
test_08704,0.0000443230
test_08705,0.0009785710
test_08706,0.0002179673
test_08707,0.9987846899
test_08708,0.9453685933
test_08709,0.9978341887
test_08710,0.0001204961
test_08711,0.7399492248
test_08712,0.0010904405
test_08713,0.9999163476
test_08714,0.9974919361
test_08715,0.2952902261
test_08716,0.9989984558
test_08717,0.6725826996
test_08718,0.0001378861
test_08719,0.9723302286
test_08720,0.9999875693
test_08721,0.9994542410
test_08722,0.9999809860
test_08723,0.9996523401
test_08724,0.0013907458
test_08725,0.9998341060
test_08726,0.9994560760
test_08727,0.0015754637
test_08728,0.0002738238
test_08729,0.5713330867
test_08730,0.2694004359
test_08731,0.9554670781
test_08732,0.4710217990
test_08733,0.0008454975
test_08734,0.9591579695
test_08735,0.0005641928
test_08736,0.9993044532
test_08737,0.0000184642
test_08738,0.3612141066
test_08739,0.3509641687
test_08740,0.1784469365
test_08741,0.0081237467
test_08742,0.9971918561
test_08743,0.0004346737
test_08744,0.3718979968
test_08745,0.9990157719
test_08746,0.0010437475
test_08747,0.9998677117
test_08748,0.0315265144
test_08749,0.0029936919
test_08750,0.8792515034
test_08751,0.0004755501
test_08752,0.0023349548
test_08753,0.9965334288
test_08754,0.0006010651
test_08755,0.9974997984
test_08756,0.9990345119
test_08757,0.9999966636
test_08758,0.0004962122
test_08759,0.0042557913
test_08760,0.0000236420
test_08761,0.0424590824
test_08762,0.9969219032
test_08763,0.1875654663
test_08764,0.0793491186
test_08765,0.0000556836
test_08766,0.9989088592
test_08767,0.0004809347
test_08768,0.9999139259
test_08769,0.0194730846
test_08770,0.9999541580
test_08771,0.0523771119
test_08772,0.0011027536
test_08773,0.0000639242
test_08774,0.0015811025
test_08775,0.9987879836
test_08776,0.9997673363
test_08777,0.0000626912
test_08778,0.9994209145
test_08779,0.6758900908
test_08780,0.2625729154
test_08781,0.9960123229
test_08782,0.4735446694
test_08783,0.9998136122
test_08784,0.9882980316
test_08785,0.5128283893
test_08786,0.6144783461
test_08787,0.2367772841
test_08788,0.1957504280
test_08789,0.8041393174
test_08790,0.0005488115
test_08791,0.0037584379
test_08792,0.0000355128
test_08793,0.0014216496
test_08794,0.0000299746
test_08795,0.9996319178
test_08796,0.9993387196
test_08797,0.7609191377
test_08798,0.9761770352
test_08799,0.9999277347
test_08800,0.9600373182
test_08801,0.9995650769
test_08802,0.9559572074
test_08803,0.9998905458
test_08804,0.0081252398
test_08805,0.9995200494
test_08806,0.9805734066
test_08807,0.0001001934
test_08808,0.9996014572
test_08809,0.9991686933
test_08810,0.0215567519
test_08811,0.9971209712
test_08812,0.0043110262
test_08813,0.9999093318
test_08814,0.0000183856
test_08815,0.0003240349
test_08816,0.0001994886
test_08817,0.9999168386
test_08818,0.0295727221
test_08819,0.9999358790
test_08820,0.9999602958
test_08821,0.0000690692
test_08822,0.9983659783
test_08823,0.0760371324
test_08824,0.0283656812
test_08825,0.9968350132
test_08826,0.0036995365
test_08827,0.9999802513
test_08828,0.8844497886
test_08829,0.0506198326
test_08830,0.9999169385
test_08831,0.6878176557
test_08832,0.0000106035
test_08833,0.9998905291
test_08834,0.5227893129
test_08835,0.9646130791
test_08836,0.6177491495
test_08837,0.9951766407
test_08838,0.6808431269
test_08839,0.9999626826
test_08840,0.9928473186
test_08841,0.9938695891
test_08842,0.0898896676
test_08843,0.9968090361
test_08844,0.0012927315
test_08845,0.0003232616
test_08846,0.9999405280
test_08847,0.9908688648
test_08848,0.0996218411
test_08849,0.0001128507
test_08850,0.9997053239
test_08851,0.0002342225
test_08852,0.0044218579
test_08853,0.9992528854
test_08854,0.5922667370
test_08855,0.2934027942
test_08856,0.9833876234
test_08857,0.9482735586
test_08858,0.9935888823
test_08859,0.0005531380
test_08860,0.9974237012
test_08861,0.9977599273
test_08862,0.0063927556
test_08863,0.0403274250
test_08864,0.0018786893
test_08865,0.0455843705
test_08866,0.9834800860
test_08867,0.9948552053
test_08868,0.0000256993
test_08869,0.4296108730
test_08870,0.9996120658
test_08871,0.9999884911
test_08872,0.0883041436
test_08873,0.9996545920
test_08874,0.0000377980
test_08875,0.9991781666
test_08876,0.9998628563
test_08877,0.9979076546
test_08878,0.9977445845
test_08879,0.9727273952
test_08880,0.7784492238
test_08881,0.9998658877
test_08882,0.0149654644
test_08883,0.0000376946
test_08884,0.9994856321
test_08885,0.0000380987
test_08886,0.0000351978
test_08887,0.0024550715
test_08888,0.4341591158
test_08889,0.9998593843
test_08890,0.0546431494
test_08891,0.3529047583
test_08892,0.1104910197
test_08893,0.0044053512
test_08894,0.9992694394
test_08895,0.0048772463
test_08896,0.9999618214
test_08897,0.0001346420
test_08898,0.9991266324
test_08899,0.0011765948
test_08900,0.9998180085
test_08901,0.9997265238
test_08902,0.9989599712
test_08903,0.8853005557
test_08904,0.9997251153
test_08905,0.9998827937
test_08906,0.9998940529
test_08907,0.9998863406
test_08908,0.9997342818
test_08909,0.1526820455
test_08910,0.0000295456
test_08911,0.9997562531
test_08912,0.0011697025
test_08913,0.0019993243
test_08914,0.0001039997
test_08915,0.6214963688
test_08916,0.9998910587
test_08917,0.9684646955
test_08918,0.9997238002
test_08919,0.8453725971
test_08920,0.0029283582
test_08921,0.8684269042
test_08922,0.0016086828
test_08923,0.9680701427
test_08924,0.9999937484
test_08925,0.9997057767
test_08926,0.0000364191
test_08927,0.0002171778
test_08928,0.0000404456
test_08929,0.9973416802
test_08930,0.9996826552
test_08931,0.0062843631
test_08932,0.5919557098
test_08933,0.9420548463
test_08934,0.4092965342
test_08935,0.9997806330
test_08936,0.9987129674
test_08937,0.9395813773
test_08938,0.6969644494
test_08939,0.0000045662
test_08940,0.0006949025
test_08941,0.0672649346
test_08942,0.3130728805
test_08943,0.9995649253
test_08944,0.9999897972
test_08945,0.9930014766
test_08946,0.0423889331
test_08947,0.9840626238
test_08948,0.6620337432
test_08949,0.0009592668
test_08950,0.0000248470
test_08951,0.9997590753
test_08952,0.9854154777
test_08953,0.9932551294
test_08954,0.9872269891
test_08955,0.9982462551
test_08956,0.9990937129
test_08957,0.0004212142
test_08958,0.0004914566
test_08959,0.0002598218
test_08960,0.9449505037
test_08961,0.0000136778
test_08962,0.0002753213
test_08963,0.0000160842
test_08964,0.0007031753
test_08965,0.0186983653
test_08966,0.9993386374
test_08967,0.0080910605
test_08968,0.9937341978
test_08969,0.0040793395
test_08970,0.9998193720
test_08971,0.0009987131
test_08972,0.0001521579
test_08973,0.9997712630
test_08974,0.1225813910
test_08975,0.6700758605
test_08976,0.0000439447
test_08977,0.9978382449
test_08978,0.1822029317
test_08979,0.9976087948
test_08980,0.9992282357
test_08981,0.9999586159
test_08982,0.9999445061
test_08983,0.8229651439
test_08984,0.0041209851
test_08985,0.0001505020
test_08986,0.9993244683
test_08987,0.0001616056
test_08988,0.0848907290
test_08989,0.9999701904
test_08990,0.0006017581
test_08991,0.0000205660
test_08992,0.0492816035
test_08993,0.1667144970
test_08994,0.9999666679
test_08995,0.0000275384
test_08996,0.9999803316
test_08997,0.9864007375
test_08998,0.6965603231
test_08999,0.9370493503
test_09000,0.9996118497
test_09001,0.9991980799
test_09002,0.0645505116
test_09003,0.9977208500
test_09004,0.0040842113
test_09005,0.9999887789
test_09006,0.9998584527
test_09007,0.9901718488
test_09008,0.4742772825
test_09009,0.9657683680
test_09010,0.9997362022
test_09011,0.0011367088
test_09012,0.9944397088
test_09013,0.9997944954
test_09014,0.0025904280
test_09015,0.9055955000
test_09016,0.9200364046
test_09017,0.9824865253
test_09018,0.9994663712
test_09019,0.9928816885
test_09020,0.0080409600
test_09021,0.3448820300
test_09022,0.9999061787
test_09023,0.0004423106
test_09024,0.9652434749
test_09025,0.9996980052
test_09026,0.9998998718
test_09027,0.6999361753
test_09028,0.0209971569
test_09029,0.0000586512
test_09030,0.9998852269
test_09031,0.0034322170
test_09032,0.9987199438
test_09033,0.5510065948
test_09034,0.0000944282
test_09035,0.0011991415
test_09036,0.0000138248
test_09037,0.0001296448
test_09038,0.0001448901
test_09039,0.0192064590
test_09040,0.9882574343
test_09041,0.0000850369
test_09042,0.9996258972
test_09043,0.4846370848
test_09044,0.9923043711
test_09045,0.0008174668
test_09046,0.9998758277
test_09047,0.5812488673
test_09048,0.0189204056
test_09049,0.9998361831
test_09050,0.0006933239
test_09051,0.9894627504
test_09052,0.9998342092
test_09053,0.9976715508
test_09054,0.9717102738
test_09055,0.0028528338
test_09056,0.0000949914
test_09057,0.0002520602
test_09058,0.9816362002
test_09059,0.0218808117
test_09060,0.5610213594
test_09061,0.0261343824
test_09062,0.8097206998
test_09063,0.9993263773
test_09064,0.0346999132
test_09065,0.9987170700
test_09066,0.7689048125
test_09067,0.9515989766
test_09068,0.0000049659
test_09069,0.0028692397
test_09070,0.0013277890
test_09071,0.9997179147
test_09072,0.9998466324
test_09073,0.9999448849
test_09074,0.8812662031
test_09075,0.9113283238
test_09076,0.0100920647
test_09077,0.9959497616
test_09078,0.9998539763
test_09079,0.9987637214
test_09080,0.9995118043
test_09081,0.5273825802
test_09082,0.0010122494
test_09083,0.9980307038
test_09084,0.0002233266
test_09085,0.9995757517
test_09086,0.9999187850
test_09087,0.0003241401
test_09088,0.0002274247
test_09089,0.9991835751
test_09090,0.4832292348
test_09091,0.0008697221
test_09092,0.0000163656
test_09093,0.0002812283
test_09094,0.9989501133
test_09095,0.9996881432
test_09096,0.0000297769
test_09097,0.0006080020
test_09098,0.9986599566
test_09099,0.1800413199
test_09100,0.0102199534
test_09101,0.5524919028
test_09102,0.0001596774
test_09103,0.0024565438
test_09104,0.9998391246
test_09105,0.1427126630
test_09106,0.9799928570
test_09107,0.0078219407
test_09108,0.9832905056
test_09109,0.0000727775
test_09110,0.9969187825
test_09111,0.9999860699
test_09112,0.9983050181
test_09113,0.9998625211
test_09114,0.0006513525
test_09115,0.0173037063
test_09116,0.9999645854
test_09117,0.0000232557
test_09118,0.9979112510
test_09119,0.0148584846
test_09120,0.9554303924
test_09121,0.9935432274
test_09122,0.9977082842
test_09123,0.0001079777
test_09124,0.9996184947
test_09125,0.9962790463
test_09126,0.0003036461
test_09127,0.9999233089
test_09128,0.0019725893
test_09129,0.0025171765
test_09130,0.0000470881
test_09131,0.0055070302
test_09132,0.0005884167
test_09133,0.0428512809
test_09134,0.0117653359
test_09135,0.9999846807
test_09136,0.9989193328
test_09137,0.9997467667
test_09138,0.9968656733
test_09139,0.0163105073
test_09140,0.9994886534
test_09141,0.0031704728
test_09142,0.0000388867
test_09143,0.0049610435
test_09144,0.9995584238
test_09145,0.9995498134
test_09146,0.0008667635
test_09147,0.8946784425
test_09148,0.0000468918
test_09149,0.9908384617
test_09150,0.0003282189
test_09151,0.0144292951
test_09152,0.0074039686
test_09153,0.0380232238
test_09154,0.9972995819
test_09155,0.5532233514
test_09156,0.1241805066
test_09157,0.0016076028
test_09158,0.9966267036
test_09159,0.0056564273
test_09160,0.9959490553
test_09161,0.9995002004
test_09162,0.0004745421
test_09163,0.9998358300
test_09164,0.0013268805
test_09165,0.0001002614
test_09166,0.9341375708
test_09167,0.0004826934
test_09168,0.9999974760
test_09169,0.9993878608
test_09170,0.0798439180
test_09171,0.3521918054
test_09172,0.9969408483
test_09173,0.9990720814
test_09174,0.0146428260
test_09175,0.0001332641
test_09176,0.0094500724
test_09177,0.5164045400
test_09178,0.9999467615
test_09179,0.1661801823
test_09180,0.1149951652
test_09181,0.0295590255
test_09182,0.9939779965
test_09183,0.0003150868
test_09184,0.0003980850
test_09185,0.0070948722
test_09186,0.0144881444
test_09187,0.9997567603
test_09188,0.0033656536
test_09189,0.0027960538
test_09190,0.9978045882
test_09191,0.9904553992
test_09192,0.0231964050
test_09193,0.9999775975
test_09194,0.4698881582
test_09195,0.9998430480
test_09196,0.9996055328
test_09197,0.5813644688
test_09198,0.0033450095
test_09199,0.9985623934
test_09200,0.0000394138
test_09201,0.0112303074
test_09202,0.1561471957
test_09203,0.9997274166
test_09204,0.9999519478
test_09205,0.9901364431
test_09206,0.6503554791
test_09207,0.0006526231
test_09208,0.0060540311
test_09209,0.0000146213
test_09210,0.0022986596
test_09211,0.5176099447
test_09212,0.0006227400
test_09213,0.9998511811
test_09214,0.8091228179
test_09215,0.9541096601
test_09216,0.3730834232
test_09217,0.9429766124
test_09218,0.9996651502
test_09219,0.9314418498
test_09220,0.9977355095
test_09221,0.7173323462
test_09222,0.0005199978
test_09223,0.9993658250
test_09224,0.9998791806
test_09225,0.9997763037
test_09226,0.9990881097
test_09227,0.0000672777
test_09228,0.0000015424
test_09229,0.0744983785
test_09230,0.9885747183
test_09231,0.7323834078
test_09232,0.0001222917
test_09233,0.0005488311
test_09234,0.9789228561
test_09235,0.0004289539
test_09236,0.0000291317
test_09237,0.9919088906
test_09238,0.9999745634
test_09239,0.4181653447
test_09240,0.0101703486
test_09241,0.0013917728
test_09242,0.9999416046
test_09243,0.0000144020
test_09244,0.5382181103
test_09245,0.9993785596
test_09246,0.9510996176
test_09247,0.0031725030
test_09248,0.4372796706
test_09249,0.9999364515
test_09250,0.0040033080
test_09251,0.0063920231
test_09252,0.0001898439
test_09253,0.9973856193
test_09254,0.0325770943
test_09255,0.4622408858
test_09256,0.9994421471
test_09257,0.1921212185
test_09258,0.0848436225
test_09259,0.9988621831
test_09260,0.0000337236
test_09261,0.0001962783
test_09262,0.9998704430
test_09263,0.0630990399
test_09264,0.0483267486
test_09265,0.0282716591
test_09266,0.9999270756
test_09267,0.9908003630
test_09268,0.9989260540
test_09269,0.0001736485
test_09270,0.0011778539
test_09271,0.9921473851
test_09272,0.9999404666
test_09273,0.9998239829
test_09274,0.1640087664
test_09275,0.0001168071
test_09276,0.4674572740
test_09277,0.9999840245
test_09278,0.0669999666
test_09279,0.0000054767
test_09280,0.0235906131
test_09281,0.0287017138
test_09282,0.0000284268
test_09283,0.0001247682
test_09284,0.9998096828
test_09285,0.0010999197
test_09286,0.0002699022
test_09287,0.9998600373
test_09288,0.0481447879
test_09289,0.9962867472
test_09290,0.0000548359
test_09291,0.9999715020
test_09292,0.9987623603
test_09293,0.0007069081
test_09294,0.0002454173
test_09295,0.0016713044
test_09296,0.0000629350
test_09297,0.9326095082
test_09298,0.3583209303
test_09299,0.0115350921
test_09300,0.0003270903
test_09301,0.0002706698
test_09302,0.9419538561
test_09303,0.9999338637
test_09304,0.7333099929
test_09305,0.9295702755
test_09306,0.0016353640
test_09307,0.0186450823
test_09308,0.0000822093
test_09309,0.9961769351
test_09310,0.9997873122
test_09311,0.0107978947
test_09312,0.9987869993
test_09313,0.1309113292
test_09314,0.0000564571
test_09315,0.0005820193
test_09316,0.9417337421
test_09317,0.9998140875
test_09318,0.9996643553
test_09319,0.9821317577
test_09320,0.9893282224
test_09321,0.9973070144
test_09322,0.9988497361
test_09323,0.9987637822
test_09324,0.9956511626
test_09325,0.9998349751
test_09326,0.8603905191
test_09327,0.0109655670
test_09328,0.9243370990
test_09329,0.0447207403
test_09330,0.0000404096
test_09331,0.9999766004
test_09332,0.0019503289
test_09333,0.1404116218
test_09334,0.9996394616
test_09335,0.0007266437
test_09336,0.0003083042
test_09337,0.2519913066
test_09338,0.0246134417
test_09339,0.0001384039
test_09340,0.4628400165
test_09341,0.0000084764
test_09342,0.5618149377
test_09343,0.0001023894
test_09344,0.9997733914
test_09345,0.9693190476
test_09346,0.6549008939
test_09347,0.0017249851
test_09348,0.9908739204
test_09349,0.0003940601
test_09350,0.9986773104
test_09351,0.9703504807
test_09352,0.0002361408
test_09353,0.0025123721
test_09354,0.9997132456
test_09355,0.9996569286
test_09356,0.9992285125
test_09357,0.9721316501
test_09358,0.0001418442
test_09359,0.0018550592
test_09360,0.2781775107
test_09361,0.0220254135
test_09362,0.0004030302
test_09363,0.9913192077
test_09364,0.0000138088
test_09365,0.0000042752
test_09366,0.9987099728
test_09367,0.5173115039
test_09368,0.0010069192
test_09369,0.0463020498
test_09370,0.0000406438
test_09371,0.0000905430
test_09372,0.9998812502
test_09373,0.0000909850
test_09374,0.9990876594
test_09375,0.0085561381
test_09376,0.0000198844
test_09377,0.4987282719
test_09378,0.9935013384
test_09379,0.9996258035
test_09380,0.0190158488
test_09381,0.5358263794
test_09382,0.9999537076
test_09383,0.9948221867
test_09384,0.0001401750
test_09385,0.9997785039
test_09386,0.9998631125
test_09387,0.9972076771
test_09388,0.8381098954
test_09389,0.5882463910
test_09390,0.9998995163
test_09391,0.0001328159
test_09392,0.0000541876
test_09393,0.5679366972
test_09394,0.9993822895
test_09395,0.5768143502
test_09396,0.6035949298
test_09397,0.0415911427
test_09398,0.9962094907
test_09399,0.0007827062
test_09400,0.6197143702
test_09401,0.9995367489
test_09402,0.9785616093
test_09403,0.0000684973
test_09404,0.7782454587
test_09405,0.0000242014
test_09406,0.9085341265
test_09407,0.9997862017
test_09408,0.1303121010
test_09409,0.0320619559
test_09410,0.9999940779
test_09411,0.9999202223
test_09412,0.9302930882
test_09413,0.9959061793
test_09414,0.0012268271
test_09415,0.9989939289
test_09416,0.9994356088
test_09417,0.0002256431
test_09418,0.9998077845
test_09419,0.9475026866
test_09420,0.9999111828
test_09421,0.0001878040
test_09422,0.0048866881
test_09423,0.0473142115
test_09424,0.9987138317
test_09425,0.0003685944
test_09426,0.5245206188
test_09427,0.0034842527
test_09428,0.0000493482
test_09429,0.9996793691
test_09430,0.9998925976
test_09431,0.9996261625
test_09432,0.0009243313
test_09433,0.8218761133
test_09434,0.9999633973
test_09435,0.6960168961
test_09436,0.0008828142
test_09437,0.0004764733
test_09438,0.9364972392
test_09439,0.0204927108
test_09440,0.9994613640
test_09441,0.2325295711
test_09442,0.0001901435
test_09443,0.9977091032
test_09444,0.9874177694
test_09445,0.6181866445
test_09446,0.3486094054
test_09447,0.5948288025
test_09448,0.9997093442
test_09449,0.9989735743
test_09450,0.9999186055
test_09451,0.0003976183
test_09452,0.9997204562
test_09453,0.9995116985
test_09454,0.2507164009
test_09455,0.9997798509
test_09456,0.9963188089
test_09457,0.0000437158
test_09458,0.0013990439
test_09459,0.6594666751
test_09460,0.9999710777
test_09461,0.9803384279
test_09462,0.0351828652
test_09463,0.0115387726
test_09464,0.0471512106
test_09465,0.9993755245
test_09466,0.0040789170
test_09467,0.9988549508
test_09468,0.4462469947
test_09469,0.1240133176
test_09470,0.9998190305
test_09471,0.0959071539
test_09472,0.9606622809
test_09473,0.0000932264
test_09474,0.0214044697
test_09475,0.9989170041
test_09476,0.9986919084
test_09477,0.3918145800
test_09478,0.0000556060
test_09479,0.2159129583
test_09480,0.0510105010
test_09481,0.0117292593
test_09482,0.0001110206
test_09483,0.9998403970
test_09484,0.0143434035
test_09485,0.0064423098
test_09486,0.9986581926
test_09487,0.9106398556
test_09488,0.0011603056
test_09489,0.8944552842
test_09490,0.0000983683
test_09491,0.0034860097
test_09492,0.9999880317
test_09493,0.0592433814
test_09494,0.9292663076
test_09495,0.1299385675
test_09496,0.0234566577
test_09497,0.0005283316
test_09498,0.9997283349
test_09499,0.0606191945
test_09500,0.9993052682
test_09501,0.9982092420
test_09502,0.0008435996
test_09503,0.4061693460
test_09504,0.0880604722
test_09505,0.9993202092
test_09506,0.5636060053
test_09507,0.9998079136
test_09508,0.9998126889
test_09509,0.0000063314
test_09510,0.1033687919
test_09511,0.0009081237
test_09512,0.0004550494
test_09513,0.6754017941
test_09514,0.9998707136
test_09515,0.0218064264
test_09516,0.4475285752
test_09517,0.9870756286
test_09518,0.0037050977
test_09519,0.9994684416
test_09520,0.9531109832
test_09521,0.9999080799
test_09522,0.8834644320
test_09523,0.0000218727
test_09524,0.9996039152
test_09525,0.9999144626
test_09526,0.9980554736
test_09527,0.0055028565
test_09528,0.0000308850
test_09529,0.9972994205
test_09530,0.0002550268
test_09531,0.0002256724
test_09532,0.0003289592
test_09533,0.9992296693
test_09534,0.9962867940
test_09535,0.0017283011
test_09536,0.0000395811
test_09537,0.9998689184
test_09538,0.0001092775
test_09539,0.9996697852
test_09540,0.0277382540
test_09541,0.0007863497
test_09542,0.0001129390
test_09543,0.9998066210
test_09544,0.9386415797
test_09545,0.9814263150
test_09546,0.0000297121
test_09547,0.0000638979
test_09548,0.0048876938
test_09549,0.9998142445
test_09550,0.0000308658
test_09551,0.0001001969
test_09552,0.9997767802
test_09553,0.0053489570
test_09554,0.0000282328
test_09555,0.0009509547
test_09556,0.1571264044
test_09557,0.0169636049
test_09558,0.0055115427
test_09559,0.9931778811
test_09560,0.3976148192
test_09561,0.1220834183
test_09562,0.9997036134
test_09563,0.0000933501
test_09564,0.9984145240
test_09565,0.9993723709
test_09566,0.0055407148
test_09567,0.9996390869
test_09568,0.9996069596
test_09569,0.0000264530
test_09570,0.0000632611
test_09571,0.0011065959
test_09572,0.0381093397
test_09573,0.9503967862
test_09574,0.9994959791
test_09575,0.0416044042
test_09576,0.0724185924
test_09577,0.0000763265
test_09578,0.0555901660
test_09579,0.9994261057
test_09580,0.0017749883
test_09581,0.9760090685
test_09582,0.9769529022
test_09583,0.0039428616
test_09584,0.9999843248
test_09585,0.4013362527
test_09586,0.9269631709
test_09587,0.0000326313
test_09588,0.9988935598
test_09589,0.9989583836
test_09590,0.9992569967
test_09591,0.9999914649
test_09592,0.9469976445
test_09593,0.0001395257
test_09594,0.9999092430
test_09595,0.8680071597
test_09596,0.9996942436
test_09597,0.9995376207
test_09598,0.8927796131
test_09599,0.0000178985
test_09600,0.0001639260
test_09601,0.9989585429
test_09602,0.0028925636
test_09603,0.0009373143
test_09604,0.0001438259
test_09605,0.9747816562
test_09606,0.8480172462
test_09607,0.0412568457
test_09608,0.0003836202
test_09609,0.9960592563
test_09610,0.9996411016
test_09611,0.4227113472
test_09612,0.9999830408
test_09613,0.0018283812
test_09614,0.0287535329
test_09615,0.0007064927
test_09616,0.0003367983
test_09617,0.9998053465
test_09618,0.0128532672
test_09619,0.0311643654
test_09620,0.9999861422
test_09621,0.9999845738
test_09622,0.0000148496
test_09623,0.9989070446
test_09624,0.0003055542
test_09625,0.9979419572
test_09626,0.9953096530
test_09627,0.0216399292
test_09628,0.0010224196
test_09629,0.9184554395
test_09630,0.9961401969
test_09631,0.0001943709
test_09632,0.0000135346
test_09633,0.9997543056
test_09634,0.5361182579
test_09635,0.7904929771
test_09636,0.0010530729
test_09637,0.5471707421
test_09638,0.0012347803
test_09639,0.9963894270
test_09640,0.0001506042
test_09641,0.0006519109
test_09642,0.9943590451
test_09643,0.9951031623
test_09644,0.0693832404
test_09645,0.0121297197
test_09646,0.0000216967
test_09647,0.0042292903
test_09648,0.9357199925
test_09649,0.0003189045
test_09650,0.0056999919
test_09651,0.0007830077
test_09652,0.7801913830
test_09653,0.7195433548
test_09654,0.0000213733
test_09655,0.9992072656
test_09656,0.9999769722
test_09657,0.0057600518
test_09658,0.0007274993
test_09659,0.9996721807
test_09660,0.9983299472
test_09661,0.5725602343
test_09662,0.0003866097
test_09663,0.9995840169
test_09664,0.9021156420
test_09665,0.0005190021
test_09666,0.9933561962
test_09667,0.0022438221
test_09668,0.0004995572
test_09669,0.9996338943
test_09670,0.0000166901
test_09671,0.0003528812
test_09672,0.7311059990
test_09673,0.0048114087
test_09674,0.0003267346
test_09675,0.0002080834
test_09676,0.9982774362
test_09677,0.2066666308
test_09678,0.9998153097
test_09679,0.0169174922
test_09680,0.9942665483
test_09681,0.9978767271
test_09682,0.0173626493
test_09683,0.1933047877
test_09684,0.6180593713
test_09685,0.1177987771
test_09686,0.0191113852
test_09687,0.0000500506
test_09688,0.2768846154
test_09689,0.0014051100
test_09690,0.9990627641
test_09691,0.9983089985
test_09692,0.5561361051
test_09693,0.0667979640
test_09694,0.9999814966
test_09695,0.0002920855
test_09696,0.0004332856
test_09697,0.9616815809
test_09698,0.9976044572
test_09699,0.6857017736
test_09700,0.9869923295
test_09701,0.0016621127
test_09702,0.9997792732
test_09703,0.9992942062
test_09704,0.9995495900
test_09705,0.9998059927
test_09706,0.0832561827
test_09707,0.9999548196
test_09708,0.3902439620
test_09709,0.0004525139
test_09710,0.0012621766
test_09711,0.0001956613
test_09712,0.0000681974
test_09713,0.9990613795
test_09714,0.9254202887
test_09715,0.0004134215
test_09716,0.2296480149
test_09717,0.9746850862
test_09718,0.9952438292
test_09719,0.0007814936
test_09720,0.4054409114
test_09721,0.0025804377
test_09722,0.0012879101
test_09723,0.9771943584
test_09724,0.0027879358
test_09725,0.9997968683
test_09726,0.0462659372
test_09727,0.9999596992
test_09728,0.0031011267
test_09729,0.0057385679
test_09730,0.9997610002
test_09731,0.0113306677
test_09732,0.0767118062
test_09733,0.0049269804
test_09734,0.0000434620
test_09735,0.0000248765
test_09736,0.0000809472
test_09737,0.9936025278
test_09738,0.1071756360
test_09739,0.0025737533
test_09740,0.0003777499
test_09741,0.0004888224
test_09742,0.0000338425
test_09743,0.9988970571
test_09744,0.9993566261
test_09745,0.9990844853
test_09746,0.9850552849
test_09747,0.9994749642
test_09748,0.1188699160
test_09749,0.9999949329
test_09750,0.9998723342
test_09751,0.9962152682
test_09752,0.4841353730
test_09753,0.5130810742
test_09754,0.0000244325
test_09755,0.4998730897
test_09756,0.6454883179
test_09757,0.9877904179
test_09758,0.9924529355
test_09759,0.9991611334
test_09760,0.0044580152
test_09761,0.0034965103
test_09762,0.0023948059
test_09763,0.9975079208
test_09764,0.0000572475
test_09765,0.0002334620
test_09766,0.0019993754
test_09767,0.0064144838
test_09768,0.9969538524
test_09769,0.0000521480
test_09770,0.0009385117
test_09771,0.6924505478
test_09772,0.9992913166
test_09773,0.9999758422
test_09774,0.0359603827
test_09775,0.0025857119
test_09776,0.5547924195
test_09777,0.9988797357
test_09778,0.0000387413
test_09779,0.9987505378
test_09780,0.0012502280
test_09781,0.0001385143
test_09782,0.9999646898
test_09783,0.9985413388
test_09784,0.0190010939
test_09785,0.9998927028
test_09786,0.0000286851
test_09787,0.7084620640
test_09788,0.9926246851
test_09789,0.8602119477
test_09790,0.0017897490
test_09791,0.9123412396
test_09792,0.8336588917
test_09793,0.9981537565
test_09794,0.0004976058
test_09795,0.0201523461
test_09796,0.0000971092
test_09797,0.1639638996
test_09798,0.9997340240
test_09799,0.9998388030
test_09800,0.7439045325
test_09801,0.0007279368
test_09802,0.9998943765
test_09803,0.9843590849
test_09804,0.9995684137
test_09805,0.5024027041
test_09806,0.9992059671
test_09807,0.9996224252
test_09808,0.9403583965
test_09809,0.1011156081
test_09810,0.9999779096
test_09811,0.0001704433
test_09812,0.8486410880
test_09813,0.0000344982
test_09814,0.9926742803
test_09815,0.0008459294
test_09816,0.1317957554
test_09817,0.0031130248
test_09818,0.9998510074
test_09819,0.9985496258
test_09820,0.9834975343
test_09821,0.0006126034
test_09822,0.9992950920
test_09823,0.9999893916
test_09824,0.9987660622
test_09825,0.9998693179
test_09826,0.9997323620
test_09827,0.8641076528
test_09828,0.9997857635
test_09829,0.7227610672
test_09830,0.9985370587
test_09831,0.9996403113
test_09832,0.9993863467
test_09833,0.9999618200
test_09834,0.9873814747
test_09835,0.0000021475
test_09836,0.9999316366
test_09837,0.8007144824
test_09838,0.9999877833
test_09839,0.9942625633
test_09840,0.3957385349
test_09841,0.9836482056
test_09842,0.0004932895
test_09843,0.0024510477
test_09844,0.0002766440
test_09845,0.9962115745
test_09846,0.9995007021
test_09847,0.0034528713
test_09848,0.0027505819
test_09849,0.9999564566
test_09850,0.9997591516
test_09851,0.9995396373
test_09852,0.9977443775
test_09853,0.9950240901
test_09854,0.9747976403
test_09855,0.0004349182
test_09856,0.0001435640
test_09857,0.9915228852
test_09858,0.4586728700
test_09859,0.0011552458
test_09860,0.0002744874
test_09861,0.9999709286
test_09862,0.0063286535
test_09863,0.9995981923
test_09864,0.9994986618
test_09865,0.0996966452
test_09866,0.0017306905
test_09867,0.0308757241
test_09868,0.9995718489
test_09869,0.9989811983
test_09870,0.4202693791
test_09871,0.0002732554
test_09872,0.5887426605
test_09873,0.9999408784
test_09874,0.0044848812
test_09875,0.9995420187
test_09876,0.9890320210
test_09877,0.0005609658
test_09878,0.0038399937
test_09879,0.0010671744
test_09880,0.0005919520
test_09881,0.9999843356
test_09882,0.0001735063
test_09883,0.0003409330
test_09884,0.9998960575
test_09885,0.9329697024
test_09886,0.9984654888
test_09887,0.0122157081
test_09888,0.0008894649
test_09889,0.9979047848
test_09890,0.0005348679
test_09891,0.0159947785
test_09892,0.9982571283
test_09893,0.0000139382
test_09894,0.9980850036
test_09895,0.0007846104
test_09896,0.0318698564
test_09897,0.9993311116
test_09898,0.9999382630
test_09899,0.9997850465
test_09900,0.0004858671
test_09901,0.0026859340
test_09902,0.9988791369
test_09903,0.0451339649
test_09904,0.0004481987
test_09905,0.9998190971
test_09906,0.6578987278
test_09907,0.9989228977
test_09908,0.0049018590
test_09909,0.0024316602
test_09910,0.0000976125
test_09911,0.8847881876
test_09912,0.0987354995
test_09913,0.0157481331
test_09914,0.0011694706
test_09915,0.0237712274
test_09916,0.9961399284
test_09917,0.3337974054
test_09918,0.7306651184
test_09919,0.0025304300
test_09920,0.0000085798
test_09921,0.9881564746
test_09922,0.0808688688
test_09923,0.5041890116
test_09924,0.9966126452
test_09925,0.9998693689
test_09926,0.9998810693
test_09927,0.0007635723
test_09928,0.1031351205
test_09929,0.9995630533
test_09930,0.9995457765
test_09931,0.2014902511
test_09932,0.9999999759
test_09933,0.0314251065
test_09934,0.0004333751
test_09935,0.0055179784
test_09936,0.9999157845
test_09937,0.9999110443
test_09938,0.9998568313
test_09939,0.0210009833
test_09940,0.7400382011
test_09941,0.9994649904
test_09942,0.5770128895
test_09943,0.9999755387
test_09944,0.9949905006
test_09945,0.9999261616
test_09946,0.0012323352
test_09947,0.9995478468
test_09948,0.9901395159
test_09949,0.0147910568
test_09950,0.0002376630
test_09951,0.9996537504
test_09952,0.0161984293
test_09953,0.0056670897
test_09954,0.0011732135
test_09955,0.0045594238
test_09956,0.9995416957
test_09957,0.0000373846
test_09958,0.5921080919
test_09959,0.9521209571
test_09960,0.9999770265
test_09961,0.4712412250
test_09962,0.9993657855
test_09963,0.9990122731
test_09964,0.0937271056
test_09965,0.0001108083
test_09966,0.9999874553
test_09967,0.0013354847
test_09968,0.0066225537
test_09969,0.9913456238
test_09970,0.0000628499
test_09971,0.0009339258
test_09972,0.9572715625
test_09973,0.8267044516
test_09974,0.9999920935
test_09975,0.0002432345
test_09976,0.9976688873
test_09977,0.0003530377
test_09978,0.8663500655
test_09979,0.8568084695
test_09980,0.0038987050
test_09981,0.9795890726
test_09982,0.9992046284
test_09983,0.9819594766
test_09984,0.0001074264
test_09985,0.0008775203
test_09986,0.8291850356
test_09987,0.0001284780
test_09988,0.9978024952
test_09989,0.9214256413
test_09990,0.0001619866
test_09991,0.9997217457
test_09992,0.0001958603
test_09993,0.0006206845
test_09994,0.9985238462
test_09995,0.9998936087
test_09996,0.9998545028
test_09997,0.1848044176
test_09998,0.0118538624
test_09999,0.9998755053
test_10000,0.5122469677
test_10001,0.9989567710
test_10002,0.9987669241
test_10003,0.9997961689
test_10004,0.9999786397
test_10005,0.0020156981
test_10006,0.9969712258
test_10007,0.9952835335
test_10008,0.7683675118
test_10009,0.0000910029
test_10010,0.9996335801
test_10011,0.9927875374
test_10012,0.0000206597
test_10013,0.0981019363
test_10014,0.0002255954
test_10015,0.0001975015
test_10016,0.5139665592
test_10017,0.3413894657
test_10018,0.9998102137
test_10019,0.0012251605
test_10020,0.0000047554
test_10021,0.0001354041
test_10022,0.0000909549
test_10023,0.0001069568
test_10024,0.9998792514
test_10025,0.0011844561
test_10026,0.9997755155
test_10027,0.0003828735
test_10028,0.0002897090
test_10029,0.9994045786
test_10030,0.9753883662
test_10031,0.0146176233
test_10032,0.0000915360
test_10033,0.0036401504
test_10034,0.0210785655
test_10035,0.0571963939
test_10036,0.0002816617
test_10037,0.9999153651
test_10038,0.9995689830
test_10039,0.0123117515
test_10040,0.9991030634
test_10041,0.9946362360
test_10042,0.0044645875
test_10043,0.9995619483
test_10044,0.9995352033
test_10045,0.0037730619
test_10046,0.9992804231
test_10047,0.0796706523
test_10048,0.3949261088
test_10049,0.9746214726
test_10050,0.9969592789
test_10051,0.5935738847
test_10052,0.9996556059
test_10053,0.0597261816
test_10054,0.9995512631
test_10055,0.0000954319
test_10056,0.7943179030
test_10057,0.9907786121
test_10058,0.6946975595
test_10059,0.9997829878
test_10060,0.9069495659
test_10061,0.0042258411
test_10062,0.0000251865
test_10063,0.9998798803
test_10064,0.0001742831
test_10065,0.0020804315
test_10066,0.9998597446
test_10067,0.9641695811
test_10068,0.8955318681
test_10069,0.2614794599
test_10070,0.2496102651
test_10071,0.9997094394
test_10072,0.0873497097
test_10073,0.0639985948
test_10074,0.0000133286
test_10075,0.9998743519
test_10076,0.0001094078
test_10077,0.8401872432
test_10078,0.0037188478
test_10079,0.9939999972
test_10080,0.0000579409
test_10081,0.4115497596
test_10082,0.9999622365
test_10083,0.9993513612
test_10084,0.9999645449
test_10085,0.2573084006
test_10086,0.9987339186
test_10087,0.9971998019
test_10088,0.8893746311
test_10089,0.0010010107
test_10090,0.6232109632
test_10091,0.9999456388
test_10092,0.9795666625
test_10093,0.8685115136
test_10094,0.0000503307
test_10095,0.9610372432
test_10096,0.0000746593
test_10097,0.9998437113
test_10098,0.0007908268
test_10099,0.0011063334
test_10100,0.9997696090
test_10101,0.9968355378
test_10102,0.0000014441
test_10103,0.0000683784
test_10104,0.9715260453
test_10105,0.9998809539
test_10106,0.0000678079
test_10107,0.4779443161
test_10108,0.9998140805
test_10109,0.0000958039
test_10110,0.0005280655
test_10111,0.0012912029
test_10112,0.0003352744
test_10113,0.9988379308
test_10114,0.7003829230
test_10115,0.0000288468
test_10116,0.0000512580
test_10117,0.0099804565
test_10118,0.9972527762
test_10119,0.9999257398
test_10120,0.0023768691
test_10121,0.9997288224
test_10122,0.0000869848
test_10123,0.1289761082
test_10124,0.8233679922
test_10125,0.0528234486
test_10126,0.0001822537
test_10127,0.0018076671
test_10128,0.0007978007
test_10129,0.9998471750
test_10130,0.1019086342
test_10131,0.0000708212
test_10132,0.0012935071
test_10133,0.0000213189
test_10134,0.0013166117
test_10135,0.0000429689
test_10136,0.0116513136
test_10137,0.0006421314
test_10138,0.8971369231
test_10139,0.1296669727
test_10140,0.0006040587
test_10141,0.0000803651
test_10142,0.0001675386
test_10143,0.0020713812
test_10144,0.4013224873
test_10145,0.0317944172
test_10146,0.0005758823
test_10147,0.9999113209
test_10148,0.9996618223
test_10149,0.0018290442
test_10150,0.9999152620
test_10151,0.0000049234
test_10152,0.0023196423
test_10153,0.9998190246
test_10154,0.9999881012
test_10155,0.0228252503
test_10156,0.9901072191
test_10157,0.4863049216
test_10158,0.0014039647
test_10159,0.0029975088
test_10160,0.0018384575
test_10161,0.9338527979
test_10162,0.9999494041
test_10163,0.9985420177
test_10164,0.0000891790
test_10165,0.0001130110
test_10166,0.9999412408
test_10167,0.8638738841
test_10168,0.9888772073
test_10169,0.9938949288
test_10170,0.0025918537
test_10171,0.0001499045
test_10172,0.1551367887
test_10173,0.9996945104
test_10174,0.9999672654
test_10175,0.1187350360
test_10176,0.0020172762
test_10177,0.0137485495
test_10178,0.3179832813
test_10179,0.0004618344
test_10180,0.6287036963
test_10181,0.0021804514
test_10182,0.9997668127
test_10183,0.0006013772
test_10184,0.3589718914
test_10185,0.6668731725
test_10186,0.0005604426
test_10187,0.9686222870
test_10188,0.9997563272
test_10189,0.9997618395
test_10190,0.9999590944
test_10191,0.4262650427
test_10192,0.0005869917
test_10193,0.7470003751
test_10194,0.3841303136
test_10195,0.9233831393
test_10196,0.0002786643
test_10197,0.9997008628
test_10198,0.4533923033
test_10199,0.0000990829
test_10200,0.0148415847
test_10201,0.0000318085
test_10202,0.9993428175
test_10203,0.3549092323
test_10204,0.0086365067
test_10205,0.9868080459
test_10206,0.0015913096
test_10207,0.0000885273
test_10208,0.9974271021
test_10209,0.9999984056
test_10210,0.9698143477
test_10211,0.1334742989
test_10212,0.9999613259
test_10213,0.0054156738
test_10214,0.9709792070
test_10215,0.0032092094
test_10216,0.9999713680
test_10217,0.9998258739
test_10218,0.9993456050
test_10219,0.9891331515
test_10220,0.7142806531
test_10221,0.6117542223
test_10222,0.9999562905
test_10223,0.3214732321
test_10224,0.4737877345
test_10225,0.0002668823
test_10226,0.0212276592
test_10227,0.0005513802
test_10228,0.0002788235
test_10229,0.0064903510
test_10230,0.0001298100
test_10231,0.9993590561
test_10232,0.9999829871
test_10233,0.9992905999
test_10234,0.0001600794
test_10235,0.3369688619
test_10236,0.3579331534
test_10237,0.9997568923
test_10238,0.0005005055
test_10239,0.6389394681
test_10240,0.9996527272
test_10241,0.0455446471
test_10242,0.9985107978
test_10243,0.9991242600
test_10244,0.0570927110
test_10245,0.8511158911
test_10246,0.9987334960
test_10247,0.9524519068
test_10248,0.9261713609
test_10249,0.0002934544
test_10250,0.0188159309
test_10251,0.9985436327
test_10252,0.0000458488
test_10253,0.9968589037
test_10254,0.0000161290
test_10255,0.0006407141
test_10256,0.8013246278
test_10257,0.0025797839
test_10258,0.0049192462
test_10259,0.0022396244
test_10260,0.9585429909
test_10261,0.9999845312
test_10262,0.1263489013
test_10263,0.9995834348
test_10264,0.9983912008
test_10265,0.0002506359
test_10266,0.0001067429
test_10267,0.9988947176
test_10268,0.9999493628
test_10269,0.0740951980
test_10270,0.0066608693
test_10271,0.0020303693
test_10272,0.0175276389
test_10273,0.4335864578
test_10274,0.8218971577
test_10275,0.9999982022
test_10276,0.9999539486
test_10277,0.9997934513
test_10278,0.9957475982
test_10279,0.3642677669
test_10280,0.9830327746
test_10281,0.0011181060
test_10282,0.0663600277
test_10283,0.0047548632
test_10284,0.9950990364
test_10285,0.9835849975
test_10286,0.0965251479
test_10287,0.0001302510
test_10288,0.9984487207
test_10289,0.9988006677
test_10290,0.9992311837
test_10291,0.9983082975
test_10292,0.2012065686
test_10293,0.9909523498
test_10294,0.8654079869
test_10295,0.9976614469
test_10296,0.9978483049
test_10297,0.0003932824
test_10298,0.0003754890
test_10299,0.0000232292
test_10300,0.0388888366
test_10301,0.0010858216
test_10302,0.9992459194
test_10303,0.9951337952
test_10304,0.9974430506
test_10305,0.9988106148
test_10306,0.0123167025
test_10307,0.0001155261
test_10308,0.0018483013
test_10309,0.9999807682
test_10310,0.0271283055
test_10311,0.0291277722
test_10312,0.0001899352
test_10313,0.0069828372
test_10314,0.9936819594
test_10315,0.0054393774
test_10316,0.9803713629
test_10317,0.0002382401
test_10318,0.9621468695
test_10319,0.6046143583
test_10320,0.9944482821
test_10321,0.9929347350
test_10322,0.0001447917
test_10323,0.0000167371
test_10324,0.0010908931
test_10325,0.9999557218
test_10326,0.9998720593
test_10327,0.9999235269
test_10328,0.0002584379
test_10329,0.9995100209
test_10330,0.0082097023
test_10331,0.7611545694
test_10332,0.9998978059
test_10333,0.9999473349
test_10334,0.0061572548
test_10335,0.0001157872
test_10336,0.7038417403
test_10337,0.0001171315
test_10338,0.9972537765
test_10339,0.8741894288
test_10340,0.9998649456
test_10341,0.0000536205
test_10342,0.9894608151
test_10343,0.9706374637
test_10344,0.9988518181
test_10345,0.0043032360
test_10346,0.9999337451
test_10347,0.9979578644
test_10348,0.9974457151
test_10349,0.0023280502
test_10350,0.3439186069
test_10351,0.0001309326
test_10352,0.3569750483
test_10353,0.0003037904
test_10354,0.9999733277
test_10355,0.9707171974
test_10356,0.0620815352
test_10357,0.0000902525
test_10358,0.9057674835
test_10359,0.0000100519
test_10360,0.0000123122
test_10361,0.9999939193
test_10362,0.9768547307
test_10363,0.9967457356
test_10364,0.9995411025
test_10365,0.0000941177
test_10366,0.0016121157
test_10367,0.0870496757
test_10368,0.0025435844
test_10369,0.9887729141
test_10370,0.9164547120
test_10371,0.9995186166
test_10372,0.0001225070
test_10373,0.9009702498
test_10374,0.0000098195
test_10375,0.8122196034
test_10376,0.9996911161
test_10377,0.0002070792
test_10378,0.0017554485
test_10379,0.0001310881
test_10380,0.9994064466
test_10381,0.8571735190
test_10382,0.9996040642
test_10383,0.9999486180
test_10384,0.0007337190
test_10385,0.0657244417
test_10386,0.9933923110
test_10387,0.9978581985
test_10388,0.1041911797
test_10389,0.0000780696
test_10390,0.0032608424
test_10391,0.6308691697
test_10392,0.0005475895
test_10393,0.0000233029
test_10394,0.0029941752
test_10395,0.9999743386
test_10396,0.0008054088
test_10397,0.0000369928
test_10398,0.9945752620
test_10399,0.0000973916
test_10400,0.9999353094
test_10401,0.0079733429
test_10402,0.0003263003
test_10403,0.0001713064
test_10404,0.3473508650
test_10405,0.4853395597
test_10406,0.9993228334
test_10407,0.9996599208
test_10408,0.9978307105
test_10409,0.0001185746
test_10410,0.0001171476
test_10411,0.9566337007
test_10412,0.0000475239
test_10413,0.3399548132
test_10414,0.0015160670
test_10415,0.9528145789
test_10416,0.0029193424
test_10417,0.9560946097
test_10418,0.9040110716
test_10419,0.9944995838
test_10420,0.4236865225
test_10421,0.9990978635
test_10422,0.0007575365
test_10423,0.9999231296
test_10424,0.7899185307
test_10425,0.2437546945
test_10426,0.9925121952
test_10427,0.9999053253
test_10428,0.6514998499
test_10429,0.0004477401
test_10430,0.0208584112
test_10431,0.0008720286
test_10432,0.0000370207
test_10433,0.9998929210
test_10434,0.9999111678
test_10435,0.0000422386
test_10436,0.0233197818
test_10437,0.0063181067
test_10438,0.9999964711
test_10439,0.4747100481
test_10440,0.0000564607
test_10441,0.3451445435
test_10442,0.0064623772
test_10443,0.9998823835
test_10444,0.9993180789
test_10445,0.3610521380
test_10446,0.9998473770
test_10447,0.9997573640
test_10448,0.0000567887
test_10449,0.9986345725
test_10450,0.9976076954
test_10451,0.9999833342
test_10452,0.7359591452
test_10453,0.9971486506
test_10454,0.0003775762
test_10455,0.0001739432
test_10456,0.0000767065
test_10457,0.9992731695
test_10458,0.4476076878
test_10459,0.0019209806
test_10460,0.9228394607
test_10461,0.7149279280
test_10462,0.0017170898
test_10463,0.0145267109
test_10464,0.4889032861
test_10465,0.0002169127
test_10466,0.9997331372
test_10467,0.8053358364
test_10468,0.9994111614
test_10469,0.8242170491
test_10470,0.9975261666
test_10471,0.2925858883
test_10472,0.9993321068
test_10473,0.9930276255
test_10474,0.9999296820
test_10475,0.9467720712
test_10476,0.0054288599
test_10477,0.2247903476
test_10478,0.0002360100
test_10479,0.9998845060
test_10480,0.9988326458
test_10481,0.0401464477
test_10482,0.0002252714
test_10483,0.8042237896
test_10484,0.9904216022
test_10485,0.0000002037
test_10486,0.0004296661
test_10487,0.9996330523
test_10488,0.0000186732
test_10489,0.0075915306
test_10490,0.9998101141
test_10491,0.0012933103
test_10492,0.0022070939
test_10493,0.9998247104
test_10494,0.0340576888
test_10495,0.9999904959
test_10496,0.0001637953
test_10497,0.0001228901
test_10498,0.0000421357
test_10499,0.9897107067
test_10500,0.9787936187
test_10501,0.0200082978
test_10502,0.0000974027
test_10503,0.2628852178
test_10504,0.1174499212
test_10505,0.9988547649
test_10506,0.9999109555
test_10507,0.0002047220
test_10508,0.9994860483
test_10509,0.9994219033
test_10510,0.9995515840
test_10511,0.0004339946
test_10512,0.0000783019
test_10513,0.9994280526
test_10514,0.9998713155
test_10515,0.0000253227
test_10516,0.9946558290
test_10517,0.9853742206
test_10518,0.4758232548
test_10519,0.0000567421
test_10520,0.9997923947
test_10521,0.9994437550
test_10522,0.9738751423
test_10523,0.9997799961
test_10524,0.9967192941
test_10525,0.9046603689
test_10526,0.9998750223
test_10527,0.9926598340
test_10528,0.9980080834
test_10529,0.9997380328
test_10530,0.0003506956
test_10531,0.9999673338
test_10532,0.0000239505
test_10533,0.9924561844
test_10534,0.0000888038
test_10535,0.0016734077
test_10536,0.9986420058
test_10537,0.9995599768
test_10538,0.0000336035
test_10539,0.9949312541
test_10540,0.0017703383
test_10541,0.0000396256
test_10542,0.9997491494
test_10543,0.9998955871
test_10544,0.0000611458
test_10545,0.1617754867
test_10546,0.6407855001
test_10547,0.9993780766
test_10548,0.0000295605
test_10549,0.2380021228
test_10550,0.9997723638
test_10551,0.0000139305
test_10552,0.9340959339
test_10553,0.0002053612
test_10554,0.9991043289
test_10555,0.9994362730
test_10556,0.0010024600
test_10557,0.4861785497
test_10558,0.0005811862
test_10559,0.9042386846
test_10560,0.9997351723
test_10561,0.7077640753
test_10562,0.9554511991
test_10563,0.9998324796
test_10564,0.9992269354
test_10565,0.9940074421
test_10566,0.9992717102
test_10567,0.0000291912
test_10568,0.9998685912
test_10569,0.0290184256
test_10570,0.4051621920
test_10571,0.9999107886
test_10572,0.9999846958
test_10573,0.9996877431
test_10574,0.3142330952
test_10575,0.9999141634
test_10576,0.9653779826
test_10577,0.8856193494
test_10578,0.0000894906
test_10579,0.2327474385
test_10580,0.6671875671
test_10581,0.0041466478
test_10582,0.9998866221
test_10583,0.0022905479
test_10584,0.9975566124
test_10585,0.0018424823
test_10586,0.0000175823
test_10587,0.6300797075
test_10588,0.0003070402
test_10589,0.0000649398
test_10590,0.0731941499
test_10591,0.0000789323
test_10592,0.0007800408
test_10593,0.9999607775
test_10594,0.9997061266
test_10595,0.0001684783
test_10596,0.9998711712
test_10597,0.0001979658
test_10598,0.9994649954
test_10599,0.9998842121
test_10600,0.0002078021
test_10601,0.0014732903
test_10602,0.9504460194
test_10603,0.9974936974
test_10604,0.9999858154
test_10605,0.9997632902
test_10606,0.9999341621
test_10607,0.4406617086
test_10608,0.0052934690
test_10609,0.9999476903
test_10610,0.0002164297
test_10611,0.9867701389
test_10612,0.0007396009
test_10613,0.0075610809
test_10614,0.0000837986
test_10615,0.9999123672
test_10616,0.9940488626
test_10617,0.9945582741
test_10618,0.9999895899
test_10619,0.9978219380
test_10620,0.9994667861
test_10621,0.9960595491
test_10622,0.9652861209
test_10623,0.0005661551
test_10624,0.9505143992
test_10625,0.0031514573
test_10626,0.0001738555
test_10627,0.0242802842
test_10628,0.9987926266
test_10629,0.9861267945
test_10630,0.9998983412
test_10631,0.0542540042
test_10632,0.9623987178
test_10633,0.9999698444
test_10634,0.9999741365
test_10635,0.0044324505
test_10636,0.9962199012
test_10637,0.9956095688
test_10638,0.0002027734
test_10639,0.9981445305
test_10640,0.0001247096
test_10641,0.9999944829
test_10642,0.9989041614
test_10643,0.9985347016
test_10644,0.7429108764
test_10645,0.0015999104
test_10646,0.0302406851
test_10647,0.0186051713
test_10648,0.8717601604
test_10649,0.9952845248
test_10650,0.4062483006
test_10651,0.9949671371
test_10652,0.0573074672
test_10653,0.9998331180
test_10654,0.0122934986
test_10655,0.0001253167
test_10656,0.9997063165
test_10657,0.0003204938
test_10658,0.9997628823
test_10659,0.5721582888
test_10660,0.9901323029
test_10661,0.9998603169
test_10662,0.0002880455
test_10663,0.0502758543
test_10664,0.9998603347
test_10665,0.1325891019
test_10666,0.8111526086
test_10667,0.2589554425
test_10668,0.9997039614
test_10669,0.3378381514
test_10670,0.0002163739
test_10671,0.5299087787
test_10672,0.0000781191
test_10673,0.0020496488
test_10674,0.0433598531
test_10675,0.0038331067
test_10676,0.9989669134
test_10677,0.9987819277
test_10678,0.9949573673
test_10679,0.9958380995
test_10680,0.0011587752
test_10681,0.9999056565
test_10682,0.9994837632
test_10683,0.0633146446
test_10684,0.0000250187
test_10685,0.1920561070
test_10686,0.9512193027
test_10687,0.0014675935
test_10688,0.0010576276
test_10689,0.0000288869
test_10690,0.9990318266
test_10691,0.0004608291
test_10692,0.9999875110
test_10693,0.0000268002
test_10694,0.9826283860
test_10695,0.9922416615
test_10696,0.3752484932
test_10697,0.0000013922
test_10698,0.9995987837
test_10699,0.9969141534
test_10700,0.0000417706
test_10701,0.7537354599
test_10702,0.0011684242
test_10703,0.2096014024
test_10704,0.9315143692
test_10705,0.9929612261
test_10706,0.0002108579
test_10707,0.9945261087
test_10708,0.9999999284
test_10709,0.9991821948
test_10710,0.9998167863
test_10711,0.9989219474
test_10712,0.9996766482
test_10713,0.0006582316
test_10714,0.9919611336
test_10715,0.0009771818
test_10716,0.9979248634
test_10717,0.9999810135
test_10718,0.5634749362
test_10719,0.9996776057
test_10720,0.9258756822
test_10721,0.0000322446
test_10722,0.9865203959
test_10723,0.0008704208
test_10724,0.0000360143
test_10725,0.0009112124
test_10726,0.7998249251
test_10727,0.0037659743
test_10728,0.0037700866
test_10729,0.0017567692
test_10730,0.0849259977
test_10731,0.0001206570
test_10732,0.7391384740
test_10733,0.0001311426
test_10734,0.0004041143
test_10735,0.8700234203
test_10736,0.0000741398
test_10737,0.0000284501
test_10738,0.9999108404
test_10739,0.9212480921
test_10740,0.9963940148
test_10741,0.9999207605
test_10742,0.0036751396
test_10743,0.9915702219
test_10744,0.0107235578
test_10745,0.0000100246
test_10746,0.2205847426
test_10747,0.9953087885
test_10748,0.9939081967
test_10749,0.9985378551
test_10750,0.9539984323
test_10751,0.0001472691
test_10752,0.9927631035
test_10753,0.9998904857
test_10754,0.9998499347
test_10755,0.0000229810
test_10756,0.9833320564
test_10757,0.0002891506
test_10758,0.0002582872
test_10759,0.1580787119
test_10760,0.0144369022
test_10761,0.0001243144
test_10762,0.9998319694
test_10763,0.9997389871
test_10764,0.8969205338
test_10765,0.5191036875
test_10766,0.9969625763
test_10767,0.4474624227
test_10768,0.9865803966
test_10769,0.0004549411
test_10770,0.0000484492
test_10771,0.9958695457
test_10772,0.0003338667
test_10773,0.9999511029
test_10774,0.9821524230
test_10775,0.3225302415
test_10776,0.0001260483
test_10777,0.0036384588
test_10778,0.9988508509
test_10779,0.9958704949
test_10780,0.9918354416
test_10781,0.9999046531
test_10782,0.0472618915
test_10783,0.0005490427
test_10784,0.0002662139
test_10785,0.9981921579
test_10786,0.9968142879
test_10787,0.9996101728
test_10788,0.0001858891
test_10789,0.0006693245
test_10790,0.0223574971
test_10791,0.3706665726
test_10792,0.9999055967
test_10793,0.9924328440
test_10794,0.3146047120
test_10795,0.0002233942
test_10796,0.9997372758
test_10797,0.4286888538
test_10798,0.9999399098
test_10799,0.0005496474
test_10800,0.9994246716
test_10801,0.0000763362
test_10802,0.0000079001
test_10803,0.9987884421
test_10804,0.9914283458
test_10805,0.0001029829
test_10806,0.9996667229
test_10807,0.9946177382
test_10808,0.9998706793
test_10809,0.9997943843
test_10810,0.9979979963
test_10811,0.9614644894
test_10812,0.0097829524
test_10813,0.0000615329
test_10814,0.0008257482
test_10815,0.9995786787
test_10816,0.7936406103
test_10817,0.9899850079
test_10818,0.9999240979
test_10819,0.9971780866
test_10820,0.0011453365
test_10821,0.0211559205
test_10822,0.8865382883
test_10823,0.3195745204
test_10824,0.0000839242
test_10825,0.9989461795
test_10826,0.9992595191
test_10827,0.9979735469
test_10828,0.9998655708
test_10829,0.0002991695
test_10830,0.9998663221
test_10831,0.0730207231
test_10832,0.0461827559
test_10833,0.9946063484
test_10834,0.9996998045
test_10835,0.0614996642
test_10836,0.0000052341
test_10837,0.0168733710
test_10838,0.0003272730
test_10839,0.0031676684
test_10840,0.9996728307
test_10841,0.1024988910
test_10842,0.6129294570
test_10843,0.0001458171
test_10844,0.0052841194
test_10845,0.0000095176
test_10846,0.9999561377
test_10847,0.0148831478
test_10848,0.0004110473
test_10849,0.0016172610
test_10850,0.0004689502
test_10851,0.0000466824
test_10852,0.0003078697
test_10853,0.0563652317
test_10854,0.9821125561
test_10855,0.0000256040
test_10856,0.0203587142
test_10857,0.9944153569
test_10858,0.0005166009
test_10859,0.9995228603
test_10860,0.0006453320
test_10861,0.0014656325
test_10862,0.5326270000
test_10863,0.9996406950
test_10864,0.2407644489
test_10865,0.9987840744
test_10866,0.9992835321
test_10867,0.9922116648
test_10868,0.0021329650
test_10869,0.1656702257
test_10870,0.0012562330
test_10871,0.0002581991
test_10872,0.9992321183
test_10873,0.9986733946
test_10874,0.7188076765
test_10875,0.2049366381
test_10876,0.1476990390
test_10877,0.9852859062
test_10878,0.9781252808
test_10879,0.0001214182
test_10880,0.1504449755
test_10881,0.0110003305
test_10882,0.0024479447
test_10883,0.9526993044
test_10884,0.9995674086
test_10885,0.0010454498
test_10886,0.0126412803
test_10887,0.8949925427
test_10888,0.9999594680
test_10889,0.0028708858
test_10890,0.0001766767
test_10891,0.0001430286
test_10892,0.9997853464
test_10893,0.0057177833
test_10894,0.0224592086
test_10895,0.9971799334
test_10896,0.0412112893
test_10897,0.0000768139
test_10898,0.9962790919
test_10899,0.8982137641
test_10900,0.6810345056
test_10901,0.9820299825
test_10902,0.9814454075
test_10903,0.9947333373
test_10904,0.9997891272
test_10905,0.9998834241
test_10906,0.9999556060
test_10907,0.0001524108
test_10908,0.8608718424
test_10909,0.9999708393
test_10910,0.0018308221
test_10911,0.0002185575
test_10912,0.9993970763
test_10913,0.0000840514
test_10914,0.9990276762
test_10915,0.0221856055
test_10916,0.0004640598
test_10917,0.7447937668
test_10918,0.0005882123
test_10919,0.0059923952
test_10920,0.9981362386
test_10921,0.5414305482
test_10922,0.9985187093
test_10923,0.9711525839
test_10924,0.9999191484
test_10925,0.9978748102
test_10926,0.0002672624
test_10927,0.9992274135
test_10928,0.0000269686
test_10929,0.0000379975
test_10930,0.7646590935
test_10931,0.0300279592
test_10932,0.9993177998
test_10933,0.9993731120
test_10934,0.0000530932
test_10935,0.0005827829
test_10936,0.9924375539
test_10937,0.9998315455
test_10938,0.0003876471
test_10939,0.9719921984
test_10940,0.0207198868
test_10941,0.0000477422
test_10942,0.0007538788
test_10943,0.0006820384
test_10944,0.9848246077
test_10945,0.0000070137
test_10946,0.0001132978
test_10947,0.9985947624
test_10948,0.0001235609
test_10949,0.0000527999
test_10950,0.3702002032
test_10951,0.9991376167
test_10952,0.0000036488
test_10953,0.7292957882
test_10954,0.9999629797
test_10955,0.9994258801
test_10956,0.0006989812
test_10957,0.0029146226
test_10958,0.0000748791
test_10959,0.0025972050
test_10960,0.9996622754
test_10961,0.5267863977
test_10962,0.2551697082
test_10963,0.0091151309
test_10964,0.0000079917
test_10965,0.4591378723
test_10966,0.0000582432
test_10967,0.6974079217
test_10968,0.0000655242
test_10969,0.9998235969
test_10970,0.0011583291
test_10971,0.9995307617
test_10972,0.0614943573
test_10973,0.0001287740
test_10974,0.1476931336
test_10975,0.9979559688
test_10976,0.9987187096
test_10977,0.9987777339
test_10978,0.9975749442
test_10979,0.0001364522
test_10980,0.9796503084
test_10981,0.9984654457
test_10982,0.9997009643
test_10983,0.0004142033
test_10984,0.9999662357
test_10985,0.9983304872
test_10986,0.0002305978
test_10987,0.9999827872
test_10988,0.0012850493
test_10989,0.0001031269
test_10990,0.0035519449
test_10991,0.0000876429
test_10992,0.9999369512
test_10993,0.9977964967
test_10994,0.0390394432
test_10995,0.0098012771
test_10996,0.9993339400
test_10997,0.9999585182
test_10998,0.0000230697
test_10999,0.0065855520
test_11000,0.0003280087
test_11001,0.9937527843
test_11002,0.0011711505
test_11003,0.0000427090
test_11004,0.0173401232
test_11005,0.9808020060
test_11006,0.0000073663
test_11007,0.0001900907
test_11008,0.4259913958
test_11009,0.0000194807
test_11010,0.9995787179
test_11011,0.9913454934
test_11012,0.0097451793
test_11013,0.9762138789
test_11014,0.9426818806
test_11015,0.1625801282
test_11016,0.0008565670
test_11017,0.0013237281
test_11018,0.9999170630
test_11019,0.0001182643
test_11020,0.8624804230
test_11021,0.9965439044
test_11022,0.0311260752
test_11023,0.0002219095
test_11024,0.9997429183
test_11025,0.9991798990
test_11026,0.9999111044
test_11027,0.9995260849
test_11028,0.7578742744
test_11029,0.9842879111
test_11030,0.9999261853
test_11031,0.0010869502
test_11032,0.0000796985
test_11033,0.0081938071
test_11034,0.0230422688
test_11035,0.9999579576
test_11036,0.9999296811
test_11037,0.0002482129
test_11038,0.9997527616
test_11039,0.6590882368
test_11040,0.9996687028
test_11041,0.3232314176
test_11042,0.0012680265
test_11043,0.9973503081
test_11044,0.9988351872
test_11045,0.9999678232
test_11046,0.5216135349
test_11047,0.9982512131
test_11048,0.9997839674
test_11049,0.1036540916
test_11050,0.0000503641
test_11051,0.9971486955
test_11052,0.9998376027
test_11053,0.9999408531
test_11054,0.9818639747
test_11055,0.0002949655
test_11056,0.9995810583
test_11057,0.0000016656
test_11058,0.7633374418
test_11059,0.0001118822
test_11060,0.9903254293
test_11061,0.0002892166
test_11062,0.9915119083
test_11063,0.0000593907
test_11064,0.9995520660
test_11065,0.9998281467
test_11066,0.9999353359
test_11067,0.0006573973
test_11068,0.0000077474
test_11069,0.9997116886
test_11070,0.9999363542
test_11071,0.9998674356
test_11072,0.0001328392
test_11073,0.0017430401
test_11074,0.0008347234
test_11075,0.9997763306
test_11076,0.9783464627
test_11077,0.0008819208
test_11078,0.0019025360
test_11079,0.9993889793
test_11080,0.0019998261
test_11081,0.0004270070
test_11082,0.0001150384
test_11083,0.0012240007
test_11084,0.9934952977
test_11085,0.1424139234
test_11086,0.0696480805
test_11087,0.9993665355
test_11088,0.0015579596
test_11089,0.2607041672
test_11090,0.9997121626
test_11091,0.9999500980
test_11092,0.0001998058
test_11093,0.9976377172
test_11094,0.8158271410
test_11095,0.9998178896
test_11096,0.4058401061
test_11097,0.9084439444
test_11098,0.0079119863
test_11099,0.9999169198
test_11100,0.9997518970
test_11101,0.0000433519
test_11102,0.1587239116
test_11103,0.9997224703
test_11104,0.0181556598
test_11105,0.0002858295
test_11106,0.6328403051
test_11107,0.9981595386
test_11108,0.9990642753
test_11109,0.9608273321
test_11110,0.9128541633
test_11111,0.8523381383
test_11112,0.9948672979
test_11113,0.4556958861
test_11114,0.9927566117
test_11115,0.9983247488
test_11116,0.9999743563
test_11117,0.5206931608
test_11118,0.9986853655
test_11119,0.9989176963
test_11120,0.0855003100
test_11121,0.9741757267
test_11122,0.9998144254
test_11123,0.9903631954
test_11124,0.9981893533
test_11125,0.9991756276
test_11126,0.9998876823
test_11127,0.5319550263
test_11128,0.0016561616
test_11129,0.3721019450
test_11130,0.9996775352
test_11131,0.0002803800
test_11132,0.9995255018
test_11133,0.0003121136
test_11134,0.0323728874
test_11135,0.6090239946
test_11136,0.9999641215
test_11137,0.0207061642
test_11138,0.9990979863
test_11139,0.0075758919
test_11140,0.0676191509
test_11141,0.9985855637
test_11142,0.0076086271
test_11143,0.9982048792
test_11144,0.9986239857
test_11145,0.0080125655
test_11146,0.0002534943
test_11147,0.9996735390
test_11148,0.0016262577
test_11149,0.1517537330
test_11150,0.9999867569
test_11151,0.0012534546
test_11152,0.9858017694
test_11153,0.9998442865
test_11154,0.9983905736
test_11155,0.0004503170
test_11156,0.0072587401
test_11157,0.9993565700
test_11158,0.0000451554
test_11159,0.0000437906
test_11160,0.0073301137
test_11161,0.7992784408
test_11162,0.0000454536
test_11163,0.0019416004
test_11164,0.0009946030
test_11165,0.9765515266
test_11166,0.8417996872
test_11167,0.0005793854
test_11168,0.2044901425
test_11169,0.9999183465
test_11170,0.0132622854
test_11171,0.0000887254
test_11172,0.9999613690
test_11173,0.9987786347
test_11174,0.0000274640
test_11175,0.0002027271
test_11176,0.4055027357
test_11177,0.0016767253
test_11178,0.0007179870
test_11179,0.0003288523
test_11180,0.5897497648
test_11181,0.9998786081
test_11182,0.0761001383
test_11183,0.2333872945
test_11184,0.9994781769
test_11185,0.8557109028
test_11186,0.0017963061
test_11187,0.0017148900
test_11188,0.9943313151
test_11189,0.0011924134
test_11190,0.0001131818
test_11191,0.9994246234
test_11192,0.0034982383
test_11193,0.0035458318
test_11194,0.0001112182
test_11195,0.9999984409
test_11196,0.0000964268
test_11197,0.9991033959
test_11198,0.9869188476
test_11199,0.0001481377
test_11200,0.0001148988
test_11201,0.0022760830
test_11202,0.8774731220
test_11203,0.6720658888
test_11204,0.9890317122
test_11205,0.0445362285
test_11206,0.8803347559
test_11207,0.0001917092
test_11208,0.9309420522
test_11209,0.0029285496
test_11210,0.9999728887
test_11211,0.0440003731
test_11212,0.8332888901
test_11213,0.0018289237
test_11214,0.0015287994
test_11215,0.0000184667
test_11216,0.0015183932
test_11217,0.5515426680
test_11218,0.9994068888
test_11219,0.5255879847
test_11220,0.9420219017
test_11221,0.1033142026
test_11222,0.0005221961
test_11223,0.0007409938
test_11224,0.9928091185
test_11225,0.0000084634
test_11226,0.0130616690
test_11227,0.9974305827
test_11228,0.0023826263
test_11229,0.9288679216
test_11230,0.0348881430
test_11231,0.7469926956
test_11232,0.0145387752
test_11233,0.9993121526
test_11234,0.9708930202
test_11235,0.6831154301
test_11236,0.6756962467
test_11237,0.0000904670
test_11238,0.9985555657
test_11239,0.9923079489
test_11240,0.9998623954
test_11241,0.9971572603
test_11242,0.9998657728
test_11243,0.9981561897
test_11244,0.0247989945
test_11245,0.0004244528
test_11246,0.9998259514
test_11247,0.0016911572
test_11248,0.9814668998
test_11249,0.0001546482
test_11250,0.9991820541
test_11251,0.9991264346
test_11252,0.0333872604
test_11253,0.0041632189
test_11254,0.8688217938
test_11255,0.0828001230
test_11256,0.3250873543
test_11257,0.9996584186
test_11258,0.9604608472
test_11259,0.0000043600
test_11260,0.0001001027
test_11261,0.0010802344
test_11262,0.9997138887
test_11263,0.8405017129
test_11264,0.8130298987
test_11265,0.4219699700
test_11266,0.0001331217
test_11267,0.0278589461
test_11268,0.6468818540
test_11269,0.4946702077
test_11270,0.9999058248
test_11271,0.4418564596
test_11272,0.0000230442
test_11273,0.4846343847
test_11274,0.9994773155
test_11275,0.0006078552
test_11276,0.0000730192
test_11277,0.9727573916
test_11278,0.0001653953
test_11279,0.1832738501
test_11280,0.9973013386
test_11281,0.9972080279
test_11282,0.0147571356
test_11283,0.0010587251
test_11284,0.0051260040
test_11285,0.0021189424
test_11286,0.1895285609
test_11287,0.9993325853
test_11288,0.9505184513
test_11289,0.0000478837
test_11290,0.9995342813
test_11291,0.9976234740
test_11292,0.9997417241
test_11293,0.0021811787
test_11294,0.9999437034
test_11295,0.9969123972
test_11296,0.0005372335
test_11297,0.9998645009
test_11298,0.0118144357
test_11299,0.5159278504
test_11300,0.9990913642
test_11301,0.9998091029
test_11302,0.0000667779
test_11303,0.9916900433
test_11304,0.9995405038
test_11305,0.0000302065
test_11306,0.9997481386
test_11307,0.9985686319
test_11308,0.9998699046
test_11309,0.0008055142
test_11310,0.4774953213
test_11311,0.0003346218
test_11312,0.9504588035
test_11313,0.0047390007
test_11314,0.0001339603
test_11315,0.0100326832
test_11316,0.0656861081
test_11317,0.1981554652
test_11318,0.9812117593
test_11319,0.0001857910
test_11320,0.0027439392
test_11321,0.0001816838
test_11322,0.0009335627
test_11323,0.0019394948
test_11324,0.0037071032
test_11325,0.6904690814
test_11326,0.0000062775
test_11327,0.9992804019
test_11328,0.9996455660
test_11329,0.0009349636
test_11330,0.5823166776
test_11331,0.0014437537
test_11332,0.9974674735
test_11333,0.8910050345
test_11334,0.2324877094
test_11335,0.9202895886
test_11336,0.7790265204
test_11337,0.9996813020
test_11338,0.9880888557
test_11339,0.0033380084
test_11340,0.0337788179
test_11341,0.5972344623
test_11342,0.0079378512
test_11343,0.9038813422
test_11344,0.0112680802
test_11345,0.0006638194
test_11346,0.2188832936
test_11347,0.9709676515
test_11348,0.0020474139
test_11349,0.0000021608
test_11350,0.1542379974
test_11351,0.0003132396
test_11352,0.0002157339
test_11353,0.9996873984
test_11354,0.0000175167
test_11355,0.0002203700
test_11356,0.0134621817
test_11357,0.0000582202
test_11358,0.0073310094
test_11359,0.0039659035
test_11360,0.2922000522
test_11361,0.0352591118
test_11362,0.0000245603
test_11363,0.0002371624
test_11364,0.0001076169
test_11365,0.0248400820
test_11366,0.9998677649
test_11367,0.0007266645
test_11368,0.0001016685
test_11369,0.8989641596
test_11370,0.9939275190
test_11371,0.0003533220
test_11372,0.0039304326
test_11373,0.0000447173
test_11374,0.9698465806
test_11375,0.0011013287
test_11376,0.0008618386
test_11377,0.9998204989
test_11378,0.3999710500
test_11379,0.0002659505
test_11380,0.0002225409
test_11381,0.0265075201
test_11382,0.9696205635
test_11383,0.0158192649
test_11384,0.0237314775
test_11385,0.9924775446
test_11386,0.9995959318
test_11387,0.9998202317
test_11388,0.0000037257
test_11389,0.0039476101
test_11390,0.9996202883
test_11391,0.9716544080
test_11392,0.9983767400
test_11393,0.9963806763
test_11394,0.0819157290
test_11395,0.0273726967
test_11396,0.4052642667
test_11397,0.0000940314
test_11398,0.9917684119
test_11399,0.7525374703
test_11400,0.3379052131
test_11401,0.9998489077
test_11402,0.9954863930
test_11403,0.0393172506
test_11404,0.9999625836
test_11405,0.0007758568
test_11406,0.0406664296
test_11407,0.0005090541
test_11408,0.2759161102
test_11409,0.0000018665
test_11410,0.0068863232
test_11411,0.2104323105
test_11412,0.9861633541
test_11413,0.0034051988
test_11414,0.0019927029
test_11415,0.9995320911
test_11416,0.0003109108
test_11417,0.9999248641
test_11418,0.9808084545
test_11419,0.9996635450
test_11420,0.0020407198
test_11421,0.6051097913
test_11422,0.1529019214
test_11423,0.0009165204
test_11424,0.9998653446
test_11425,0.0012000451
test_11426,0.0006756257
test_11427,0.9993531356
test_11428,0.0007005976
test_11429,0.9980936983
test_11430,0.0007881391
test_11431,0.9999449209
test_11432,0.9999439557
test_11433,0.0000472280
test_11434,0.9997233262
test_11435,0.9999714484
test_11436,0.4902056198
test_11437,0.8548117913
test_11438,0.0002642544
test_11439,0.0009889086
test_11440,0.0010887434
test_11441,0.0002004922
test_11442,0.0000765814
test_11443,0.8056535473
test_11444,0.0016715576
test_11445,0.7179932619
test_11446,0.0000189054
test_11447,0.9919925237
test_11448,0.0010454097
test_11449,0.9913285826
test_11450,0.9752964940
test_11451,0.9934897609
test_11452,0.5588247369
test_11453,0.0003608750
test_11454,0.0000839593
test_11455,0.0000222932
test_11456,0.0000655355
test_11457,0.8723888017
test_11458,0.0104937385
test_11459,0.0001216199
test_11460,0.0327671200
test_11461,0.9999688026
test_11462,0.9935727636
test_11463,0.0054262809
test_11464,0.9949245947
test_11465,0.9976118870
test_11466,0.9972623334
test_11467,0.0002745460
test_11468,0.4405281053
test_11469,0.0133253865
test_11470,0.0007823507
test_11471,0.8985600100
test_11472,0.0014623710
test_11473,0.9358531588
test_11474,0.9979138209
test_11475,0.3833650326
test_11476,0.0001052920
test_11477,0.9462396437
test_11478,0.0744056644
test_11479,0.0002242615
test_11480,0.9869227026
test_11481,0.0000337001
test_11482,0.7883368890
test_11483,0.9770037439
test_11484,0.0006837031
test_11485,0.9996470436
test_11486,0.9978713970
test_11487,0.1280149183
test_11488,0.0002812853
test_11489,0.9999125375
test_11490,0.9875629548
test_11491,0.0034635915
test_11492,0.4974899237
test_11493,0.9584569376
test_11494,0.5559479657
test_11495,0.0002430561
test_11496,0.9991984573
test_11497,0.9818868758
test_11498,0.5179443181
test_11499,0.9119744069
test_11500,0.0377963095
test_11501,0.2024039295
test_11502,0.0000161423
test_11503,0.5360732364
test_11504,0.9999304784
test_11505,0.9999303949
test_11506,0.0000486082
test_11507,0.0002474967
test_11508,0.0000723025
test_11509,0.0185174061
test_11510,0.0011896728
test_11511,0.0001389400
test_11512,0.0007447563
test_11513,0.0195419858
test_11514,0.0226399469
test_11515,0.0004479367
test_11516,0.5688506643
test_11517,0.0410596557
test_11518,0.0283137311
test_11519,0.9990003492
test_11520,0.9232205310
test_11521,0.0000656903
test_11522,0.0000464039
test_11523,0.4713334884
test_11524,0.0035692367
test_11525,0.9995095376
test_11526,0.9566487947
test_11527,0.0023962095
test_11528,0.0153345302
test_11529,0.0151953418
test_11530,0.9455107500
test_11531,0.9984715033
test_11532,0.9994458760
test_11533,0.0128967922
test_11534,0.9993523004
test_11535,0.9579333064
test_11536,0.9997523740
test_11537,0.9999849194
test_11538,0.3554338143
test_11539,0.9998911227
test_11540,0.9999331986
test_11541,0.3536460321
test_11542,0.0265913440
test_11543,0.9999932665
test_11544,0.0013998620
test_11545,0.9994784720
test_11546,0.0004836966
test_11547,0.9998039746
test_11548,0.0035648025
test_11549,0.0001051852
test_11550,0.5454593127
test_11551,0.0041154487
test_11552,0.9997115214
test_11553,0.9878474081
test_11554,0.1933565783
test_11555,0.9999942609
test_11556,0.5858103167
test_11557,0.9965546931
test_11558,0.9999483477
test_11559,0.0128336929
test_11560,0.0130706957
test_11561,0.0000190520
test_11562,0.9999071479
test_11563,0.9997146908
test_11564,0.0004263762
test_11565,0.1787566904
test_11566,0.0003086870
test_11567,0.9774265934
test_11568,0.0000632219
test_11569,0.9990756855
test_11570,0.0000538033
test_11571,0.0229663843
test_11572,0.0012384548
test_11573,0.6905650382
test_11574,0.9999277540
test_11575,0.9990183285
test_11576,0.9900593382
test_11577,0.9998441850
test_11578,0.1479704934
test_11579,0.7653821868
test_11580,0.9999644957
test_11581,0.6010279440
test_11582,0.0002212702
test_11583,0.0430442203
test_11584,0.9994608152
test_11585,0.0987864351
test_11586,0.9999805796
test_11587,0.9992497997
test_11588,0.0005092987
test_11589,0.5408986920
test_11590,0.9999376168
test_11591,0.9939557987
test_11592,0.9997805402
test_11593,0.0003771256
test_11594,0.9998924789
test_11595,0.0000475002
test_11596,0.9996816118
test_11597,0.9998347346
test_11598,0.0048588104
test_11599,0.0008144511
test_11600,0.0014788308
test_11601,0.9961234751
test_11602,0.0032576754
test_11603,0.9477890220
test_11604,0.9999202275
test_11605,0.9999342119
test_11606,0.0001105029
test_11607,0.9999415923
test_11608,0.0023282180
test_11609,0.9999867596
test_11610,0.0024531498
test_11611,0.9999129322
test_11612,0.9996273260
test_11613,0.9995718344
test_11614,0.0050134879
test_11615,0.7670698218
test_11616,0.9988045163
test_11617,0.9977855645
test_11618,0.9998558118
test_11619,0.0847827182
test_11620,0.0064555468
test_11621,0.0000155182
test_11622,0.9805451233
test_11623,0.0001086675
test_11624,0.9984969956
test_11625,0.9912107644
test_11626,0.9999718298
test_11627,0.9983869786
test_11628,0.0007974011
test_11629,0.9980833726
test_11630,0.0000023007
test_11631,0.0004445126
test_11632,0.0033346420
test_11633,0.9917736449
test_11634,0.9174240015
test_11635,0.9999058776
test_11636,0.9998790423
test_11637,0.9970597416
test_11638,0.8774813954
test_11639,0.0001160460
test_11640,0.9970992062
test_11641,0.9598774474
test_11642,0.9999456084
test_11643,0.9999475825
test_11644,0.9997206297
test_11645,0.1012818797
test_11646,0.0002894189
test_11647,0.0099587848
test_11648,0.9998099121
test_11649,0.0010588125
test_11650,0.9950776635
test_11651,0.0004543846
test_11652,0.0000549080
test_11653,0.8448033682
test_11654,0.0001471082
test_11655,0.0011794288
test_11656,0.9962027544
test_11657,0.0003686548
test_11658,0.0030363369
test_11659,0.0022155212
test_11660,0.9975157391
test_11661,0.0003460516
test_11662,0.9872378304
test_11663,0.0004444624
test_11664,0.5202784132
test_11665,0.0165382073
test_11666,0.0005262997
test_11667,0.0001513702
test_11668,0.9999588132
test_11669,0.9998773596
test_11670,0.0003539191
test_11671,0.9366065580
test_11672,0.9995230278
test_11673,0.0004359319
test_11674,0.0009510662
test_11675,0.0000880657
test_11676,0.9925332381
test_11677,0.4374988643
test_11678,0.0024249006
test_11679,0.9993376754
test_11680,0.0003869108
test_11681,0.0040452307
test_11682,0.0000891827
test_11683,0.6124935029
test_11684,0.9990878899
test_11685,0.1160006053
test_11686,0.9999271831
test_11687,0.0026286273
test_11688,0.0002352929
test_11689,0.0000642997
test_11690,0.9981449473
test_11691,0.7297612514
test_11692,0.1018244625
test_11693,0.7448326020
test_11694,0.0004788045
test_11695,0.9998899432
test_11696,0.0000152004
test_11697,0.0001392168
test_11698,0.0012585740
test_11699,0.1748573827
test_11700,0.3880187937
test_11701,0.0570488568
test_11702,0.0003647404
test_11703,0.0671028503
test_11704,0.9999204960
test_11705,0.9770167083
test_11706,0.9999561887
test_11707,0.0010793854
test_11708,0.9999936135
test_11709,0.9997979279
test_11710,0.9969663740
test_11711,0.9999988761
test_11712,0.4807352255
test_11713,0.9999428073
test_11714,0.9996933501
test_11715,0.9986238764
test_11716,0.2428100071
test_11717,0.0017493956
test_11718,0.0034298238
test_11719,0.0000905700
test_11720,0.9998317412
test_11721,0.9993720591
test_11722,0.9882201537
test_11723,0.8493954793
test_11724,0.0000117878
test_11725,0.4499278880
test_11726,0.9993355958
test_11727,0.9875066827
test_11728,0.9977309884
test_11729,0.9916934095
test_11730,0.0012186627
test_11731,0.0000848343
test_11732,0.9999488425
test_11733,0.9998750342
test_11734,0.0001450311
test_11735,0.9812067269
test_11736,0.0167036234
test_11737,0.1110715498
test_11738,0.9996466783
test_11739,0.9993930605
test_11740,0.0401603435
test_11741,0.0519467612
test_11742,0.4436737547
test_11743,0.9999538736
test_11744,0.9864246632
test_11745,0.0000146987
test_11746,0.9815089064
test_11747,0.0011142347
test_11748,0.0007299275
test_11749,0.9726266752
test_11750,0.0003997658
test_11751,0.9636358227
test_11752,0.9997536607
test_11753,0.0060772686
test_11754,0.8841737081
test_11755,0.4814479140
test_11756,0.9921702395
test_11757,0.0013068265
test_11758,0.0023371686
test_11759,0.9995283321
test_11760,0.8957274432
test_11761,0.9496084902
test_11762,0.9992209013
test_11763,0.2755137254
test_11764,0.9999409931
test_11765,0.0008041635
test_11766,0.2827387882
test_11767,0.0925121267
test_11768,0.0000277131
test_11769,0.8304994121
test_11770,0.3840595130
test_11771,0.9607794604
test_11772,0.9999586738
test_11773,0.0022491046
test_11774,0.0058954667
test_11775,0.9923139484
test_11776,0.6468572821
test_11777,0.9989640426
test_11778,0.9980831511
test_11779,0.9996646046
test_11780,0.9998264536
test_11781,0.0005366301
test_11782,0.0001257939
test_11783,0.0067445603
test_11784,0.9997435114
test_11785,0.0024193711
test_11786,0.9941763493
test_11787,0.0027054473
test_11788,0.0000314909
test_11789,0.0015252961
test_11790,0.0002106956
test_11791,0.9992934308
test_11792,0.9976470035
test_11793,0.9928825666
test_11794,0.9997853320
test_11795,0.9994802071
test_11796,0.0045053763
test_11797,0.9998607928
test_11798,0.0011237392
test_11799,0.9999459421
test_11800,0.0008549177
test_11801,0.0109464092
test_11802,0.0002391995
test_11803,0.0000343219
test_11804,0.0000790132
test_11805,0.0002875614
test_11806,0.0012059106
test_11807,0.9999658179
test_11808,0.9918040962
test_11809,0.0371538975
test_11810,0.9418789559
test_11811,0.0001729410
test_11812,0.0012015266
test_11813,0.0005024728
test_11814,0.0032202455
test_11815,0.0000058429
test_11816,0.9994672252
test_11817,0.0006909890
test_11818,0.0000558197
test_11819,0.9444238955
test_11820,0.9620842371
test_11821,0.9999700800
test_11822,0.9987991624
test_11823,0.9999540063
test_11824,0.9955072457
test_11825,0.9995106713
test_11826,0.0030381972
test_11827,0.9986699776
test_11828,0.0000683607
test_11829,0.0367934978
test_11830,0.9997000104
test_11831,0.0083201999
test_11832,0.0002265686
test_11833,0.0000015426
test_11834,0.9370480784
test_11835,0.1502721529
test_11836,0.8085188962
test_11837,0.9491895896
test_11838,0.0002151569
test_11839,0.0054869235
test_11840,0.0015586460
test_11841,0.0059765146
test_11842,0.0001917928
test_11843,0.0020477064
test_11844,0.0004888062
test_11845,0.9979217094
test_11846,0.0054514410
test_11847,0.9981234131
test_11848,0.9987465703
test_11849,0.0000076156
test_11850,0.9998519910
test_11851,0.0041789238
test_11852,0.0001024915
test_11853,0.9999952282
test_11854,0.0012798827
test_11855,0.9850461551
test_11856,0.9994696412
test_11857,0.3803649438
test_11858,0.9990925959
test_11859,0.2637797052
test_11860,0.0003842702
test_11861,0.0008731011
test_11862,0.0080391660
test_11863,0.9382386156
test_11864,0.9942618529
test_11865,0.9987022148
test_11866,0.9999254681
test_11867,0.9978339491
test_11868,0.0019859885
test_11869,0.9995822309
test_11870,0.9933995307
test_11871,0.9999538671
test_11872,0.9991487397
test_11873,0.9166538328
test_11874,0.3964430237
test_11875,0.9808868772
test_11876,0.9998560702
test_11877,0.0005063981
test_11878,0.6630785229
test_11879,0.0033104791
test_11880,0.0001149039
test_11881,0.9981179965
test_11882,0.9999318321
test_11883,0.0007934149
test_11884,0.9759607783
test_11885,0.0409514702
test_11886,0.0003025332
test_11887,0.9999376345
test_11888,0.5275029894
test_11889,0.1211339650
test_11890,0.0004452993
test_11891,0.4231176688
test_11892,0.0002319534
test_11893,0.9985564501
test_11894,0.5811671043
test_11895,0.0049728933
test_11896,0.9999819501
test_11897,0.0024090043
test_11898,0.0002999230
test_11899,0.9985546014
test_11900,0.6921709257
test_11901,0.7173489812
test_11902,0.9996235220
test_11903,0.9999145197
test_11904,0.9999476373
test_11905,0.9999523658
test_11906,0.0262215388
test_11907,0.9992521226
test_11908,0.0001064943
test_11909,0.0226162637
test_11910,0.9996628728
test_11911,0.9968319853
test_11912,0.0001343504
test_11913,0.0006475249
test_11914,0.0054805125
test_11915,0.0001010462
test_11916,0.0001427868
test_11917,0.8956393508
test_11918,0.9971775214
test_11919,0.0058458509
test_11920,0.9998586790
test_11921,0.0006115366
test_11922,0.0000248469
test_11923,0.9957237732
test_11924,0.9990674413
test_11925,0.9996564606
test_11926,0.9544132749
test_11927,0.9991002763
test_11928,0.2800761837
test_11929,0.0000387344
test_11930,0.9999533424
test_11931,0.9962858063
test_11932,0.0404145643
test_11933,0.4787830346
test_11934,0.0001867177
test_11935,0.0000689970
test_11936,0.9999022248
test_11937,0.0020759366
test_11938,0.9999708400
test_11939,0.4243864287
test_11940,0.0001495493
test_11941,0.0000544573
test_11942,0.9993464122
test_11943,0.0000143014
test_11944,0.0002839460
test_11945,0.9998762621
test_11946,0.6715833740
test_11947,0.0711168229
test_11948,0.0810901868
test_11949,0.1806425239
test_11950,0.0312462354
test_11951,0.0007350220
test_11952,0.0000324344
test_11953,0.0672307124
test_11954,0.0010705200
test_11955,0.9998947072
test_11956,0.2081461113
test_11957,0.9993811215
test_11958,0.9921526874
test_11959,0.2719977202
test_11960,0.0013500951
test_11961,0.0026313229
test_11962,0.0061146125
test_11963,0.9974379412
test_11964,0.0009443593
test_11965,0.9992303220
test_11966,0.9993078843
test_11967,0.0017417458
test_11968,0.7253760470
test_11969,0.0008253233
test_11970,0.0000605135
test_11971,0.0002160063
test_11972,0.9999429986
test_11973,0.3047980973
test_11974,0.9999654655
test_11975,0.9999539051
test_11976,0.0005066220
test_11977,0.9654929596
test_11978,0.9999587299
test_11979,0.9987975418
test_11980,0.9993976847
test_11981,0.0001316556
test_11982,0.9998461573
test_11983,0.9965456991
test_11984,0.9837117605
test_11985,0.0007757153
test_11986,0.9336636129
test_11987,0.0046317701
test_11988,0.9978326934
test_11989,0.2388101827
test_11990,0.9956292047
test_11991,0.9975399668
test_11992,0.0000280941
test_11993,0.9964574027
test_11994,0.4682830607
test_11995,0.8607936777
test_11996,0.0008697250
test_11997,0.9994163368
test_11998,0.0000734976
test_11999,0.5611116483
test_12000,0.9981886728
test_12001,0.0014207665
test_12002,0.0011291839
test_12003,0.9738679260
test_12004,0.0856295553
test_12005,0.0001641911
test_12006,0.4045484434
test_12007,0.5442863778
test_12008,0.0048831786
test_12009,0.0858423747
test_12010,0.0001140852
test_12011,0.9990888808
test_12012,0.9759788519
test_12013,0.0000146300
test_12014,0.9971098197
test_12015,0.9976898677
test_12016,0.3246285690
test_12017,0.9988419798
test_12018,0.9969440741
test_12019,0.9998372611
test_12020,0.7303448128
test_12021,0.9973111536
test_12022,0.9868093580
test_12023,0.0002577283
test_12024,0.0020235140
test_12025,0.5327520168
test_12026,0.0010224637
test_12027,0.9997698374
test_12028,0.0013068485
test_12029,0.0290723562
test_12030,0.0048701035
test_12031,0.9997833823
test_12032,0.0001221607
test_12033,0.9997274191
test_12034,0.9982376567
test_12035,0.9997606434
test_12036,0.0000646130
test_12037,0.8440484567
test_12038,0.0156629268
test_12039,0.0002786906
test_12040,0.9980978051
test_12041,0.9994720402
test_12042,0.0360663938
test_12043,0.9939454854
test_12044,0.0000146966
test_12045,0.0001625650
test_12046,0.9998150052
test_12047,0.0006784884
test_12048,0.9982845568
test_12049,0.0039807755
test_12050,0.0523061252
test_12051,0.0000810503
test_12052,0.0391529791
test_12053,0.5138339592
test_12054,0.9999993744
test_12055,0.9983376716
test_12056,0.4442935307
test_12057,0.9998567426
test_12058,0.7646194523
test_12059,0.9994017686
test_12060,0.9998350385
test_12061,0.0000235573
test_12062,0.0001270817
test_12063,0.9997609910
test_12064,0.9998601169
test_12065,0.0877352302
test_12066,0.0036988582
test_12067,0.9994713858
test_12068,0.0001501286
test_12069,0.0008672291
test_12070,0.0813418227
test_12071,0.9997117610
test_12072,0.9986504128
test_12073,0.0001427249
test_12074,0.0005579669
test_12075,0.9998207845
test_12076,0.9951645624
test_12077,0.0012540058
test_12078,0.9994481245
test_12079,0.0458217919
test_12080,0.0002665664
test_12081,0.9998000890
test_12082,0.0013735417
test_12083,0.0001273087
test_12084,0.9993411231
test_12085,0.9996966219
test_12086,0.9995606294
test_12087,0.9989939445
test_12088,0.0099814009
test_12089,0.0069704352
test_12090,0.0049200380
test_12091,0.9999625533
test_12092,0.9986581131
test_12093,0.9994518065
test_12094,0.9958184225
test_12095,0.9828690030
test_12096,0.9995332724
test_12097,0.0080107659
test_12098,0.9237665947
test_12099,0.0121023229
test_12100,0.0484235764
test_12101,0.9998282454
test_12102,0.0007079158
test_12103,0.0023293214
test_12104,0.2615951285
test_12105,0.0667268078
test_12106,0.9844347540
test_12107,0.9998264840
test_12108,0.9979149016
test_12109,0.0016695125
test_12110,0.0004020936
test_12111,0.9999354779
test_12112,0.9999289669
test_12113,0.9819760900
test_12114,0.9980171930
test_12115,0.0009825957
test_12116,0.0000004747
test_12117,0.0015258452
test_12118,0.9998500912
test_12119,0.9999405374
test_12120,0.6268246860
test_12121,0.0000735207
test_12122,0.0024262634
test_12123,0.0002101126
test_12124,0.9886293758
test_12125,0.0006561762
test_12126,0.9999335774
test_12127,0.9995960505
test_12128,0.9765773221
test_12129,0.0029198673
test_12130,0.9960148737
test_12131,0.9779535952
test_12132,0.0091182599
test_12133,0.9994438844
test_12134,0.9458587753
test_12135,0.0200694967
test_12136,0.9995820174
test_12137,0.9934370561
test_12138,0.0005432923
test_12139,0.6072377275
test_12140,0.7829320222
test_12141,0.0002584507
test_12142,0.9476943661
test_12143,0.9647802957
test_12144,0.0222997685
test_12145,0.0364237332
test_12146,0.9998996686
test_12147,0.0043156078
test_12148,0.0100750349
test_12149,0.9964158525
test_12150,0.0085873376
test_12151,0.9994807750
test_12152,0.6828423756
test_12153,0.0232985656
test_12154,0.9999490212
test_12155,0.9506227130
test_12156,0.0001649970
test_12157,0.9992896451
test_12158,0.0002579810
test_12159,0.9998920851
test_12160,0.9999865515
test_12161,0.9987566132
test_12162,0.9999967359
test_12163,0.4295367811
test_12164,0.9998732274
test_12165,0.0002751785
test_12166,0.9997089940
test_12167,0.9956458573
test_12168,0.0001538963
test_12169,0.9976665989
test_12170,0.0367310175
test_12171,0.0000187613
test_12172,0.9632163160
test_12173,0.9998074182
test_12174,0.6337240096
test_12175,0.9992585908
test_12176,0.1142569451
test_12177,0.0368589280
test_12178,0.8135924827
test_12179,0.0017725628
test_12180,0.9284753990
test_12181,0.9997624543
test_12182,0.9288028345
test_12183,0.9998179610
test_12184,0.0005270416
test_12185,0.9997716424
test_12186,0.9977195227
test_12187,0.0002095712
test_12188,0.0000921401
test_12189,0.0820254396
test_12190,0.5724880051
test_12191,0.9978829926
test_12192,0.0000038176
test_12193,0.0034526002
test_12194,0.0001557720
test_12195,0.0012212170
test_12196,0.0000563127
test_12197,0.0011326617
test_12198,0.0067379474
test_12199,0.0009787479
test_12200,0.4595964486
test_12201,0.0002701454
test_12202,0.9860949431
test_12203,0.9998116431
test_12204,0.0128548724
test_12205,0.0012432791
test_12206,0.0010016092
test_12207,0.2710626622
test_12208,0.9999604854
test_12209,0.9996523976
test_12210,0.0001167062
test_12211,0.0001074770
test_12212,0.9995795177
test_12213,0.0023536854
test_12214,0.9999767378
test_12215,0.9992012959
test_12216,0.5337381597
test_12217,0.0014048867
test_12218,0.0224851394
test_12219,0.0320473233
test_12220,0.0019126835
test_12221,0.1430700945
test_12222,0.0001259633
test_12223,0.0002487870
test_12224,0.5240200748
test_12225,0.0024766255
test_12226,0.0002476384
test_12227,0.0018361066
test_12228,0.9999031056
test_12229,0.0000889092
test_12230,0.0221168260
test_12231,0.0001940628
test_12232,0.0004113006
test_12233,0.0004185392
test_12234,0.9988135769
test_12235,0.0104348168
test_12236,0.0016704775
test_12237,0.9999204467
test_12238,0.9999737564
test_12239,0.9998873432
test_12240,0.0030945667
test_12241,0.4566147793
test_12242,0.0001796463
test_12243,0.9968434527
test_12244,0.0002712670
test_12245,0.5364676406
test_12246,0.9999782844
test_12247,0.0158631879
test_12248,0.0000671018
test_12249,0.0002704795
test_12250,0.0170563393
test_12251,0.0000226756
test_12252,0.0520148254
test_12253,0.9565652496
test_12254,0.3576374287
test_12255,0.0177706763
test_12256,0.0500450406
test_12257,0.6065491372
test_12258,0.0000309366
test_12259,0.5214232295
test_12260,0.9998685560
test_12261,0.9992220319
test_12262,0.0017060170
test_12263,0.1622794519
test_12264,0.0287828104
test_12265,0.0001644891
test_12266,0.0054915684
test_12267,0.0044019449
test_12268,0.0021840837
test_12269,0.9994161717
test_12270,0.0014450382
test_12271,0.7975526403
test_12272,0.9985287363
test_12273,0.0066697557
test_12274,0.9712472236
test_12275,0.0000620250
test_12276,0.5800578299
test_12277,0.9942509692
test_12278,0.0328118448
test_12279,0.9942419028
test_12280,0.9755393417
test_12281,0.0051144016
test_12282,0.0004356497
test_12283,0.9990205281
test_12284,0.0000269123
test_12285,0.0044380151
test_12286,0.0004565676
test_12287,0.9651259057
test_12288,0.9996099780
test_12289,0.0000332995
test_12290,0.0062543111
test_12291,0.0535424052
test_12292,0.0002063638
test_12293,0.7462773225
test_12294,0.0034919998
test_12295,0.9983469951
test_12296,0.9959816592
test_12297,0.0028738796
test_12298,0.0029461921
test_12299,0.3079525925
test_12300,0.0009399522
test_12301,0.9993206716
test_12302,0.4359149989
test_12303,0.0005435255
test_12304,0.9959513386
test_12305,0.0001000645
test_12306,0.9817902318
test_12307,0.8461060188
test_12308,0.4227619400
test_12309,0.9994653935
test_12310,0.0024609743
test_12311,0.9889620787
test_12312,0.7781356621
test_12313,0.5214611800
test_12314,0.9999212973
test_12315,0.0000253647
test_12316,0.0003319514
test_12317,0.0000718616
test_12318,0.0005326615
test_12319,0.9855083317
test_12320,0.9999579595
test_12321,0.9996425496
test_12322,0.0000835687
test_12323,0.0142386166
test_12324,0.0002495408
test_12325,0.9141662985
test_12326,0.9998718971
test_12327,0.9999388448
test_12328,0.0103472427
test_12329,0.1003352785
test_12330,0.9997636619
test_12331,0.0002243144
test_12332,0.8489164556
test_12333,0.0009860343
test_12334,0.0072814463
test_12335,0.9981463246
test_12336,0.2533377213
test_12337,0.4453785144
test_12338,0.0002562645
test_12339,0.9985799986
test_12340,0.9909665303
test_12341,0.2437634996
test_12342,0.0000650550
test_12343,0.0000960152
test_12344,0.9855124972
test_12345,0.9971813472
test_12346,0.9998712347
test_12347,0.9972949057
test_12348,0.0020816686
test_12349,0.2133083260
test_12350,0.0047415866
test_12351,0.0277817320
test_12352,0.9996892650
test_12353,0.9930297262
test_12354,0.4538808973
test_12355,0.0000041131
test_12356,0.2274535371
test_12357,0.9995468033
test_12358,0.0001070897
test_12359,0.5106873942
test_12360,0.0001984250
test_12361,0.9992354899
test_12362,0.6194818872
test_12363,0.0002163634
test_12364,0.0005599497
test_12365,0.9999530583
test_12366,0.0225673078
test_12367,0.0000912297
test_12368,0.9997917627
test_12369,0.9975509018
test_12370,0.2760887125
test_12371,0.9981590685
test_12372,0.9967987412
test_12373,0.9970007786
test_12374,0.0006142619
test_12375,0.9977180340
test_12376,0.0001252690
test_12377,0.0006125574
test_12378,0.0000098180
test_12379,0.0028140305
test_12380,0.0000200262
test_12381,0.0272050486
test_12382,0.0040201054
test_12383,0.0000505720
test_12384,0.9977579683
test_12385,0.0009973768
test_12386,0.5350497109
test_12387,0.9999928257
test_12388,0.0001811298
test_12389,0.4788832970
test_12390,0.8921070453
test_12391,0.9999942832
test_12392,0.0002314569
test_12393,0.0003113571
test_12394,0.0944767945
test_12395,0.9990061903
test_12396,0.4595155374
test_12397,0.0051596973
test_12398,0.0812089889
test_12399,0.0009294496
test_12400,0.9996182365
test_12401,0.0000323286
test_12402,0.0013174379
test_12403,0.9980224561
test_12404,0.0005924990
test_12405,0.0002370849
test_12406,0.9934378422
test_12407,0.9992243796
test_12408,0.9999226150
test_12409,0.9990310821
test_12410,0.0000133414
test_12411,0.9997718906
test_12412,0.9998395205
test_12413,0.0062787110
test_12414,0.0000433550
test_12415,0.9347256248
test_12416,0.9989880884
test_12417,0.4910233702
test_12418,0.9999963214
test_12419,0.3826064464
test_12420,0.9999801657
test_12421,0.0000096962
test_12422,0.9998378980
test_12423,0.0009757895
test_12424,0.0038504397
test_12425,0.0167607068
test_12426,0.9107213551
test_12427,0.0426059168
test_12428,0.6695355491
test_12429,0.9989503009
test_12430,0.9982149028
test_12431,0.9999095812
test_12432,0.9966843629
test_12433,0.5040541853
test_12434,0.9989880060
test_12435,0.0002228176
test_12436,0.0029839498
test_12437,0.0000507488
test_12438,0.0019187397
test_12439,0.0007278367
test_12440,0.7927941777
test_12441,0.9977060111
test_12442,0.9997821305
test_12443,0.1646235506
test_12444,0.0043930756
test_12445,0.9995732809
test_12446,0.2041719507
test_12447,0.0000045202
test_12448,0.0003883019
test_12449,0.8801666761
test_12450,0.9849853117
test_12451,0.9923197476
test_12452,0.5653663020
test_12453,0.9995690726
test_12454,0.7362449276
test_12455,0.0038083260
test_12456,0.0014878932
test_12457,0.0001357245
test_12458,0.9996518893
test_12459,0.9978221293
test_12460,0.0004451360
test_12461,0.9996862633
test_12462,0.3328200523
test_12463,0.0155962183
test_12464,0.0002027440
test_12465,0.9997612344
test_12466,0.0468756027
test_12467,0.9991433766
test_12468,0.0008133010
test_12469,0.0152102538
test_12470,0.9998861137
test_12471,0.7119370278
test_12472,0.0002345962
test_12473,0.2917226344
test_12474,0.0000193190
test_12475,0.0279695766
test_12476,0.9714579452
test_12477,0.0024558765
test_12478,0.9998295952
test_12479,0.0000010579
test_12480,0.0015096308
test_12481,0.0062823254
test_12482,0.9998672286
test_12483,0.0006336565
test_12484,0.9778876142
test_12485,0.0011768143
test_12486,0.0002774179
test_12487,0.0031287957
test_12488,0.0005215294
test_12489,0.9999195448
test_12490,0.0468220929
test_12491,0.0002003345
test_12492,0.9693197761
test_12493,0.9998023201
test_12494,0.9999211079
test_12495,0.0053124886
test_12496,0.5291199671
test_12497,0.0005893167
test_12498,0.9222520805
test_12499,0.9992807602
test_12500,0.9999403515
test_12501,0.9602002493
test_12502,0.0111777365
test_12503,0.9999354661
test_12504,0.9999631896
test_12505,0.0040072153
test_12506,0.9999072470
test_12507,0.4932730085
test_12508,0.9999918374
test_12509,0.0000079184
test_12510,0.9974026147
test_12511,0.0010779453
test_12512,0.0157007360
test_12513,0.0157913667
test_12514,0.9994831575
test_12515,0.0045440520
test_12516,0.9993378542
test_12517,0.0000549498
test_12518,0.0006015445
test_12519,0.0004075011
test_12520,0.0002290038
test_12521,0.0008298487
test_12522,0.0000799561
test_12523,0.0032213517
test_12524,0.9985188627
test_12525,0.0000205123
test_12526,0.9996834589
test_12527,0.0000953233
test_12528,0.0000169207
test_12529,0.0026567698
test_12530,0.9203099606
test_12531,0.0128307072
test_12532,0.4986175348
test_12533,0.9989145637
test_12534,0.9995935067
test_12535,0.9988257902
test_12536,0.0003822184
test_12537,0.8565433259
test_12538,0.9988904100
test_12539,0.0005791009
test_12540,0.0246187716
test_12541,0.0027241317
test_12542,0.0003329289
test_12543,0.0020580607
test_12544,0.0229303286
test_12545,0.9983181492
test_12546,0.0006101508
test_12547,0.0002435152
test_12548,0.7641417746
test_12549,0.9979886721
test_12550,0.9965644170
test_12551,0.0059305553
test_12552,0.9929937135
test_12553,0.9728716366
test_12554,0.0000364163
test_12555,0.9915202266
test_12556,0.0002236120
test_12557,0.2125586824
test_12558,0.0581553991
test_12559,0.9995743017
test_12560,0.9995208025
test_12561,0.9986173229
test_12562,0.0012508145
test_12563,0.9999265854
test_12564,0.0157395541
test_12565,0.0640330917
test_12566,0.9992940616
test_12567,0.0001212092
test_12568,0.0000345204
test_12569,0.9982925495
test_12570,0.9998531219
test_12571,0.0000985152
test_12572,0.9993763801
test_12573,0.0001055525
test_12574,0.0541219953
test_12575,0.0000463610
test_12576,0.0576034328
test_12577,0.0046507011
test_12578,0.0663832407
test_12579,0.9954968015
test_12580,0.0000922243
test_12581,0.8950252217
test_12582,0.0058891930
test_12583,0.9991970937
test_12584,0.9133334265
test_12585,0.9996731047
test_12586,0.5230927916
test_12587,0.0139485413
test_12588,0.0000270318
test_12589,0.0002983141
test_12590,0.9589347415
test_12591,0.9999478387
test_12592,0.0175123713
test_12593,0.0001324808
test_12594,0.2806472752
test_12595,0.9991156353
test_12596,0.0000840345
test_12597,0.8072636995
test_12598,0.0001999444
test_12599,0.0002372078
test_12600,0.9997803766
test_12601,0.9998349346
test_12602,0.0744004987
test_12603,0.9998263630
test_12604,0.0027311562
test_12605,0.0425035968
test_12606,0.9634880822
test_12607,0.0005708120
test_12608,0.9998251299
test_12609,0.8403675365
test_12610,0.0006262730
test_12611,0.0066500519
test_12612,0.1759154561
test_12613,0.9989991653
test_12614,0.9455755243
test_12615,0.7581008278
test_12616,0.0003325039
test_12617,0.0002015070
test_12618,0.0003048244
test_12619,0.9588869645
test_12620,0.9949420046
test_12621,0.0061110078
test_12622,0.0001348779
test_12623,0.9830962524
test_12624,0.9997929446
test_12625,0.0000064467
test_12626,0.0003153508
test_12627,0.0000301926
test_12628,0.0012801522
test_12629,0.9998750844
test_12630,0.0000669725
test_12631,0.9998459217
test_12632,0.2809395762
test_12633,0.0155749968
test_12634,0.0003371775
test_12635,0.0001842027
test_12636,0.9953235898
test_12637,0.6509676082
test_12638,0.0189376301
test_12639,0.9973011199
test_12640,0.1071930269
test_12641,0.0086682112
test_12642,0.0216447207
test_12643,0.9999445834
test_12644,0.0003467124
test_12645,0.9995808952
test_12646,0.9998870562
test_12647,0.0000143552
test_12648,0.0000219902
test_12649,0.0187421143
test_12650,0.8358753949
test_12651,0.9953300276
test_12652,0.0000201263
test_12653,0.9799282397
test_12654,0.0001400778
test_12655,0.9999932504
test_12656,0.9997619166
test_12657,0.9988272117
test_12658,0.9998908122
test_12659,0.0006778369
test_12660,0.0033279065
test_12661,0.9997029794
test_12662,0.9997161147
test_12663,0.0211363498
test_12664,0.0143313602
test_12665,0.9523013606
test_12666,0.0041262824
test_12667,0.9977882879
test_12668,0.0031999786
test_12669,0.0049456482
test_12670,0.9999762686
test_12671,0.7834357067
test_12672,0.0001085738
test_12673,0.0000387441
test_12674,0.1992012771
test_12675,0.3988777704
test_12676,0.9998104089
test_12677,0.9970859875
test_12678,0.0396993498
test_12679,0.9994200973
test_12680,0.9951873345
test_12681,0.1756656197
test_12682,0.9065765403
test_12683,0.0001279854
test_12684,0.9999773716
test_12685,0.0011749499
test_12686,0.9998351015
test_12687,0.9991217122
test_12688,0.9912486690
test_12689,0.4057572171
test_12690,0.2399483937
test_12691,0.9996222696
test_12692,0.9877649562
test_12693,0.9981560301
test_12694,0.0005672508
test_12695,0.0001463769
test_12696,0.4757754732
test_12697,0.0076059838
test_12698,0.9756192993
test_12699,0.0000315369
test_12700,0.0009687365
test_12701,0.4938415784
test_12702,0.0001560991
test_12703,0.0011082430
test_12704,0.9991340940
test_12705,0.9997591727
test_12706,0.0000023673
test_12707,0.9972738231
test_12708,0.9999196844
test_12709,0.9999376154
test_12710,0.0064004814
test_12711,0.9560880229
test_12712,0.9999257691
test_12713,0.0056506118
test_12714,0.0002123047
test_12715,0.3844731947
test_12716,0.0003788430
test_12717,0.0000967716
test_12718,0.0000676370
test_12719,0.9760669112
test_12720,0.9993125319
test_12721,0.9999364665
test_12722,0.9996634388
test_12723,0.0000167823
test_12724,0.0007676033
test_12725,0.4301828063
test_12726,0.9997797466
test_12727,0.3417856691
test_12728,0.5406621109
test_12729,0.8866136886
test_12730,0.0013200232
test_12731,0.9999704245
test_12732,0.0155637519
test_12733,0.9837193121
test_12734,0.9999104269
test_12735,0.9996307207
test_12736,0.4928123256
test_12737,0.9990391063
test_12738,0.0006939556
test_12739,0.9988914845
test_12740,0.0000746037
test_12741,0.0004736248
test_12742,0.0325709822
test_12743,0.0002325195
test_12744,0.0000121786
test_12745,0.0780543290
test_12746,0.9987535103
test_12747,0.9996428442
test_12748,0.0314102539
test_12749,0.2731429084
test_12750,0.0000178623
test_12751,0.0000761970
test_12752,0.9994852700
test_12753,0.0034524641
test_12754,0.0000155821
test_12755,0.9993385858
test_12756,0.9999182862
test_12757,0.5474863570
test_12758,0.0003313356
test_12759,0.0075315328
test_12760,0.7104755265
test_12761,0.9487003458
test_12762,0.0001154414
test_12763,0.0633677570
test_12764,0.0000163762
test_12765,0.9982625562
test_12766,0.0003713151
test_12767,0.0000731377
test_12768,0.9998486054
test_12769,0.9876430776
test_12770,0.0000892184
test_12771,0.0760053582
test_12772,0.5620149757
test_12773,0.9999797172
test_12774,0.0443405251
test_12775,0.9991175080
test_12776,0.0001989967
test_12777,0.0005181807
test_12778,0.9967738484
test_12779,0.3961247960
test_12780,0.9999957729
test_12781,0.9994885152
test_12782,0.0004890842
test_12783,0.8555981667
test_12784,0.0439401087
test_12785,0.8384515356
test_12786,0.9074007133
test_12787,0.9996591137
test_12788,0.0001283593
test_12789,0.9995113839
test_12790,0.0003272806
test_12791,0.0000422174
test_12792,0.0016458285
test_12793,0.9998857510
test_12794,0.0155030891
test_12795,0.9989130591
test_12796,0.9992036434
test_12797,0.9995688017
test_12798,0.9992617402
test_12799,0.0000293262
test_12800,0.4560499681
test_12801,0.0000198039
test_12802,0.0000666684
test_12803,0.9985633013
test_12804,0.9999786371
test_12805,0.0026437907
test_12806,0.0161317782
test_12807,0.9994573360
test_12808,0.0010042765
test_12809,0.9958174155
test_12810,0.0002442568
test_12811,0.8805204537
test_12812,0.9999224344
test_12813,0.9910646391
test_12814,0.0720039718
test_12815,0.0009772721
test_12816,0.0038127882
test_12817,0.0013456681
test_12818,0.0018054998
test_12819,0.0161842184
test_12820,0.9998813410
test_12821,0.0010891577
test_12822,0.9773193547
test_12823,0.9998678841
test_12824,0.0001577877
test_12825,0.2474512268
test_12826,0.4811089558
test_12827,0.0002995076
test_12828,0.6783848984
test_12829,0.5632072569
test_12830,0.0001942653
test_12831,0.0008897915
test_12832,0.9999978845
test_12833,0.0000331082
test_12834,0.9998516427
test_12835,0.9960750614
test_12836,0.3038747409
test_12837,0.9777011840
test_12838,0.9120198218
test_12839,0.0005889694
test_12840,0.0039869802
test_12841,0.0007118298
test_12842,0.0001687453
test_12843,0.9999482874
test_12844,0.9988269814
test_12845,0.0124864436
test_12846,0.0005327584
test_12847,0.6111874988
test_12848,0.9968512093
test_12849,0.0010492287
test_12850,0.9999459116
test_12851,0.0318976152
test_12852,0.0001089005
test_12853,0.9456144172
test_12854,0.2708119482
test_12855,0.0001161759
test_12856,0.9779887898
test_12857,0.9838534010
test_12858,0.0002749238
test_12859,0.9973071850
test_12860,0.9966822309
test_12861,0.0106267857
test_12862,0.0043516710
test_12863,0.0258240423
test_12864,0.0005626274
test_12865,0.9999493652
test_12866,0.5271703652
test_12867,0.9893118547
test_12868,0.9738628464
test_12869,0.0000139844
test_12870,0.9998033688
test_12871,0.3912824132
test_12872,0.9995171945
test_12873,0.9826029759
test_12874,0.9982719872
test_12875,0.0003508772
test_12876,0.0004385231
test_12877,0.0000606799
test_12878,0.5038985883
test_12879,0.9999158523
test_12880,0.0600471581
test_12881,0.0000148778
test_12882,0.9999531403
test_12883,0.0003815921
test_12884,0.0015989880
test_12885,0.0012012969
test_12886,0.3061495920
test_12887,0.0007373627
test_12888,0.0516266394
test_12889,0.0000554615
test_12890,0.9995528819
test_12891,0.0000573462
test_12892,0.0077340249
test_12893,0.9996003942
test_12894,0.0032242450
test_12895,0.9992247687
test_12896,0.6929609975
test_12897,0.9964843267
test_12898,0.4549779831
test_12899,0.0003290796
test_12900,0.9985406215
test_12901,0.9995190780
test_12902,0.9966477369
test_12903,0.3647651376
test_12904,0.7034969868
test_12905,0.9982854155
test_12906,0.0000702181
test_12907,0.0005337510
test_12908,0.9991351817
test_12909,0.9998620541
test_12910,0.0007008234
test_12911,0.9963698058
test_12912,0.9999552238
test_12913,0.0022541539
test_12914,0.0001747804
test_12915,0.0448764401
test_12916,0.9983833867
test_12917,0.9999647655
test_12918,0.0080161586
test_12919,0.9996224314
test_12920,0.9999934590
test_12921,0.0000402273
test_12922,0.0005562938
test_12923,0.9998321400
test_12924,0.9999983961
test_12925,0.7643604769
test_12926,0.9971212550
test_12927,0.0006553502
test_12928,0.0000468845
test_12929,0.9935566214
test_12930,0.9997457891
test_12931,0.0050394115
test_12932,0.0006813508
test_12933,0.9998431585
test_12934,0.9805983486
test_12935,0.0023622708
test_12936,0.8297759803
test_12937,0.3392515419
test_12938,0.0005318592
test_12939,0.9747420525
test_12940,0.9997103455
test_12941,0.0367291115
test_12942,0.0238351123
test_12943,0.0003518943
test_12944,0.9990351038
test_12945,0.0005905703
test_12946,0.9999399930
test_12947,0.9971539648
test_12948,0.0011370788
test_12949,0.0012769251
test_12950,0.9932879334
test_12951,0.0317790759
test_12952,0.5941434855
test_12953,0.9694956065
test_12954,0.0008209089
test_12955,0.0024251457
test_12956,0.9998757388
test_12957,0.8112376333
test_12958,0.0098485233
test_12959,0.1447506902
test_12960,0.9998564242
test_12961,0.0012646326
test_12962,0.0006319171
test_12963,0.9996802506
test_12964,0.0009255052
test_12965,0.6390698199
test_12966,0.9981491197
test_12967,0.0002853163
test_12968,0.0015192855
test_12969,0.9922549008
test_12970,0.5713896162
test_12971,0.0000311719
test_12972,0.0738086279
test_12973,0.0000421368
test_12974,0.0076317059
test_12975,0.0119419753
test_12976,0.0041078592
test_12977,0.0000895991
test_12978,0.9990889992
test_12979,0.0001601978
test_12980,0.0009054213
test_12981,0.9990674792
test_12982,0.9999317839
test_12983,0.0647739564
test_12984,0.5524750637
test_12985,0.9911162264
test_12986,0.9988595865
test_12987,0.9998769788
test_12988,0.0000289118
test_12989,0.9853070686
test_12990,0.9989860177
test_12991,0.0168031888
test_12992,0.0060525383
test_12993,0.9992756257
test_12994,0.0014743246
test_12995,0.1741534337
test_12996,0.9999517769
test_12997,0.0001949081
test_12998,0.9999915264
test_12999,0.1756338599
test_13000,0.4840757874
test_13001,0.9996760199
test_13002,0.1474734009
test_13003,0.9999744369
test_13004,0.0013565215
test_13005,0.3941505012
test_13006,0.0005282589
test_13007,0.0000607361
test_13008,0.0070425397
test_13009,0.9988446073
test_13010,0.0135510484
test_13011,0.0053872593
test_13012,0.2091740645
test_13013,0.9996517831
test_13014,0.0485485197
test_13015,0.9999334438
test_13016,0.0007224453
test_13017,0.8755640718
test_13018,0.0000044456
test_13019,0.9898406814
test_13020,0.0051850815
test_13021,0.0279795663
test_13022,0.0040398147
test_13023,0.0359493078
test_13024,0.9999581921
test_13025,0.9995982622
test_13026,0.9893367023
test_13027,0.9954661174
test_13028,0.0012537999
test_13029,0.9891494204
test_13030,0.0001803360
test_13031,0.9934125275
test_13032,0.9996889029
test_13033,0.0002960479
test_13034,0.9994577450
test_13035,0.0007877199
test_13036,0.2099674084
test_13037,0.9991862584
test_13038,0.8650769843
test_13039,0.9999981834
test_13040,0.9992379682
test_13041,0.9662603185
test_13042,0.5008590725
test_13043,0.9999738379
test_13044,0.9998735195
test_13045,0.0000142956
test_13046,0.9993025595
test_13047,0.0015654291
test_13048,0.0034128077
test_13049,0.9666331303
test_13050,0.0017891786
test_13051,0.0003754839
test_13052,0.9952806601
test_13053,0.9937280719
test_13054,0.0013904741
test_13055,0.0001652899
test_13056,0.9688316250
test_13057,0.0015222676
test_13058,0.0413351761
test_13059,0.9997678603
test_13060,0.9993395609
test_13061,0.9998930307
test_13062,0.9998773614
test_13063,0.3765976222
test_13064,0.0001086174
test_13065,0.9999906502
test_13066,0.8519976646
test_13067,0.0002463584
test_13068,0.7289247113
test_13069,0.9999661891
test_13070,0.9947210271
test_13071,0.0000580443
test_13072,0.0002215925
test_13073,0.3185752120
test_13074,0.9999611790
test_13075,0.9863217608
test_13076,0.0584872656
test_13077,0.0546583381
test_13078,0.9975374945
test_13079,0.7744498526
test_13080,0.3287519371
test_13081,0.0035789279
test_13082,0.9997822526
test_13083,0.9860102742
test_13084,0.9988629943
test_13085,0.9999606524
test_13086,0.7488510273
test_13087,0.0227241710
test_13088,0.9981238965
test_13089,0.0125789120
test_13090,0.0044521923
test_13091,0.0014437967
test_13092,0.9980430040
test_13093,0.0000435995
test_13094,0.6781797365
test_13095,0.9371958570
test_13096,0.0010857027
test_13097,0.0001876217
test_13098,0.0001289374
test_13099,0.0002227323
test_13100,0.0003830482
test_13101,0.0180832991
test_13102,0.4291362429
test_13103,0.1468796109
test_13104,0.0000929607
test_13105,0.9283197504
test_13106,0.9893441391
test_13107,0.9998679245
test_13108,0.9982057451
test_13109,0.0003212596
test_13110,0.9999756750
test_13111,0.9850289004
test_13112,0.9981986970
test_13113,0.5053893626
test_13114,0.0449082688
test_13115,0.4013540417
test_13116,0.5057059972
test_13117,0.0000304962
test_13118,0.0004887226
test_13119,0.0002973501
test_13120,0.0055875345
test_13121,0.9205203899
test_13122,0.0000433711
test_13123,0.0027251241
test_13124,0.9984034115
test_13125,0.9992221732
test_13126,0.0003159834
test_13127,0.9387687787
test_13128,0.9928631464
test_13129,0.0118882651
test_13130,0.9999472988
test_13131,0.0003616831
test_13132,0.9348829865
test_13133,0.0003354272
test_13134,0.0011848013
test_13135,0.0000054412
test_13136,0.0001074375
test_13137,0.9947862247
test_13138,0.9782397700
test_13139,0.0033907460
test_13140,0.0002924610
test_13141,0.9999670891
test_13142,0.0001286836
test_13143,0.9989936771
test_13144,0.0002700635
test_13145,0.0001451919
test_13146,0.9998608938
test_13147,0.9999095475
test_13148,0.0005852854
test_13149,0.0019401504
test_13150,0.0009791910
test_13151,0.9997858844
test_13152,0.0002100193
test_13153,0.9997350055
test_13154,0.1911916277
test_13155,0.9993951320
test_13156,0.0005235175
test_13157,0.9972643024
test_13158,0.1935811889
test_13159,0.9969484676
test_13160,0.3814278588
test_13161,0.0004972866
test_13162,0.8376863620
test_13163,0.9999165015
test_13164,0.0003942103
test_13165,0.1098069421
test_13166,0.0271469103
test_13167,0.0002118582
test_13168,0.0039891456
test_13169,0.0089864584
test_13170,0.0001179656
test_13171,0.0098049306
test_13172,0.9114220232
test_13173,0.0006430273
test_13174,0.9999426271
test_13175,0.0000774312
test_13176,0.0121285805
test_13177,0.0054436832
test_13178,0.0213902181
test_13179,0.0003901211
test_13180,0.9987627333
test_13181,0.0044358605
test_13182,0.9988473307
test_13183,0.9997803368
test_13184,0.0010304514
test_13185,0.9998815444
test_13186,0.4613595751
test_13187,0.9996474343
test_13188,0.0000383039
test_13189,0.0832768732
test_13190,0.0016333029
test_13191,0.0002114738
test_13192,0.9979250923
test_13193,0.0025121743
test_13194,0.9990329322
test_13195,0.0001569073
test_13196,0.9988100288
test_13197,0.0003619560
test_13198,0.0087330831
test_13199,0.4772659504
test_13200,0.0011047962
test_13201,0.0001882647
test_13202,0.9821381622
test_13203,0.9999106787
test_13204,0.5058963571
test_13205,0.2275738932
test_13206,0.0000681741
test_13207,0.9969428395
test_13208,0.0000605743
test_13209,0.0000968191
test_13210,0.9982299435
test_13211,0.3542046846
test_13212,0.9995672979
test_13213,0.0002038131
test_13214,0.0000163070
test_13215,0.0046743557
test_13216,0.9999083819
test_13217,0.9998163612
test_13218,0.9999457014
test_13219,0.0472697825
test_13220,0.9968269108
test_13221,0.0388415581
test_13222,0.9986621431
test_13223,0.0242573927
test_13224,0.9998008513
test_13225,0.0003908163
test_13226,0.9996654189
test_13227,0.9997782694
test_13228,0.0017928966
test_13229,0.0000610559
test_13230,0.0000144835
test_13231,0.7221925267
test_13232,0.9289854498
test_13233,0.0001540734
test_13234,0.9995875725
test_13235,0.0000969242
test_13236,0.0037018750
test_13237,0.0003806554
test_13238,0.9671859338
test_13239,0.9426043727
test_13240,0.0004995712
test_13241,0.0000275170
test_13242,0.0112825129
test_13243,0.9978057252
test_13244,0.9845171499
test_13245,0.4939203600
test_13246,0.9991843114
test_13247,0.9991325998
test_13248,0.9913119194
test_13249,0.1607717787
test_13250,0.9992364538
test_13251,0.0028850078
test_13252,0.0023983623
test_13253,0.0000485182
test_13254,0.4845359806
test_13255,0.9997539932
test_13256,0.0000985952
test_13257,0.0081528053
test_13258,0.9715236427
test_13259,0.9999199520
test_13260,0.0035322029
test_13261,0.0000547751
test_13262,0.0014719929
test_13263,0.0000274036
test_13264,0.9602085892
test_13265,0.7253319176
test_13266,0.9984609683
test_13267,0.9597935062
test_13268,0.0246074911
test_13269,0.0000023202
test_13270,0.0102833528
test_13271,0.2257407681
test_13272,0.0000032476
test_13273,0.9119318449
test_13274,0.0082358352
test_13275,0.0002820049
test_13276,0.0000456354
test_13277,0.0392404559
test_13278,0.2572349461
test_13279,0.0023630166
test_13280,0.0160069658
test_13281,0.9852513483
test_13282,0.0000554405
test_13283,0.2309646673
test_13284,0.4968360206
test_13285,0.0005024575
test_13286,0.9974272234
test_13287,0.0056583245
test_13288,0.9995898461
test_13289,0.0000915646
test_13290,0.9998328056
test_13291,0.9999698312
test_13292,0.9996669293
test_13293,0.9999182632
test_13294,0.3405008715
test_13295,0.9999457725
test_13296,0.9993909299
test_13297,0.0005253351
test_13298,0.9999442285
test_13299,0.9997805368
test_13300,0.0279756731
test_13301,0.9954357224
test_13302,0.9978863119
test_13303,0.0000526489
test_13304,0.9985901230
test_13305,0.1482480289
test_13306,0.0000129430
test_13307,0.0002341587
test_13308,0.9999168431
test_13309,0.9999375622
test_13310,0.9999563413
test_13311,0.9254395407
test_13312,0.0002448236
test_13313,0.3077912284
test_13314,0.9993868033
test_13315,0.9998819818
test_13316,0.0003320008
test_13317,0.9976496530
test_13318,0.0016629886
test_13319,0.9992285029
test_13320,0.0001260099
test_13321,0.0118756924
test_13322,0.0008992688
test_13323,0.9998660220
test_13324,0.0074878658
test_13325,0.0013917458
test_13326,0.2236158684
test_13327,0.9995182662
test_13328,0.0000049955
test_13329,0.0003582917
test_13330,0.0001569793
test_13331,0.0055586815
test_13332,0.0002701110
test_13333,0.9999282789
test_13334,0.0063718769
test_13335,0.0000822798
test_13336,0.0840923150
test_13337,0.9920653436
test_13338,0.0003964434
test_13339,0.9645764358
test_13340,0.0002035919
test_13341,0.9992399607
test_13342,0.0006814286
test_13343,0.9660438047
test_13344,0.9999071887
test_13345,0.9988167563
test_13346,0.6181093596
test_13347,0.0008513884
test_13348,0.0007822108
test_13349,0.0015669445
test_13350,0.0005868070
test_13351,0.9995975815
test_13352,0.0002846771
test_13353,0.0000190298
test_13354,0.9999689630
test_13355,0.2252526816
test_13356,0.9838455650
test_13357,0.0001032610
test_13358,0.9999549478
test_13359,0.9988718606
test_13360,0.9998636467
test_13361,0.0060850134
test_13362,0.9999901666
test_13363,0.0284718381
test_13364,0.9998372467
test_13365,0.9999856220
test_13366,0.9998994519
test_13367,0.9997404721
test_13368,0.9995847463
test_13369,0.0192726725
test_13370,0.3958604140
test_13371,0.9995429830
test_13372,0.9998467094
test_13373,0.9973463085
test_13374,0.9802301152
test_13375,0.9997751361
test_13376,0.8641104218
test_13377,0.9942101270
test_13378,0.0001520873
test_13379,0.0546939577
test_13380,0.9982901857
test_13381,0.0000440779
test_13382,0.9999837238
test_13383,0.9986552750
test_13384,0.9997086480
test_13385,0.9936149157
test_13386,0.0006418298
test_13387,0.0000215307
test_13388,0.0037003804
test_13389,0.0001695436
test_13390,0.0003612763
test_13391,0.9991404967
test_13392,0.0034370559
test_13393,0.5422402866
test_13394,0.9995736232
test_13395,0.9997158718
test_13396,0.9998333022
test_13397,0.1293456968
test_13398,0.0212745652
test_13399,0.9985085761
test_13400,0.9998278131
test_13401,0.0050661095
test_13402,0.9983003220
test_13403,0.9974359014
test_13404,0.9985386992
test_13405,0.9993020103
test_13406,0.9986265855
test_13407,0.0000298019
test_13408,0.0685284056
test_13409,0.7330761821
test_13410,0.0079542214
test_13411,0.9983266564
test_13412,0.9938532720
test_13413,0.0019456384
test_13414,0.2593118406
test_13415,0.9995764944
test_13416,0.9999163963
test_13417,0.0069856155
test_13418,0.0042398004
test_13419,0.5332834062
test_13420,0.9995714823
test_13421,0.0000991404
test_13422,0.0001337928
test_13423,0.0026657998
test_13424,0.9824189280
test_13425,0.0012715385
test_13426,0.0094314195
test_13427,0.9997037853
test_13428,0.9999036845
test_13429,0.9999722171
test_13430,0.0001009139
test_13431,0.9998855244
test_13432,0.0009378659
test_13433,0.0002623899
test_13434,0.9985673667
test_13435,0.2290339707
test_13436,0.0005091114
test_13437,0.0439070342
test_13438,0.9312902955
test_13439,0.9993418366
test_13440,0.9196185472
test_13441,0.9999151295
test_13442,0.9995279129
test_13443,0.5537848106
test_13444,0.9997431443
test_13445,0.9918659624
test_13446,0.0011165602
test_13447,0.0346720426
test_13448,0.0000787884
test_13449,0.0011066226
test_13450,0.9084956463
test_13451,0.3149092746
test_13452,0.9778246430
test_13453,0.8506995531
test_13454,0.0002481876
test_13455,0.0006750164
test_13456,0.9984767554
test_13457,0.9214517277
test_13458,0.9982599982
test_13459,0.9714820138
test_13460,0.0038038073
test_13461,0.0001518892
test_13462,0.9975598636
test_13463,0.0001911834
test_13464,0.0012189184
test_13465,0.0019809554
test_13466,0.4939894575
test_13467,0.0000046334
test_13468,0.0061703983
test_13469,0.9973378477
test_13470,0.0157071202
test_13471,0.9998974990
test_13472,0.9972033316
test_13473,0.9996110845
test_13474,0.8593170423
test_13475,0.9998718930
test_13476,0.0031921534
test_13477,0.9165694003
test_13478,0.9999284360
test_13479,0.9999083570
test_13480,0.9730162036
test_13481,0.9988989403
test_13482,0.0203297709
test_13483,0.9993800523
test_13484,0.4612784022
test_13485,0.9962880553
test_13486,0.3020737590
test_13487,0.0098119626
test_13488,0.0000810264
test_13489,0.9997312500
test_13490,0.0007560949
test_13491,0.0096671006
test_13492,0.9992072154
test_13493,0.9999578116
test_13494,0.0024011202
test_13495,0.0118991037
test_13496,0.9958748356
test_13497,0.0036563624
test_13498,0.2653920754
test_13499,0.2733876301
test_13500,0.9921196739
test_13501,0.0001724038
test_13502,0.0560765631
test_13503,0.0040447769
test_13504,0.0001761697
test_13505,0.0000029490
test_13506,0.0317999429
test_13507,0.0002080325
test_13508,0.9995920888
test_13509,0.0005701035
test_13510,0.0072503167
test_13511,0.6021672842
test_13512,0.9615949290
test_13513,0.0013893987
test_13514,0.0002204555
test_13515,0.0001579487
test_13516,0.0007517734
test_13517,0.0001489981
test_13518,0.0001049947
test_13519,0.9897049424
test_13520,0.0131338592
test_13521,0.9997624147
test_13522,0.4938163565
test_13523,0.9958695134
test_13524,0.9990845074
test_13525,0.9334202902
test_13526,0.0000216639
test_13527,0.9961726164
test_13528,0.9999847517
test_13529,0.9998009949
test_13530,0.9996583708
test_13531,0.0000541906
test_13532,0.0061466913
test_13533,0.9871079685
test_13534,0.0002767140
test_13535,0.9997786918
test_13536,0.0021534352
test_13537,0.0001322143
test_13538,0.0002685849
test_13539,0.0168348779
test_13540,0.4995311508
test_13541,0.9998370054
test_13542,0.0182487217
test_13543,0.0003798513
test_13544,0.9969409082
test_13545,0.5910144073
test_13546,0.9995835393
test_13547,0.0001764384
test_13548,0.0137123346
test_13549,0.4367519974
test_13550,0.0013412239
test_13551,0.5523436592
test_13552,0.0000473642
test_13553,0.9955845185
test_13554,0.9999348765
test_13555,0.0000441768
test_13556,0.3170496071
test_13557,0.9995546362
test_13558,0.0000486424
test_13559,0.0150610594
test_13560,0.0271611932
test_13561,0.0007219171
test_13562,0.0137055919
test_13563,0.9986183024
test_13564,0.9636244096
test_13565,0.9999338012
test_13566,0.4910846770
test_13567,0.9999834849
test_13568,0.7812892942
test_13569,0.9997605566
test_13570,0.9979240602
test_13571,0.4650188721
test_13572,0.9995056946
test_13573,0.9970176398
test_13574,0.5388660697
test_13575,0.9996914328
test_13576,0.0004581783
test_13577,0.0262371549
test_13578,0.9988351339
test_13579,0.0037925851
test_13580,0.0010883208
test_13581,0.9999626482
test_13582,0.9979398997
test_13583,0.0000517580
test_13584,0.9999794237
test_13585,0.9999651655
test_13586,0.9954389391
test_13587,0.1166744773
test_13588,0.4274708169
test_13589,0.9999754973
test_13590,0.0010198635
test_13591,0.0136989675
test_13592,0.4501633398
test_13593,0.9999219759
test_13594,0.0530642525
test_13595,0.0001990239
test_13596,0.0001198154
test_13597,0.0000534196
test_13598,0.0003957085
test_13599,0.9995906163
test_13600,0.0001636782
test_13601,0.9992865188
test_13602,0.9902734030
test_13603,0.9994366785
test_13604,0.9993035332
test_13605,0.1258559297
test_13606,0.9999231160
test_13607,0.0011185329
test_13608,0.0004655487
test_13609,0.9994013416
test_13610,0.9989921244
test_13611,0.9988950910
test_13612,0.9878998434
test_13613,0.9914200517
test_13614,0.9999725381
test_13615,0.9775999051
test_13616,0.0021823782
test_13617,0.9878574760
test_13618,0.0000633502
test_13619,0.9985453153
test_13620,0.0153858268
test_13621,0.9852034115
test_13622,0.9993003919
test_13623,0.0002220444
test_13624,0.0008093741
test_13625,0.9815227773
test_13626,0.0044350573
test_13627,0.0000655289
test_13628,0.1602449276
test_13629,0.0000041971
test_13630,0.0002880150
test_13631,0.0010004382
test_13632,0.9994632875
test_13633,0.0112989202
test_13634,0.9998041583
test_13635,0.9973065562
test_13636,0.9999441344
test_13637,0.9988471009
test_13638,0.9982443132
test_13639,0.5644093028
test_13640,0.5924205768
test_13641,0.9205251408
test_13642,0.0134237141
test_13643,0.0003488779
test_13644,0.0018518417
test_13645,0.9999757628
test_13646,0.9998974783
test_13647,0.9327050516
test_13648,0.0022134378
test_13649,0.0006591536
test_13650,0.0000335506
test_13651,0.0232962287
test_13652,0.0014443422
test_13653,0.9971043540
test_13654,0.0001201679
test_13655,0.0007481957
test_13656,0.1556831753
test_13657,0.0478239904
test_13658,0.5129536324
test_13659,0.9941147472
test_13660,0.0004196199
test_13661,0.0265493712
test_13662,0.9089550168
test_13663,0.2402861088
test_13664,0.9998977137
test_13665,0.0096156392
test_13666,0.9931293040
test_13667,0.0003556351
test_13668,0.0000495077
test_13669,0.4994740359
test_13670,0.0085977981
test_13671,0.0006282967
test_13672,0.0000144379
test_13673,0.0005530195
test_13674,0.9895477362
test_13675,0.0004545614
test_13676,0.8614706246
test_13677,0.0014631413
test_13678,0.0013303531
test_13679,0.0001606854
test_13680,0.0000811375
test_13681,0.8441380296
test_13682,0.9387517685
test_13683,0.9995971049
test_13684,0.0160780853
test_13685,0.9911410057
test_13686,0.0001085772
test_13687,0.9992578676
test_13688,0.9985071833
test_13689,0.9995089322
test_13690,0.3379190274
test_13691,0.9999882712
test_13692,0.6700362626
test_13693,0.0006402405
test_13694,0.0002507678
test_13695,0.9999485196
test_13696,0.9717818397
test_13697,0.0043853410
test_13698,0.9999940821
test_13699,0.9999907292
test_13700,0.9999931131
test_13701,0.0000795978
test_13702,0.9998771272
test_13703,0.0000836864
test_13704,0.0001951023
test_13705,0.9999916786
test_13706,0.0000914102
test_13707,0.0001173567
test_13708,0.0051998735
test_13709,0.8446616208
test_13710,0.0040667775
test_13711,0.0620175390
test_13712,0.0258138955
test_13713,0.9997777086
test_13714,0.0050564131
test_13715,0.0012257279
test_13716,0.0006384716
test_13717,0.9999538645
test_13718,0.7414654702
test_13719,0.6510172713
test_13720,0.0981618169
test_13721,0.9998082373
test_13722,0.9913032037
test_13723,0.0003034540
test_13724,0.0012976829
test_13725,0.9852046928
test_13726,0.0000264607
test_13727,0.7765675722
test_13728,0.0000251173
test_13729,0.9997579411
test_13730,0.0001995231
test_13731,0.0029003699
test_13732,0.9999646121
test_13733,0.9986815496
test_13734,0.4101063566
test_13735,0.9701668901
test_13736,0.9996352744
test_13737,0.0000918350
test_13738,0.9971787921
test_13739,0.9994465115
test_13740,0.0000669938
test_13741,0.0008498557
test_13742,0.0000908832
test_13743,0.0000952769
test_13744,0.6338595089
test_13745,0.0006205128
test_13746,0.1303161139
test_13747,0.0016254333
test_13748,0.0049679641
test_13749,0.9677989744
test_13750,0.2032730189
test_13751,0.9946205598
test_13752,0.0003819948
test_13753,0.9292199865
test_13754,0.9996728946
test_13755,0.2219088530
test_13756,0.9955993017
test_13757,0.0073003220
test_13758,0.0064174024
test_13759,0.6012691684
test_13760,0.0008705415
test_13761,0.0002372208
test_13762,0.0001577025
test_13763,0.9994114329
test_13764,0.9998455111
test_13765,0.9983862961
test_13766,0.0001011392
test_13767,0.0143787675
test_13768,0.9997208752
test_13769,0.9433974204
test_13770,0.0002884276
test_13771,0.9153349899
test_13772,0.0000241536
test_13773,0.9963395138
test_13774,0.0001121446
test_13775,0.0001860178
test_13776,0.9997242216
test_13777,0.9961247774
test_13778,0.5394665347
test_13779,0.9959723592
test_13780,0.9999566445
test_13781,0.0001554974
test_13782,0.9997332916
test_13783,0.0019100999
test_13784,0.0508682299
test_13785,0.9999775889
test_13786,0.0016190269
test_13787,0.9995917785
test_13788,0.0004525454
test_13789,0.5457363575
test_13790,0.0005003666
test_13791,0.0324076322
test_13792,0.9997687451
test_13793,0.1238518314
test_13794,0.0004687528
test_13795,0.0000398638
test_13796,0.9999542174
test_13797,0.9998760375
test_13798,0.0003222588
test_13799,0.0059556881
test_13800,0.9993142238
test_13801,0.9977474623
test_13802,0.0179476991
test_13803,0.0008625199
test_13804,0.4758998098
test_13805,0.0136368308
test_13806,0.9835013855
test_13807,0.0001841932
test_13808,0.9988255364
test_13809,0.0230155831
test_13810,0.9999035461
test_13811,0.0859919355
test_13812,0.9769128257
test_13813,0.9998333014
test_13814,0.0024422882
test_13815,0.9685910360
test_13816,0.9996715783
test_13817,0.9958953168
test_13818,0.0001897146
test_13819,0.4491959693
test_13820,0.9964932643
test_13821,0.0008221600
test_13822,0.0023487834
test_13823,0.9998331042
test_13824,0.0013680865
test_13825,0.0094316490
test_13826,0.9998587018
test_13827,0.9995222591
test_13828,0.9981129172
test_13829,0.9998396705
test_13830,0.0004423516
test_13831,0.0001754434
test_13832,0.9998693529
test_13833,0.9988735565
test_13834,0.0170431508
test_13835,0.6396094913
test_13836,0.9997274072
test_13837,0.0002317684
test_13838,0.1013861666
test_13839,0.9999789463
test_13840,0.9991194704
test_13841,0.0000319048
test_13842,0.9989555967
test_13843,0.1031773503
test_13844,0.0005596724
test_13845,0.9999589509
test_13846,0.9772569993
test_13847,0.0001631123
test_13848,0.9996631909
test_13849,0.0400907653
test_13850,0.2410094001
test_13851,0.3544510049
test_13852,0.5059311298
test_13853,0.9997232951
test_13854,0.9996618536
test_13855,0.0363437698
test_13856,0.0020126102
test_13857,0.9961887666
test_13858,0.9997257752
test_13859,0.9999429258
test_13860,0.0381881488
test_13861,0.9772398489
test_13862,0.9998891132
test_13863,0.9989290957
test_13864,0.0182750189
test_13865,0.9986060106
test_13866,0.0000106766
test_13867,0.0393374735
test_13868,0.0005437227
test_13869,0.9968222930
test_13870,0.1019047725
test_13871,0.0011669578
test_13872,0.0056685358
test_13873,0.8265831952
test_13874,0.9998638237
test_13875,0.0021874996
test_13876,0.9602572050
test_13877,0.0006954749
test_13878,0.9998063507
test_13879,0.0311170672
test_13880,0.9999334894
test_13881,0.9997300030
test_13882,0.0004544727
test_13883,0.9999973324
test_13884,0.0001692054
test_13885,0.0054017917
test_13886,0.0006956625
test_13887,0.9995553590
test_13888,0.8539334605
test_13889,0.0304823245
test_13890,0.0004211118
test_13891,0.9960867421
test_13892,0.9999694659
test_13893,0.0000163618
test_13894,0.0001413129
test_13895,0.0035520780
test_13896,0.9986365213
test_13897,0.0004645892
test_13898,0.9897796050
test_13899,0.9985613146
test_13900,0.9962959036
test_13901,0.0001590699
test_13902,0.0169303744
test_13903,0.9943627384
test_13904,0.9614150203
test_13905,0.0003546939
test_13906,0.9994800152
test_13907,0.9988467869
test_13908,0.0008882429
test_13909,0.0002155158
test_13910,0.9984789438
test_13911,0.9774692105
test_13912,0.9988218597
test_13913,0.0003770397
test_13914,0.0000902998
test_13915,0.1188833633
test_13916,0.9969755941
test_13917,0.0352715714
test_13918,0.0003370438
test_13919,0.9986403954
test_13920,0.5031813063
test_13921,0.9981256624
test_13922,0.4140751180
test_13923,0.9999519397
test_13924,0.9998413526
test_13925,0.9987910810
test_13926,0.9953648522
test_13927,0.0000514978
test_13928,0.9999524888
test_13929,0.9987822258
test_13930,0.9983661912
test_13931,0.9957100474
test_13932,0.9997890663
test_13933,0.8750737098
test_13934,0.0014944397
test_13935,0.0008410608
test_13936,0.9997913086
test_13937,0.9995274148
test_13938,0.9974942555
test_13939,0.9999221049
test_13940,0.9517961092
test_13941,0.0016395148
test_13942,0.0016139869
test_13943,0.9687050914
test_13944,0.9999878040
test_13945,0.0000945513
test_13946,0.0002938208
test_13947,0.5850791081
test_13948,0.0000547234
test_13949,0.0000949542
test_13950,0.0001426780
test_13951,0.0024583985
test_13952,0.9997251868
test_13953,0.7477570484
test_13954,0.9973384128
test_13955,0.9998241426
test_13956,0.9543277461
test_13957,0.0002972885
test_13958,0.9999767008
test_13959,0.0001546045
test_13960,0.9983046948
test_13961,0.9999152120
test_13962,0.9888687274
test_13963,0.9971544669
test_13964,0.2636449023
test_13965,0.7996537194
test_13966,0.0000440897
test_13967,0.9999336085
test_13968,0.9161984403
test_13969,0.0264510967
test_13970,0.0006078506
test_13971,0.5493882769
test_13972,0.0007092258
test_13973,0.9998946137
test_13974,0.9973979946
test_13975,0.9882127689
test_13976,0.9569295357
test_13977,0.9995940281
test_13978,0.9887241132
test_13979,0.0002897262
test_13980,0.0028250034
test_13981,0.0021257059
test_13982,0.0057578562
test_13983,0.6751254139
test_13984,0.6686118204
test_13985,0.9977814138
test_13986,0.0429731147
test_13987,0.0002655424
test_13988,0.9997246179
test_13989,0.9996259392
test_13990,0.9991302768
test_13991,0.2493983741
test_13992,0.9996380088
test_13993,0.0112344205
test_13994,0.0016736357
test_13995,0.9878752768
test_13996,0.9994980563
test_13997,0.0001634399
test_13998,0.0000332188
test_13999,0.9983721675
test_14000,0.0000372457
test_14001,0.0000424900
test_14002,0.0010035270
test_14003,0.1947927762
test_14004,0.9990513273
test_14005,0.0003908139
test_14006,0.9998969747
test_14007,0.9999488197
test_14008,0.9999848950
test_14009,0.9959561800
test_14010,0.0002141457
test_14011,0.9221947702
test_14012,0.9999952997
test_14013,0.9904918196
test_14014,0.0174781480
test_14015,0.9909162958
test_14016,0.9999695755
test_14017,0.0000078170
test_14018,0.0032067537
test_14019,0.9988327887
test_14020,0.4327381268
test_14021,0.1035934339
test_14022,0.9999695113
test_14023,0.0001441401
test_14024,0.0016511048
test_14025,0.9998533192
test_14026,0.0005995798
test_14027,0.0006599160
test_14028,0.9970574772
test_14029,0.0007240485
test_14030,0.9996091516
test_14031,0.9639510537
test_14032,0.0001904438
test_14033,0.0007943374
test_14034,0.0005658571
test_14035,0.1592181921
test_14036,0.0004648107
test_14037,0.0494226248
test_14038,0.0004324923
test_14039,0.7081383274
test_14040,0.0853790716
test_14041,0.0000181060
test_14042,0.9999954051
test_14043,0.9917294194
test_14044,0.9731102186
test_14045,0.0001678435
test_14046,0.0618681382
test_14047,0.9998994787
test_14048,0.0001455041
test_14049,0.0012653261
test_14050,0.0034652422
test_14051,0.0002518458
test_14052,0.9710925239
test_14053,0.9997759767
test_14054,0.9719435557
test_14055,0.0065693404
test_14056,0.0000299431
test_14057,0.9990860910
test_14058,0.9986142761
test_14059,0.9986248335
test_14060,0.0110742800
test_14061,0.9994573165
test_14062,0.0007905297
test_14063,0.0006121415
test_14064,0.9939567836
test_14065,0.9976519254
test_14066,0.0044022748
test_14067,0.0905056164
test_14068,0.9997161860
test_14069,0.0006566941
test_14070,0.0006995995
test_14071,0.0000501419
test_14072,0.0572909559
test_14073,0.0371747698
test_14074,0.9999626760
test_14075,0.2181657395
test_14076,0.0001650679
test_14077,0.9998320185
test_14078,0.9994108244
test_14079,0.9975854188
test_14080,0.9983833336
test_14081,0.8901928172
test_14082,0.0005059716
test_14083,0.0001355467
test_14084,0.8727797142
test_14085,0.9989820981
test_14086,0.0012479702
test_14087,0.9994954978
test_14088,0.9993173585
test_14089,0.0560284967
test_14090,0.0037054457
test_14091,0.0147079882
test_14092,0.0032892764
test_14093,0.0049845969
test_14094,0.9998325627
test_14095,0.9924956062
test_14096,0.9999144019
test_14097,0.9909281632
test_14098,0.9996743412
test_14099,0.0016523143
test_14100,0.0123924150
test_14101,0.9498442288
test_14102,0.3031594119
test_14103,0.4793661520
test_14104,0.9990398025
test_14105,0.0006345222
test_14106,0.9583015450
test_14107,0.9954271896
test_14108,0.0001547518
test_14109,0.0184884128
test_14110,0.0026515200
test_14111,0.9995995400
test_14112,0.0023792487
test_14113,0.0002561529
test_14114,0.0000726852
test_14115,0.0004185181
test_14116,0.9999616720
test_14117,0.9980805504
test_14118,0.0102738663
test_14119,0.9997433514
test_14120,0.0001764893
test_14121,0.0000658289
test_14122,0.9989903746
test_14123,0.9883962130
test_14124,0.0001201199
test_14125,0.9981091715
test_14126,0.9656233646
test_14127,0.8866550454
test_14128,0.0002280965
test_14129,0.9791996740
test_14130,0.0001221373
test_14131,0.0002248991
test_14132,0.9981870234
test_14133,0.0100126939
test_14134,0.0017376013
test_14135,0.4878526967
test_14136,0.0022602405
test_14137,0.0001675407
test_14138,0.0065400396
test_14139,0.0175293479
test_14140,0.9856180253
test_14141,0.9962657671
test_14142,0.0030682087
test_14143,0.0009159367
test_14144,0.0001711709
test_14145,0.0017450434
test_14146,0.9813078671
test_14147,0.9999006585
test_14148,0.0003514833
test_14149,0.7446752538
test_14150,0.0000961433
test_14151,0.9012823708
test_14152,0.8994902841
test_14153,0.0004437709
test_14154,0.7176513212
test_14155,0.4719025907
test_14156,0.0002063264
test_14157,0.0016247255
test_14158,0.9993410729
test_14159,0.0086816969
test_14160,0.0014129394
test_14161,0.0011616325
test_14162,0.9999455950
test_14163,0.9997766323
test_14164,0.0066278031
test_14165,0.9999736894
test_14166,0.0002501687
test_14167,0.9970179993
test_14168,0.0007213933
test_14169,0.0000704887
test_14170,0.9999486516
test_14171,0.9750814882
test_14172,0.0771364840
test_14173,0.0210370546
test_14174,0.7731768509
test_14175,0.9999515544
test_14176,0.0005137760
test_14177,0.0001363411
test_14178,0.0018836741
test_14179,0.9972523046
test_14180,0.0247214299
test_14181,0.2138532912
test_14182,0.0060948818
test_14183,0.9979991823
test_14184,0.0662215357
test_14185,0.9889270011
test_14186,0.0000582926
test_14187,0.0015781583
test_14188,0.4944453314
test_14189,0.0001297623
test_14190,0.9998744356
test_14191,0.9990195624
test_14192,0.9999341194
test_14193,0.2192425033
test_14194,0.0014591252
test_14195,0.9951798618
test_14196,0.9950122311
test_14197,0.9048679315
test_14198,0.9964971226
test_14199,0.0085309744
test_14200,0.0014594743
test_14201,0.0004582905
test_14202,0.0023005215
test_14203,0.9354546242
test_14204,0.4199149858
test_14205,0.6490528172
test_14206,0.9078965016
test_14207,0.0000690192
test_14208,0.9960903515
test_14209,0.0005408625
test_14210,0.9997776760
test_14211,0.0002261753
test_14212,0.9999779735
test_14213,0.0000321275
test_14214,0.7986249864
test_14215,0.9982585669
test_14216,0.3963708799
test_14217,0.0001924865
test_14218,0.0107401750
test_14219,0.9993815234
test_14220,0.0000762892
test_14221,0.9997965926
test_14222,0.0034795721
test_14223,0.0003211768
test_14224,0.0002308160
test_14225,0.9998173293
test_14226,0.0015135160
test_14227,0.9999659355
test_14228,0.0003679131
test_14229,0.9888799014
test_14230,0.9991823473
test_14231,0.0364597332
test_14232,0.0010147231
test_14233,0.9999631653
test_14234,0.0000843194
test_14235,0.0000035964
test_14236,0.0001735503
test_14237,0.9979379932
test_14238,0.0010295525
test_14239,0.7564383385
test_14240,0.0002182155
test_14241,0.5682198865
test_14242,0.0004922400
test_14243,0.9997977125
test_14244,0.9790287658
test_14245,0.9983602170
test_14246,0.9998077133
test_14247,0.8563218285
test_14248,0.9976433403
test_14249,0.0000272905
test_14250,0.9999965066
test_14251,0.9997706721
test_14252,0.9907409313
test_14253,0.9999767998
test_14254,0.9989010487
test_14255,0.0000392683
test_14256,0.0034557287
test_14257,0.9995522413
test_14258,0.0018711889
test_14259,0.6414392306
test_14260,0.0029248941
test_14261,0.0002471453
test_14262,0.9999602861
test_14263,0.1327975165
test_14264,0.9841600699
test_14265,0.0002176781
test_14266,0.0357647069
test_14267,0.9585414951
test_14268,0.0002642619
test_14269,0.3591787513
test_14270,0.1417820332
test_14271,0.0002571471
test_14272,0.9997047256
test_14273,0.0002971006
test_14274,0.9999487935
test_14275,0.7802860999
test_14276,0.0026060902
test_14277,0.0010312997
test_14278,0.9993634181
test_14279,0.9967559697
test_14280,0.9991127238
test_14281,0.9992126617
test_14282,0.0065946785
test_14283,0.0014087968
test_14284,0.9999948036
test_14285,0.9709857627
test_14286,0.9991735521
test_14287,0.0534717779
test_14288,0.9887364920
test_14289,0.9998130243
test_14290,0.0144550313
test_14291,0.9988949065
test_14292,0.0011721806
test_14293,0.9970652514
test_14294,0.0003189644
test_14295,0.9999930041
test_14296,0.9978154782
test_14297,0.9984759329
test_14298,0.9998087781
test_14299,0.7005987481
test_14300,0.0695537550
test_14301,0.0010285271
test_14302,0.0003197982
test_14303,0.9946644491
test_14304,0.5347112541
test_14305,0.0176566451
test_14306,0.9987698694
test_14307,0.9999879392
test_14308,0.9413331063
test_14309,0.0010143727
test_14310,0.0001733629
test_14311,0.9980011166
test_14312,0.9891142250
test_14313,0.9986005033
test_14314,0.5768299979
test_14315,0.0000603082
test_14316,0.0004389991
test_14317,0.3460743839
test_14318,0.0038662829
test_14319,0.9995443521
test_14320,0.0002363303
test_14321,0.9929126051
test_14322,0.9987385547
test_14323,0.0003195902
test_14324,0.9993565901
test_14325,0.4428081005
test_14326,0.0003232786
test_14327,0.0000202078
test_14328,0.9996018127
test_14329,0.0007998547
test_14330,0.0005557015
test_14331,0.0011912611
test_14332,0.9989147085
test_14333,0.0008240478
test_14334,0.9999798632
test_14335,0.9882068035
test_14336,0.9999540919
test_14337,0.0002079896
test_14338,0.0000211984
test_14339,0.9960452435
test_14340,0.9984445521
test_14341,0.9994424724
test_14342,0.0184054831
test_14343,0.5118553311
test_14344,0.0002296841
test_14345,0.0000036121
test_14346,0.8924246847
test_14347,0.9997393920
test_14348,0.0002410123
test_14349,0.9998378920
test_14350,0.0003433335
test_14351,0.0002972374
test_14352,0.0001510713
test_14353,0.9997489220
test_14354,0.0000654998
test_14355,0.5101334946
test_14356,0.8421426552
test_14357,0.0025593032
test_14358,0.6414510567
test_14359,0.9997055963
test_14360,0.9962503534
test_14361,0.0000620994
test_14362,0.9989081630
test_14363,0.0000258737
test_14364,0.9977969355
test_14365,0.2214490030
test_14366,0.9989186043
test_14367,0.9986639583
test_14368,0.6440819747
test_14369,0.9982428316
test_14370,0.9998002826
test_14371,0.9988954083
test_14372,0.0022670351
test_14373,0.2078298342
test_14374,0.0588071487
test_14375,0.0229860562
test_14376,0.0090145590
test_14377,0.0018924217
test_14378,0.9485924015
test_14379,0.0000182616
test_14380,0.9986769704
test_14381,0.1715648612
test_14382,0.0023814388
test_14383,0.9994182865
test_14384,0.0002283250
test_14385,0.0430322732
test_14386,0.0268571962
test_14387,0.6388217895
test_14388,0.0011491942
test_14389,0.0009998848
test_14390,0.9997358829
test_14391,0.9989187321
test_14392,0.9998855457
test_14393,0.0578140918
test_14394,0.9999518771
test_14395,0.4820432315
test_14396,0.9999193599
test_14397,0.9992767923
test_14398,0.9985210443
test_14399,0.9632468073
test_14400,0.9994857469
test_14401,0.0283541654
test_14402,0.0002215748
test_14403,0.9998369821
test_14404,0.1379069480
test_14405,0.9992201041
test_14406,0.9985108677
test_14407,0.3206525107
test_14408,0.0038262753
test_14409,0.9998516393
test_14410,0.7346443466
test_14411,0.0014066410
test_14412,0.9999935758
test_14413,0.9884140265
test_14414,0.0000881831
test_14415,0.9491231512
test_14416,0.9999668379
test_14417,0.0000249098
test_14418,0.0001288316
test_14419,0.0003293636
test_14420,0.0000252437
test_14421,0.9993626657
test_14422,0.1126201565
test_14423,0.0533328252
test_14424,0.0000029430
test_14425,0.2688500902
test_14426,0.0000520237
test_14427,0.7987251312
test_14428,0.0000135201
test_14429,0.9994738414
test_14430,0.4331472172
test_14431,0.9974956992
test_14432,0.0011648630
test_14433,0.9997801183
test_14434,0.9976371393
test_14435,0.3902259899
test_14436,0.6308895466
test_14437,0.8987720728
test_14438,0.9997907095
test_14439,0.0002450514
test_14440,0.0318227996
test_14441,0.9996183186
test_14442,0.4562364532
test_14443,0.9422234327
test_14444,0.7643729226
test_14445,0.0003942014
test_14446,0.0042478336
test_14447,0.9985670467
test_14448,0.0029366420
test_14449,0.0239810120
test_14450,0.3585771162
test_14451,0.9983245280
test_14452,0.0004602764
test_14453,0.8265926026
test_14454,0.0000113513
test_14455,0.9895308846
test_14456,0.2296504056
test_14457,0.1226950426
test_14458,0.9828694083
test_14459,0.0014299874
test_14460,0.0004353770
test_14461,0.0001575770
test_14462,0.9996705598
test_14463,0.4617763596
test_14464,0.9994202373
test_14465,0.9963436951
test_14466,0.8274648144
test_14467,0.1060040607
test_14468,0.5962605988
test_14469,0.0002887389
test_14470,0.9973314162
test_14471,0.0001160305
test_14472,0.0002572457
test_14473,0.0986296148
test_14474,0.9669123965
test_14475,0.9351300021
test_14476,0.9996291923
test_14477,0.9994644987
test_14478,0.9998461409
test_14479,0.0981373375
test_14480,0.9999086900
test_14481,0.0040110236
test_14482,0.6175064916
test_14483,0.2313387644
test_14484,0.9989250047
test_14485,0.0380712387
test_14486,0.0000136564
test_14487,0.9974681350
test_14488,0.9455857984
test_14489,0.0001155121
test_14490,0.0035244564
test_14491,0.9997313844
test_14492,0.0859875935
test_14493,0.0208528680
test_14494,0.2414542595
test_14495,0.0003088137
test_14496,0.0003200478
test_14497,0.9990057806
test_14498,0.9998181362
test_14499,0.0004081753
test_14500,0.0001706916
test_14501,0.0000463828
test_14502,0.9835248738
test_14503,0.9310417747
test_14504,0.1346393792
test_14505,0.0000494012
test_14506,0.0001436863
test_14507,0.9957959802
test_14508,0.0015006410
test_14509,0.3827014109
test_14510,0.9406857710
test_14511,0.9996449107
test_14512,0.9996449173
test_14513,0.0002544202
test_14514,0.0003753685
test_14515,0.0000885271
test_14516,0.9998185383
test_14517,0.0000775048
test_14518,0.9995187494
test_14519,0.9849038305
test_14520,0.0008378618
test_14521,0.9928707622
test_14522,0.0000155174
test_14523,0.9998965278
test_14524,0.9885787735
test_14525,0.9620326703
test_14526,0.0000033863
test_14527,0.5662019268
test_14528,0.9998743215
test_14529,0.0013185073
test_14530,0.9906352893
test_14531,0.9961859696
test_14532,0.0002241501
test_14533,0.0074791654
test_14534,0.9999016292
test_14535,0.0001635332
test_14536,0.9992368110
test_14537,0.0001801623
test_14538,0.0002617266
test_14539,0.0000566378
test_14540,0.6139217345
test_14541,0.2007148031
test_14542,0.9999861878
test_14543,0.0002173190
test_14544,0.0005634381
test_14545,0.9139649223
test_14546,0.9443799325
test_14547,0.9987785328
test_14548,0.0422292664
test_14549,0.0002609083
test_14550,0.9997422665
test_14551,0.9554081752
test_14552,0.1904734436
test_14553,0.9999389445
test_14554,0.0002506535
test_14555,0.0031287144
test_14556,0.9425766638
test_14557,0.9980459061
test_14558,0.0999309131
test_14559,0.0002632522
test_14560,0.0072734395
test_14561,0.9992273946
test_14562,0.9999574218
test_14563,0.9444002792
test_14564,0.0001210426
test_14565,0.9998273386
test_14566,0.1568324424
test_14567,0.9982172624
test_14568,0.9994187511
test_14569,0.4457560866
test_14570,0.9995255762
test_14571,0.0000024127
test_14572,0.1092553824
test_14573,0.9998181560
test_14574,0.9914455464
test_14575,0.0277567011
test_14576,0.2991654221
test_14577,0.9998475735
test_14578,0.0000784500
test_14579,0.0001856489
test_14580,0.7659638435
test_14581,0.9862645954
test_14582,0.9910686350
test_14583,0.9977640322
test_14584,0.9981078209
test_14585,0.9993680884
test_14586,0.0102597669
test_14587,0.2126188997
test_14588,0.6291219892
test_14589,0.0010492818
test_14590,0.9998509101
test_14591,0.9999671122
test_14592,0.9998404987
test_14593,0.9907849265
test_14594,0.9998614017
test_14595,0.9963851278
test_14596,0.0000199538
test_14597,0.7790855039
test_14598,0.0002170654
test_14599,0.9979996711
test_14600,0.9995975799
test_14601,0.9999131740
test_14602,0.2466942375
test_14603,0.0453026910
test_14604,0.9865100011
test_14605,0.0040207101
test_14606,0.9699880156
test_14607,0.0017134448
test_14608,0.9958660708
test_14609,0.2217567202
test_14610,0.0197100233
test_14611,0.0094367820
test_14612,0.0000228049
test_14613,0.9996692114
test_14614,0.9998514414
test_14615,0.8167825706
test_14616,0.1475749774
test_14617,0.9999838220
test_14618,0.9998256880
test_14619,0.9664732282
test_14620,0.9987178431
test_14621,0.9997588548
test_14622,0.9998767549
test_14623,0.9956102482
test_14624,0.9990567458
test_14625,0.9998636364
test_14626,0.9990149985
test_14627,0.9594474614
test_14628,0.0657154841
test_14629,0.9997795256
test_14630,0.0002998862
test_14631,0.0396280405
test_14632,0.0017791425
test_14633,0.9953447592
test_14634,0.0069934935
test_14635,0.9991352999
test_14636,0.0003424388
test_14637,0.0045595163
test_14638,0.9965251602
test_14639,0.0004197916
test_14640,0.0002529004
test_14641,0.0005101183
test_14642,0.0000196770
test_14643,0.9993691893
test_14644,0.0001172680
test_14645,0.0352027748
test_14646,0.0909854276
test_14647,0.0015664829
test_14648,0.0001632654
test_14649,0.9935881528
test_14650,0.9991494365
test_14651,0.9949768347
test_14652,0.0009267597
test_14653,0.9998208980
test_14654,0.0131890972
test_14655,0.0673564478
test_14656,0.0003286473
test_14657,0.9998804986
test_14658,0.0000718753
test_14659,0.4936875281
test_14660,0.0000829443
test_14661,0.0095747448
test_14662,0.9991084644
test_14663,0.9968958177
test_14664,0.9971128306
test_14665,0.0001797145
test_14666,0.9999504612
test_14667,0.7758756975
test_14668,0.9967949101
test_14669,0.1190833846
test_14670,0.9973073880
test_14671,0.0085473223
test_14672,0.5953352962
test_14673,0.9877728277
test_14674,0.9990398096
test_14675,0.9972813661
test_14676,0.9998802545
test_14677,0.0000544638
test_14678,0.9999755744
test_14679,0.9846803911
test_14680,0.0022657324
test_14681,0.9997267893
test_14682,0.9998372262
test_14683,0.0003411154
test_14684,0.9966673224
test_14685,0.9975902646
test_14686,0.1564830082
test_14687,0.0001632833
test_14688,0.9905107714
test_14689,0.0001930792
test_14690,0.9816171758
test_14691,0.4368588237
test_14692,0.0001360736
test_14693,0.9972494861
test_14694,0.4874729504
test_14695,0.3002672259
test_14696,0.9999537848
test_14697,0.0214490192
test_14698,0.9227127868
test_14699,0.9999799914
test_14700,0.9960557419
test_14701,0.0262417640
test_14702,0.9999390510
test_14703,0.4578016640
test_14704,0.9995599171
test_14705,0.0683490373
test_14706,0.5482170864
test_14707,0.0003420707
test_14708,0.0002939711
test_14709,0.5530727979
test_14710,0.9996507456
test_14711,0.0035567992
test_14712,0.0003418725
test_14713,0.9989186118
test_14714,0.9997678453
test_14715,0.5813834287
test_14716,0.9999538637
test_14717,0.9909260134
test_14718,0.0010687014
test_14719,0.1066652535
test_14720,0.9997625789
test_14721,0.9998320470
test_14722,0.9991636449
test_14723,0.9999526695
test_14724,0.9924930925
test_14725,0.9786229883
test_14726,0.9996678540
test_14727,0.8870059953
test_14728,0.0036283245
test_14729,0.0618025868
test_14730,0.9955386618
test_14731,0.9999807088
test_14732,0.9996204173
test_14733,0.9956670054
test_14734,0.0026635266
test_14735,0.9999926681
test_14736,0.8629744984
test_14737,0.9970739830
test_14738,0.0002811595
test_14739,0.9968691558
test_14740,0.9958069453
test_14741,0.0000670929
test_14742,0.0263746603
test_14743,0.9999677545
test_14744,0.9995271377
test_14745,0.9990595706
test_14746,0.9930269169
test_14747,0.8048973214
test_14748,0.0002766895
test_14749,0.7099308562
test_14750,0.0011278498
test_14751,0.0163685775
test_14752,0.0000365452
test_14753,0.0000587550
test_14754,0.9998376347
test_14755,0.3095915884
test_14756,0.9997228971
test_14757,0.9997755826
test_14758,0.9999543825
test_14759,0.0059237654
test_14760,0.7424419295
test_14761,0.8765573737
test_14762,0.0000135775
test_14763,0.5517863430
test_14764,0.9999630225
test_14765,0.0000735261
test_14766,0.9999621474
test_14767,0.9999733856
test_14768,0.9847030017
test_14769,0.9987196242
test_14770,0.9993467491
test_14771,0.9960265121
test_14772,0.1332500314
test_14773,0.0017049384
test_14774,0.9997903724
test_14775,0.0002288452
test_14776,0.1677386272
test_14777,0.9980022991
test_14778,0.9864622836
test_14779,0.0085641188
test_14780,0.9996978729
test_14781,0.0000698956
test_14782,0.1864298755
test_14783,0.0199061568
test_14784,0.1182301943
test_14785,0.9997339812
test_14786,0.0011544194
test_14787,0.0005113356
test_14788,0.9975399592
test_14789,0.0246635408
test_14790,0.3448769844
test_14791,0.9996316045
test_14792,0.9999520554
test_14793,0.9996851698
test_14794,0.0000004688
test_14795,0.9986488799
test_14796,0.9983709681
test_14797,0.9999525303
test_14798,0.9998976105
test_14799,0.0047800132
test_14800,0.0088118011
test_14801,0.0004403469
test_14802,0.0002024383
test_14803,0.3714305749
test_14804,0.0017956844
test_14805,0.0001949746
test_14806,0.0000223424
test_14807,0.0404451938
test_14808,0.9701960049
test_14809,0.9998035398
test_14810,0.0012498034
test_14811,0.2069193956
test_14812,0.9985345932
test_14813,0.9958202287
test_14814,0.9954441887
test_14815,0.8010889216
test_14816,0.0008378633
test_14817,0.5161464983
test_14818,0.0003746836
test_14819,0.9999744176
test_14820,0.0000328667
test_14821,0.0053570795
test_14822,0.8793343121
test_14823,0.0317559510
test_14824,0.9163036760
test_14825,0.0079186622
test_14826,0.4518760407
test_14827,0.9993220643
test_14828,0.0000422422
test_14829,0.9978191281
test_14830,0.0649124608
test_14831,0.7365552455
test_14832,0.0006535687
test_14833,0.0007253909
test_14834,0.9773947672
test_14835,0.0002743463
test_14836,0.8958892034
test_14837,0.0027652246
test_14838,0.0000525093
test_14839,0.4006060437
test_14840,0.0003883829
test_14841,0.9960568847
test_14842,0.9996117194
test_14843,0.0005697842
test_14844,0.9913670091
test_14845,0.9989826873
test_14846,0.9998916280
test_14847,0.9989889975
test_14848,0.9998863460
test_14849,0.9999745859
test_14850,0.0004453409
test_14851,0.9978924712
test_14852,0.0001648889
test_14853,0.0061420222
test_14854,0.0013288169
test_14855,0.9997157471
test_14856,0.0065372757
test_14857,0.9918884056
test_14858,0.8056194199
test_14859,0.9999720032
test_14860,0.9990753444
test_14861,0.6191870459
test_14862,0.9975893363
test_14863,0.0021152969
test_14864,0.0006595540
test_14865,0.9930364371
test_14866,0.0033001804
test_14867,0.0000022110
test_14868,0.5029165619
test_14869,0.9999039208
test_14870,0.0245498935
test_14871,0.9999642140
test_14872,0.8147697033
test_14873,0.0176691869
test_14874,0.4064442095
test_14875,0.9985081546
test_14876,0.0000547443
test_14877,0.0060066384
test_14878,0.9999338512
test_14879,0.9660785578
test_14880,0.9992125044
test_14881,0.0002193715
test_14882,0.0003303462
test_14883,0.9978258566
test_14884,0.2321456089
test_14885,0.9972885518
test_14886,0.0000387123
test_14887,0.2677492529
test_14888,0.9928667972
test_14889,0.0000026386
test_14890,0.0009917878
test_14891,0.9398996157
test_14892,0.0009462089
test_14893,0.0003961867
test_14894,0.9879418191
test_14895,0.6947619652
test_14896,0.0003320092
test_14897,0.0016406901
test_14898,0.9985597876
test_14899,0.0007436123
test_14900,0.4202345228
test_14901,0.0004409196
test_14902,0.1068880693
test_14903,0.9999940064
test_14904,0.9037333751
test_14905,0.9985356833
test_14906,0.9991770738
test_14907,0.0003078287
test_14908,0.0006979238
test_14909,0.0000545313
test_14910,0.0180577914
test_14911,0.9974676329
test_14912,0.9998339903
test_14913,0.9941215760
test_14914,0.8982656698
test_14915,0.0127300716
test_14916,0.9998045198
test_14917,0.4616932765
test_14918,0.0025776623
test_14919,0.0004554487
test_14920,0.0044288061
test_14921,0.0438717160
test_14922,0.0003318466
test_14923,0.0000858950
test_14924,0.9964464434
test_14925,0.9996224227
test_14926,0.0047720425
test_14927,0.0166969718
test_14928,0.9999287725
test_14929,0.0001062420
test_14930,0.0419781974
test_14931,0.9999291643
test_14932,0.0657954935
test_14933,0.0000574935
test_14934,0.0004515683
test_14935,0.0001547435
test_14936,0.9895513119
test_14937,0.9972482471
test_14938,0.0147991024
test_14939,0.0000450281
test_14940,0.2559855467
test_14941,0.9999668451
test_14942,0.9908838345
test_14943,0.0000381623
test_14944,0.4371504813
test_14945,0.0009691088
test_14946,0.0003139692
test_14947,0.9999506959
test_14948,0.9998361459
test_14949,0.1447259962
test_14950,0.9992666138
test_14951,0.0137377836
test_14952,0.0000217582
test_14953,0.9999312462
test_14954,0.1745925675
test_14955,0.0010788572
test_14956,0.0005476198
test_14957,0.8065353287
test_14958,0.0000931843
test_14959,0.0008087129
test_14960,0.9050353345
test_14961,0.9997612533
test_14962,0.8841787839
test_14963,0.9452425659
test_14964,0.0058123866
test_14965,0.9995372536
test_14966,0.9992157355
test_14967,0.0044176835
test_14968,0.0002051369
test_14969,0.0000304800
test_14970,0.0002178975
test_14971,0.0056303798
test_14972,0.9960503763
test_14973,0.0022631324
test_14974,0.9999940469
test_14975,0.9998824033
test_14976,0.0034521290
test_14977,0.0001304356
test_14978,0.0208102253
test_14979,0.0008422459
test_14980,0.9998232468
test_14981,0.2847721703
test_14982,0.9941825527
test_14983,0.9891107589
test_14984,0.0000495401
test_14985,0.6179683890
test_14986,0.9953502749
test_14987,0.0000011995
test_14988,0.0094070313
test_14989,0.9998202821
test_14990,0.0009688327
test_14991,0.9950940269
test_14992,0.9996074519
test_14993,0.9999959322
test_14994,0.9940601293
test_14995,0.2561116568
test_14996,0.9998843454
test_14997,0.0000403038
test_14998,0.9998791256
test_14999,0.9992637766
test_15000,0.9999818499
test_15001,0.9986730863
test_15002,0.0000456673
test_15003,0.0002477072
test_15004,0.0117798453
test_15005,0.0000948104
test_15006,0.0324807975
test_15007,0.0811400932
test_15008,0.9998738869
test_15009,0.0007954642
test_15010,0.0008838027
test_15011,0.0019312173
test_15012,0.0009596418
test_15013,0.9995148132
test_15014,0.9841666800
test_15015,0.9970100718
test_15016,0.0002465246
test_15017,0.2698865316
test_15018,0.9999534469
test_15019,0.0082972458
test_15020,0.9987509761
test_15021,0.0043593458
test_15022,0.0014253011
test_15023,0.7435917923
test_15024,0.9995347240
test_15025,0.0005722000
test_15026,0.0002946203
test_15027,0.0001596202
test_15028,0.0047170288
test_15029,0.9997906297
test_15030,0.1290866754
test_15031,0.0000158874
test_15032,0.0048447745
test_15033,0.0009795547
test_15034,0.9711638227
test_15035,0.9917921984
test_15036,0.0000753456
test_15037,0.0041155513
test_15038,0.9972042626
test_15039,0.0000761444
test_15040,0.6361112465
test_15041,0.0013222790
test_15042,0.9998767416
test_15043,0.0007299809
test_15044,0.9761150861
test_15045,0.3794794450
test_15046,0.0000775284
test_15047,0.9996501353
test_15048,0.9999353247
test_15049,0.9998755724
test_15050,0.9999150353
test_15051,0.9999843572
test_15052,0.9952525275
test_15053,0.0010316604
test_15054,0.0008131811
test_15055,0.0000378679
test_15056,0.9813561082
test_15057,0.9925810003
test_15058,0.9049510734
test_15059,0.9998968711
test_15060,0.0602203926
test_15061,0.9999487038
test_15062,0.9953410561
test_15063,0.9945458620
test_15064,0.0000557245
test_15065,0.9967118422
test_15066,0.0858793869
test_15067,0.9906352675
test_15068,0.1106183061
test_15069,0.0002169402
test_15070,0.9994648598
test_15071,0.0023662257
test_15072,0.9874911279
test_15073,0.0002354302
test_15074,0.0129042409
test_15075,0.0000351233
test_15076,0.9996931171
test_15077,0.9763143213
test_15078,0.0488834075
test_15079,0.2446868665
test_15080,0.0044016339
test_15081,0.9031148228
test_15082,0.9965349899
test_15083,0.9999267400
test_15084,0.9989624867
test_15085,0.9998380851
test_15086,0.0057492961
test_15087,0.9995184250
test_15088,0.9925934810
test_15089,0.0000312223
test_15090,0.0018651770
test_15091,0.9997181726
test_15092,0.9999216913
test_15093,0.0100889476
test_15094,0.3403793872
test_15095,0.0001173691
test_15096,0.0212214066
test_15097,0.9999730437
test_15098,0.0017816745
test_15099,0.8428919283
test_15100,0.9727799343
test_15101,0.0000439343
test_15102,0.9994459834
test_15103,0.0030833567
test_15104,0.9991982909
test_15105,0.6265974842
test_15106,0.9991606937
test_15107,0.0012964567
test_15108,0.0000397519
test_15109,0.5716385700
test_15110,0.9999552789
test_15111,0.9966628559
test_15112,0.9999680975
test_15113,0.6628338211
test_15114,0.9995413260
test_15115,0.9998004286
test_15116,0.9877366289
test_15117,0.9177064913
test_15118,0.8474929238
test_15119,0.0001146041
test_15120,0.0022991972
test_15121,0.0004123389
test_15122,0.4236794353
test_15123,0.2933870605
test_15124,0.0002270621
test_15125,0.8490490275
test_15126,0.0077049105
test_15127,0.9998096407
test_15128,0.0019988075
test_15129,0.0024691098
test_15130,0.0000944627
test_15131,0.5930872050
test_15132,0.0088693737
test_15133,0.9082712720
test_15134,0.9999845814
test_15135,0.9995416493
test_15136,0.9999320605
test_15137,0.3410874788
test_15138,0.9962701494
test_15139,0.4693327981
test_15140,0.0009402996
test_15141,0.9982830283
test_15142,0.9999837899
test_15143,0.0096092190
test_15144,0.0002143790
test_15145,0.9994732952
test_15146,0.9907369976
test_15147,0.0022941022
test_15148,0.0155736686
test_15149,0.1879114301
test_15150,0.0103617177
test_15151,0.9926860184
test_15152,0.0002432138
test_15153,0.0009102448
test_15154,0.9917647287
test_15155,0.0022678451
test_15156,0.9622786438
test_15157,0.9994848857
test_15158,0.0000819739
test_15159,0.0002806934
test_15160,0.9988747763
test_15161,0.9999263199
test_15162,0.9989999120
test_15163,0.0009834809
test_15164,0.9996573482
test_15165,0.0030696773
test_15166,0.0028917678
test_15167,0.5017096860
test_15168,0.0014334197
test_15169,0.0026244065
test_15170,0.0543528402
test_15171,0.9998662190
test_15172,0.0000326737
test_15173,0.0007206238
test_15174,0.0127070876
test_15175,0.9983527914
test_15176,0.9847947604
test_15177,0.0078688063
test_15178,0.0001261746
test_15179,0.0086685019
test_15180,0.9993258947
test_15181,0.0001137554
test_15182,0.4478247931
test_15183,0.0004696274
test_15184,0.9999700083
test_15185,0.9998700532
test_15186,0.9962907883
test_15187,0.0621182673
test_15188,0.9996365798
test_15189,0.6832848396
test_15190,0.0001312585
test_15191,0.0000188555
test_15192,0.0022389964
test_15193,0.0031300199
test_15194,0.0006033769
test_15195,0.0021877841
test_15196,0.1297443665
test_15197,0.9994371150
test_15198,0.0005485782
test_15199,0.0001308219
test_15200,0.0000071294
test_15201,0.5123250535
test_15202,0.9999453823
test_15203,0.0008528647
test_15204,0.9762712473
test_15205,0.7950670151
test_15206,0.9931977906
test_15207,0.9622517491
test_15208,0.0000758872
test_15209,0.0000639887
test_15210,0.0439661533
test_15211,0.0106800282
test_15212,0.0000509439
test_15213,0.9999904881
test_15214,0.9900855757
test_15215,0.9999402324
test_15216,0.9965042048
test_15217,0.0289960294
test_15218,0.9986790795
test_15219,0.9969178503
test_15220,0.0001244022
test_15221,0.0003817443
test_15222,0.9993881397
test_15223,0.0518911534
test_15224,0.0005490631
test_15225,0.0004223552
test_15226,0.5902366067
test_15227,0.0074391627
test_15228,0.9998987709
test_15229,0.0228044081
test_15230,0.9982201383
test_15231,0.9999735014
test_15232,0.0067158688
test_15233,0.0009413744
test_15234,0.4218881171
test_15235,0.0001594558
test_15236,0.9997506280
test_15237,0.0026894598
test_15238,0.9998438956
test_15239,0.0002268082
test_15240,0.9995094886
test_15241,0.3475279460
test_15242,0.0068244327
test_15243,0.0013412102
test_15244,0.0006137914
test_15245,0.9938022578
test_15246,0.0347772011
test_15247,0.9994481428
test_15248,0.9669201723
test_15249,0.2976886889
test_15250,0.9809618843
test_15251,0.9998803988
test_15252,0.9957376952
test_15253,0.9996599772
test_15254,0.0000317808
test_15255,0.0001794767
test_15256,0.0005282656
test_15257,0.9057265383
test_15258,0.0002064935
test_15259,0.0002912676
test_15260,0.9997456115
test_15261,0.9752076917
test_15262,0.9000523735
test_15263,0.9995367416
test_15264,0.0050268167
test_15265,0.0657360660
test_15266,0.9993359153
test_15267,0.0002114740
test_15268,0.0000769862
test_15269,0.9934338657
test_15270,0.9988157070
test_15271,0.0105683117
test_15272,0.9307999643
test_15273,0.9794210234
test_15274,0.0016648098
test_15275,0.0000331136
test_15276,0.6031191324
test_15277,0.0474736442
test_15278,0.9997794198
test_15279,0.9989094420
test_15280,0.9998031509
test_15281,0.0004682471
test_15282,0.9997635840
test_15283,0.9992186336
test_15284,0.8408994740
test_15285,0.0006486861
test_15286,0.4849277579
test_15287,0.9781088880
test_15288,0.0001786391
test_15289,0.0007854733
test_15290,0.9233956937
test_15291,0.0628992080
test_15292,0.0082497284
test_15293,0.0000990345
test_15294,0.9995275149
test_15295,0.5513894404
test_15296,0.9998748731
test_15297,0.9999744106
test_15298,0.0000689950
test_15299,0.0259323230
test_15300,0.0009681072
test_15301,0.0006700466
test_15302,0.0023875957
test_15303,0.7328122928
test_15304,0.9980757136
test_15305,0.9974736062
test_15306,0.9976805552
test_15307,0.9994193850
test_15308,0.0082853981
test_15309,0.9989657655
test_15310,0.0084725050
test_15311,0.0000736003
test_15312,0.0110505991
test_15313,0.0022288309
test_15314,0.3480042480
test_15315,0.7301105493
test_15316,0.5428317492
test_15317,0.0090380680
test_15318,0.0000196987
test_15319,0.0001775949
test_15320,0.0005401277
test_15321,0.9998467468
test_15322,0.6958362186
test_15323,0.9995121247
test_15324,0.9926493361
test_15325,0.9994283326
test_15326,0.9995452524
test_15327,0.6469384510
test_15328,0.0002853923
test_15329,0.9995313179
test_15330,0.4140548458
test_15331,0.9999449028
test_15332,0.9995447627
test_15333,0.0001509894
test_15334,0.5590504682
test_15335,0.0226538347
test_15336,0.9997141202
test_15337,0.9961148411
test_15338,0.1779756868
test_15339,0.6466938181
test_15340,0.9989545730
test_15341,0.9944265251
test_15342,0.0009215236
test_15343,0.0000075924
test_15344,0.9699151923
test_15345,0.9953176345
test_15346,0.0037633307
test_15347,0.7925422027
test_15348,0.0044313126
test_15349,0.9997648174
test_15350,0.0006957088
test_15351,0.0055776835
test_15352,0.0007944880
test_15353,0.3969303708
test_15354,0.9938113351
test_15355,0.9997580213
test_15356,0.0017596048
test_15357,0.0002664649
test_15358,0.0042354838
test_15359,0.9993188607
test_15360,0.9993786158
test_15361,0.9977307092
test_15362,0.0017052532
test_15363,0.7891727928
test_15364,0.9998020207
test_15365,0.0109182578
test_15366,0.0583015481
test_15367,0.9998580010
test_15368,0.9628423202
test_15369,0.9998757964
test_15370,0.0011357178
test_15371,0.2790350551
test_15372,0.0004830441
test_15373,0.0007870785
test_15374,0.5936134396
test_15375,0.0024088589
test_15376,0.9995326551
test_15377,0.9999240708
test_15378,0.9963323206
test_15379,0.9999578611
test_15380,0.9912194673
test_15381,0.9997098537
test_15382,0.0008807279
test_15383,0.0000672558
test_15384,0.0020193424
test_15385,0.7668613590
test_15386,0.9985169818
test_15387,0.9999953772
test_15388,0.9996155635
test_15389,0.5647580175
test_15390,0.0000433482
test_15391,0.9784475213
test_15392,0.0303760310
test_15393,0.9976969571
test_15394,0.0027037804
test_15395,0.9998172485
test_15396,0.0012193033
test_15397,0.9998639591
test_15398,0.7275404472
test_15399,0.0384913299
test_15400,0.9993533120
test_15401,0.9138456521
test_15402,0.9603743368
test_15403,0.7652679743
test_15404,0.0000136257
test_15405,0.9993449813
test_15406,0.7154647914
test_15407,0.9998280836
test_15408,0.3480532534
test_15409,0.9991405707
test_15410,0.9847591862
test_15411,0.8907100259
test_15412,0.9995716673
test_15413,0.9977501526
test_15414,0.9998155636
test_15415,0.9684158244
test_15416,0.0006540210
test_15417,0.9941148681
test_15418,0.9999364166
test_15419,0.7538944527
test_15420,0.9994630498
test_15421,0.9993337330
test_15422,0.0011685692
test_15423,0.0010096898
test_15424,0.9986810475
test_15425,0.9996585747
test_15426,0.7475742999
test_15427,0.9999618862
test_15428,0.9998196394
test_15429,0.5312419409
test_15430,0.9991420332
test_15431,0.9999540121
test_15432,0.0005144709
test_15433,0.0038059636
test_15434,0.9449099751
test_15435,0.9978421187
test_15436,0.0001255521
test_15437,0.9999893058
test_15438,0.0002296645
test_15439,0.9996605049
test_15440,0.0085471903
test_15441,0.6614860435
test_15442,0.0056113254
test_15443,0.0004374345
test_15444,0.0000931089
test_15445,0.9999687279
test_15446,0.9959916542
test_15447,0.0018443325
test_15448,0.8003681240
test_15449,0.0002950808
test_15450,0.9989897387
test_15451,0.0002999546
test_15452,0.9993402107
test_15453,0.9989319406
test_15454,0.4608583822
test_15455,0.9998253607
test_15456,0.9163765759
test_15457,0.0000127848
test_15458,0.0022549610
test_15459,0.1171808072
test_15460,0.9855089758
test_15461,0.9335382601
test_15462,0.9974554308
test_15463,0.0000959576
test_15464,0.0014779576
test_15465,0.9979067965
test_15466,0.9999784377
test_15467,0.1492579641
test_15468,0.9983561794
test_15469,0.0862329191
test_15470,0.9536827770
test_15471,0.0289226054
test_15472,0.0000649186
test_15473,0.1480144961
test_15474,0.0002022864
test_15475,0.1462724101
test_15476,0.2771303344
test_15477,0.9990004143
test_15478,0.9999585001
test_15479,0.9999121799
test_15480,0.3196787323
test_15481,0.9999610846
test_15482,0.6079509863
test_15483,0.9974806857
test_15484,0.0005719976
test_15485,0.9999174812
test_15486,0.6955176427
test_15487,0.0010563476
test_15488,0.0002515843
test_15489,0.0000711911
test_15490,0.0000619054
test_15491,0.0003181390
test_15492,0.7792426610
test_15493,0.0429384446
test_15494,0.9997182626
test_15495,0.0011493307
test_15496,0.0002108493
test_15497,0.9933269617
test_15498,0.9875891933
test_15499,0.9999204527
test_15500,0.0000887575
test_15501,0.9973719624
test_15502,0.9756055323
test_15503,0.9999796742
test_15504,0.9646811343
test_15505,0.9998507458
test_15506,0.9337404970
test_15507,0.0004173366
test_15508,0.9997985495
test_15509,0.0007733513
test_15510,0.0160587505
test_15511,0.9241536722
test_15512,0.0038258533
test_15513,0.7670399691
test_15514,0.9998094186
test_15515,0.9995018221
test_15516,0.9995544657
test_15517,0.0024959639
test_15518,0.0002669527
test_15519,0.9991220545
test_15520,0.0191465186
test_15521,0.9999741053
test_15522,0.9910358451
test_15523,0.0002972736
test_15524,0.0002970128
test_15525,0.0000732403
test_15526,0.9844723062
test_15527,0.9994906323
test_15528,0.0054464668
test_15529,0.0015783476
test_15530,0.9992339383
test_15531,0.0083113936
test_15532,0.0003458942
test_15533,0.0001162678
test_15534,0.0001659739
test_15535,0.0000573205
test_15536,0.0010576740
test_15537,0.9984452070
test_15538,0.5888485345
test_15539,0.0001949925
test_15540,0.0028190884
test_15541,0.9385080841
test_15542,0.0022695938
test_15543,0.0005504314
test_15544,0.4053702051
test_15545,0.2078296001
test_15546,0.0020314451
test_15547,0.0000701789
test_15548,0.0002047458
test_15549,0.0001390843
test_15550,0.9591903901
test_15551,0.0003213456
test_15552,0.0403751996
test_15553,0.9969063180
test_15554,0.0234233442
test_15555,0.9928460303
test_15556,0.9843837727
test_15557,0.0002458885
test_15558,0.0560119294
test_15559,0.3640307169
test_15560,0.9983951303
test_15561,0.9996264330
test_15562,0.9890266727
test_15563,0.9997743784
test_15564,0.1446144015
test_15565,0.0005256469
test_15566,0.9998204013
test_15567,0.0003199194
test_15568,0.9994630491
test_15569,0.0001120432
test_15570,0.9999078793
test_15571,0.4602008703
test_15572,0.0008850526
test_15573,0.9899186391
test_15574,0.9989166712
test_15575,0.0008022643
test_15576,0.9999694971
test_15577,0.7874594192
test_15578,0.7311627186
test_15579,0.9512148680
test_15580,0.9999464152
test_15581,0.0001710191
test_15582,0.9799135019
test_15583,0.0022294818
test_15584,0.0000049554
test_15585,0.9999029196
test_15586,0.9997402772
test_15587,0.0306245446
test_15588,0.9301638443
test_15589,0.9990876134
test_15590,0.0024795422
test_15591,0.0001333607
test_15592,0.9542012216
test_15593,0.9999514928
test_15594,0.6905095109
test_15595,0.0364583953
test_15596,0.9985157229
test_15597,0.9985629808
test_15598,0.4055444336
test_15599,0.0000288139
test_15600,0.0952748550
test_15601,0.9997700267
test_15602,0.0013506762
test_15603,0.0008032866
test_15604,0.0491038835
test_15605,0.0005800219
test_15606,0.8495746001
test_15607,0.9938075168
test_15608,0.0177192573
test_15609,0.9989829329
test_15610,0.4533714252
test_15611,0.9991279844
test_15612,0.9986884977
test_15613,0.9998282818
test_15614,0.6871959273
test_15615,0.0003385588
test_15616,0.0001944905
test_15617,0.9203667713
test_15618,0.0125478160
test_15619,0.9999618519
test_15620,0.0001865259
test_15621,0.9994240261
test_15622,0.0000690297
test_15623,0.0025366154
test_15624,0.0008171568
test_15625,0.0058659575
test_15626,0.9969460413
test_15627,0.9999072701
test_15628,0.0001166771
test_15629,0.0001424625
test_15630,0.0011112051
test_15631,0.9997819753
test_15632,0.2064853738
test_15633,0.9998370625
test_15634,0.0000191794
test_15635,0.0006767020
test_15636,0.9999752781
test_15637,0.9999774602
test_15638,0.9998152732
test_15639,0.0045462687
test_15640,0.9996062569
test_15641,0.9943501255
test_15642,0.9992375448
test_15643,0.9996213662
test_15644,0.0142285122
test_15645,0.9995442245
test_15646,0.9999824683
test_15647,0.0000318043
test_15648,0.8090570126
test_15649,0.0896803565
test_15650,0.9980855393
test_15651,0.0004013888
test_15652,0.9999213984
test_15653,0.0003389162
test_15654,0.9999305985
test_15655,0.8131350816
test_15656,0.9999546835
test_15657,0.1033059657
test_15658,0.9996879584
test_15659,0.1203871964
test_15660,0.0028369487
test_15661,0.0001180085
test_15662,0.0015798045
test_15663,0.9995915809
test_15664,0.0004595763
test_15665,0.9997728968
test_15666,0.9999563503
test_15667,0.0000539163
test_15668,0.9995044958
test_15669,0.6963608691
test_15670,0.0334490245
test_15671,0.9969491957
test_15672,0.9999377627
test_15673,0.0001930689
test_15674,0.1826924659
test_15675,0.9995571790
test_15676,0.0000811094
test_15677,0.0002200786
test_15678,0.9996809478
test_15679,0.9998534565
test_15680,0.9979002785
test_15681,0.0000869618
test_15682,0.0017447296
test_15683,0.9759302781
test_15684,0.9829565185
test_15685,0.0000604458
test_15686,0.9988694985
test_15687,0.9987267000
test_15688,0.3467516287
test_15689,0.0037237039
test_15690,0.0001819765
test_15691,0.0000186011
test_15692,0.0004434712
test_15693,0.9995068417
test_15694,0.1690179585
test_15695,0.0004940496
test_15696,0.9997460908
test_15697,0.9330490161
test_15698,0.0000318649
test_15699,0.9996687673
test_15700,0.0002273839
test_15701,0.9999048500
test_15702,0.9989154782
test_15703,0.9881501566
test_15704,0.0000298993
test_15705,0.0026835660
test_15706,0.9996296107
test_15707,0.9997973051
test_15708,0.3366700554
test_15709,0.9992476635
test_15710,0.9997478724
test_15711,0.9990468080
test_15712,0.0000401178
test_15713,0.9997946741
test_15714,0.0008400754
test_15715,0.9999026015
test_15716,0.2598588421
test_15717,0.2590319405
test_15718,0.9702313763
test_15719,0.0036311092
test_15720,0.9957791072
test_15721,0.9995838380
test_15722,0.9991158295
test_15723,0.9997784474
test_15724,0.9994587232
test_15725,0.9682346125
test_15726,0.9900267934
test_15727,0.0487397058
test_15728,0.2204225590
test_15729,0.0054089462
test_15730,0.0301772574
test_15731,0.0001507855
test_15732,0.9965911038
test_15733,0.9864494325
test_15734,0.0003351339
test_15735,0.0887323770
test_15736,0.0000276935
test_15737,0.9770563547
test_15738,0.0002214556
test_15739,0.9990653871
test_15740,0.0001807820
test_15741,0.9996667917
test_15742,0.9465412483
test_15743,0.9955479447
test_15744,0.0581436526
test_15745,0.9493642731
test_15746,0.7761390501
test_15747,0.9998171720
test_15748,0.0123056814
test_15749,0.9998304255
test_15750,0.7225275464
test_15751,0.9999641267
test_15752,0.9257452950
test_15753,0.9987345918
test_15754,0.0006274214
test_15755,0.9999971993
test_15756,0.0002194916
test_15757,0.9998692169
test_15758,0.1396189283
test_15759,0.1363214341
test_15760,0.9946259499
test_15761,0.9476530430
test_15762,0.4660621633
test_15763,0.0440774976
test_15764,0.9998107637
test_15765,0.7721028869
test_15766,0.0033529592
test_15767,0.9998670108
test_15768,0.3720094768
test_15769,0.0003212162
test_15770,0.9711067568
test_15771,0.0001683449
test_15772,0.7787911413
test_15773,0.0000588129
test_15774,0.9965728515
test_15775,0.9999696099
test_15776,0.0001733303
test_15777,0.0003828572
test_15778,0.0053423898
test_15779,0.0006387263
test_15780,0.0003798672
test_15781,0.0004901809
test_15782,0.8177180724
test_15783,0.9999639124
test_15784,0.6271680206
test_15785,0.2915408027
test_15786,0.9999640524
test_15787,0.4922260218
test_15788,0.0004516160
test_15789,0.0000805136
test_15790,0.9963069038
test_15791,0.0022686656
test_15792,0.9518013338
test_15793,0.7766145219
test_15794,0.9942720769
test_15795,0.0004151051
test_15796,0.0000430008
test_15797,0.0057537612
test_15798,0.0010765414
test_15799,0.0109010132
test_15800,0.9992551866
test_15801,0.9974027325
test_15802,0.0085927184
test_15803,0.0006918259
test_15804,0.0001611654
test_15805,0.9889052559
test_15806,0.0001281746
test_15807,0.9990634272
test_15808,0.9998942644
test_15809,0.9980826328
test_15810,0.0002929876
test_15811,0.9986739286
test_15812,0.0002108468
test_15813,0.9971845543
test_15814,0.6119307509
test_15815,0.0002065526
test_15816,0.8451781949
test_15817,0.0001161608
test_15818,0.0818718592
test_15819,0.9998076373
test_15820,0.0040611056
test_15821,0.9998931261
test_15822,0.9769823560
test_15823,0.0059497697
test_15824,0.9865385531
test_15825,0.0004108097
test_15826,0.0027307020
test_15827,0.9976810269
test_15828,0.9909354336
test_15829,0.9995691345
test_15830,0.0000164534
test_15831,0.0002471609
test_15832,0.9996784197
test_15833,0.9985339525
test_15834,0.0025233692
test_15835,0.0621603045
test_15836,0.9995927222
test_15837,0.9990608587
test_15838,0.0001163200
test_15839,0.9988608075
test_15840,0.9974000635
test_15841,0.0005705628
test_15842,0.9999626577
test_15843,0.2295062274
test_15844,0.0571196043
test_15845,0.9978048342
test_15846,0.8501104202
test_15847,0.0000948228
test_15848,0.0016097092
test_15849,0.9995099414
test_15850,0.0018286491
test_15851,0.9373822609
test_15852,0.0008035082
test_15853,0.9981036261
test_15854,0.9996576578
test_15855,0.9909138104
test_15856,0.9974814812
test_15857,0.0000723064
test_15858,0.9649528369
test_15859,0.9996698098
test_15860,0.0000305709
test_15861,0.9431392681
test_15862,0.2517243350
test_15863,0.9995198943
test_15864,0.9983658357
test_15865,0.9999612341
test_15866,0.9991549516
test_15867,0.9996773518
test_15868,0.9966838448
test_15869,0.0001078359
test_15870,0.0112965336
test_15871,0.9718542584
test_15872,0.0000815952
test_15873,0.0008137479
test_15874,0.0065254266
test_15875,0.0003761990
test_15876,0.0024086994
test_15877,0.0002814421
test_15878,0.4947736983
test_15879,0.5010254511
test_15880,0.0153745150
test_15881,0.0264080053
test_15882,0.9219216821
test_15883,0.0042015000
test_15884,0.9999923341
test_15885,0.9995002924
test_15886,0.0015635397
test_15887,0.9995921941
test_15888,0.9820075491
test_15889,0.8368938601
test_15890,0.9331278381
test_15891,0.4702159439
test_15892,0.9999254111
test_15893,0.0001739330
test_15894,0.0000518728
test_15895,0.9988900319
test_15896,0.9953607684
test_15897,0.9967897644
test_15898,0.9162735433
test_15899,0.0006126733
test_15900,0.9931243452
test_15901,0.9947391939
test_15902,0.0008282871
test_15903,0.2971026135
test_15904,0.0001024193
test_15905,0.9996904160
test_15906,0.0000372245
test_15907,0.9999441994
test_15908,0.0001104500
test_15909,0.9948250923
test_15910,0.9998379844
test_15911,0.0006157602
test_15912,0.9954469673
test_15913,0.9793860996
test_15914,0.9997055168
test_15915,0.0004188451
test_15916,0.0098217633
test_15917,0.2234890349
test_15918,0.0004196530
test_15919,0.9981919648
test_15920,0.9583487072
test_15921,0.9997047398
test_15922,0.0000474514
test_15923,0.9975062023
test_15924,0.3512851082
test_15925,0.4186102618
test_15926,0.9998003133
test_15927,0.9998963408
test_15928,0.9952384831
test_15929,0.9997069143
test_15930,0.3609935035
test_15931,0.0000373620
test_15932,0.9992346221
test_15933,0.9998150386
test_15934,0.0033137351
test_15935,0.9978061708
test_15936,0.1069327163
test_15937,0.9857959067
test_15938,0.9985487941
test_15939,0.8998749246
test_15940,0.4091231698
test_15941,0.9998746782
test_15942,0.0004758712
test_15943,0.9910653202
test_15944,0.0022736827
test_15945,0.9997720927
test_15946,0.0008660794
test_15947,0.0002558189
test_15948,0.9989349485
test_15949,0.9999769136
test_15950,0.0003513721
test_15951,0.0000425810
test_15952,0.9996305118
test_15953,0.0244018010
test_15954,0.9999528103
test_15955,0.0006635818
test_15956,0.0018842477
test_15957,0.0000463364
test_15958,0.9960422529
test_15959,0.9920681428
test_15960,0.5531127612
test_15961,0.9978507126
test_15962,0.9849601435
test_15963,0.5971484807
test_15964,0.9991313272
test_15965,0.0003325942
test_15966,0.9489598619
test_15967,0.4377832040
test_15968,0.0044725891
test_15969,0.0487132327
test_15970,0.5967995228
test_15971,0.0001099187
test_15972,0.0007820178
test_15973,0.0022750608
test_15974,0.2775380646
test_15975,0.0003490767
test_15976,0.0438265060
test_15977,0.9596063373
test_15978,0.9574492654
test_15979,0.9707081881
test_15980,0.0207681029
test_15981,0.9999115803
test_15982,0.0000583438
test_15983,0.9997610585
test_15984,0.9997853576
test_15985,0.0000434698
test_15986,0.0004376370
test_15987,0.0000765625
test_15988,0.9998473138
test_15989,0.0545326376
test_15990,0.9991530596
test_15991,0.9802429807
test_15992,0.0000330855
test_15993,0.9758967653
test_15994,0.0000591367
test_15995,0.6382769044
test_15996,0.3019913727
test_15997,0.0458303502
test_15998,0.0001130157
test_15999,0.9960868796
test_16000,0.0003351814
test_16001,0.7024926295
test_16002,0.0010222569
test_16003,0.9922709718
test_16004,0.0000089868
test_16005,0.0018446758
test_16006,0.0971601847
test_16007,0.2012092501
test_16008,0.4099802058
test_16009,0.0046233933
test_16010,0.6992896762
test_16011,0.0002544903
test_16012,0.0001460141
test_16013,0.9995979858
test_16014,0.0007334742
test_16015,0.0005450354
test_16016,0.0841776166
test_16017,0.0097405816
test_16018,0.9999565628
test_16019,0.0009178054
test_16020,0.9956143711
test_16021,0.9999524599
test_16022,0.9998146680
test_16023,0.0362889237
test_16024,0.0000712261
test_16025,0.0343059579
test_16026,0.9974637032
test_16027,0.9903820039
test_16028,0.0000423168
test_16029,0.0000212922
test_16030,0.0001182986
test_16031,0.3470970769
test_16032,0.9995230925
test_16033,0.0000038284
test_16034,0.9999990148
test_16035,0.0295417560
test_16036,0.0001408488
test_16037,0.0140628220
test_16038,0.0007700169
test_16039,0.0066104123
test_16040,0.0001069715
test_16041,0.9999300764
test_16042,0.9991029198
test_16043,0.9998170824
test_16044,0.9972487940
test_16045,0.9795364919
test_16046,0.0006654455
test_16047,0.0078609761
test_16048,0.9999635277
test_16049,0.0110006003
test_16050,0.9689250851
test_16051,0.4940737221
test_16052,0.0156713579
test_16053,0.8981831969
test_16054,0.0000257529
test_16055,0.0001250078
test_16056,0.9102608560
test_16057,0.9975784286
test_16058,0.0905241220
test_16059,0.9980482330
test_16060,0.5982037990
test_16061,0.9975353125
test_16062,0.0002538534
test_16063,0.9946039582
test_16064,0.6882259595
test_16065,0.9999960763
test_16066,0.9549531334
test_16067,0.9988391003
test_16068,0.0069531562
test_16069,0.0029574357
test_16070,0.1976696307
test_16071,0.9994234738
test_16072,0.9993256163
test_16073,0.0004480317
test_16074,0.0003187845
test_16075,0.9877891691
test_16076,0.9221543099
test_16077,0.9998389093
test_16078,0.8878195807
test_16079,0.4381988676
test_16080,0.9998105242
test_16081,0.9905383966
test_16082,0.3937833875
test_16083,0.0743134182
test_16084,0.0003725549
test_16085,0.0021227692
test_16086,0.9997893777
test_16087,0.9693598352
test_16088,0.8901454430
test_16089,0.0003744451
test_16090,0.2051118867
test_16091,0.9984373475
test_16092,0.4061279112
test_16093,0.2255164676
test_16094,0.9998215382
test_16095,0.9990722673
test_16096,0.9997441671
test_16097,0.0001857011
test_16098,0.8091897516
test_16099,0.9136088334
test_16100,0.0015266153
test_16101,0.0000432001
test_16102,0.9997161231
test_16103,0.0003521453
test_16104,0.0595130373
test_16105,0.8327003071
test_16106,0.9998850761
test_16107,0.9999151988
test_16108,0.0212391350
test_16109,0.9916539917
test_16110,0.0027051964
test_16111,0.9994075870
test_16112,0.9999802351
test_16113,0.9991454296
test_16114,0.5403741848
test_16115,0.3167217800
test_16116,0.0092927391
test_16117,0.9997141812
test_16118,0.9977013498
test_16119,0.9304962668
test_16120,0.0000617371
test_16121,0.9997504494
test_16122,0.0004327325
test_16123,0.9999086168
test_16124,0.9931056708
test_16125,0.9935724085
test_16126,0.0037112434
test_16127,0.9981243154
test_16128,0.7178061330
test_16129,0.0070710485
test_16130,0.9996400746
test_16131,0.0101990914
test_16132,0.9999607555
test_16133,0.0000420750
test_16134,0.4750305600
test_16135,0.9999367325
test_16136,0.9997143263
test_16137,0.9966258786
test_16138,0.9564728797
test_16139,0.9995777705
test_16140,0.0000024747
test_16141,0.0002108886
test_16142,0.2673257271
test_16143,0.9569076356
test_16144,0.9872332451
test_16145,0.1042040114
test_16146,0.0000023429
test_16147,0.0002426143
test_16148,0.0042196792
test_16149,0.0105473827
test_16150,0.9984436367
test_16151,0.9003430322
test_16152,0.0004509430
test_16153,0.9999612703
test_16154,0.0101225101
test_16155,0.9999500348
test_16156,0.9978950336
test_16157,0.0243088586
test_16158,0.0002177437
test_16159,0.8142077330
test_16160,0.2506784720
test_16161,0.9985999340
test_16162,0.9994184363
test_16163,0.0001584302
test_16164,0.4333931239
test_16165,0.0005761752
test_16166,0.0106455154
test_16167,0.0649246702
test_16168,0.0003823327
test_16169,0.9992769412
test_16170,0.7162604911
test_16171,0.0006117600
test_16172,0.0001421072
test_16173,0.6103574284
test_16174,0.0009513458
test_16175,0.9776034484
test_16176,0.0000645053
test_16177,0.0002109620
test_16178,0.0000130980
test_16179,0.0000573064
test_16180,0.1908005988
test_16181,0.9988983773
test_16182,0.0018493286
test_16183,0.0000170657
test_16184,0.9979740837
test_16185,0.9980576669
test_16186,0.1072828254
test_16187,0.0002350165
test_16188,0.0002360101
test_16189,0.9999764731
test_16190,0.1751409607
test_16191,0.0208584908
test_16192,0.8875867048
test_16193,0.9999885437
test_16194,0.0002340111
test_16195,0.9997272437
test_16196,0.0166593290
test_16197,0.9855328845
test_16198,0.0000978435
test_16199,0.8902923457
test_16200,0.0224812714
test_16201,0.0002506887
test_16202,0.9998795432
test_16203,0.9996967085
test_16204,0.9998755624
test_16205,0.9984525137
test_16206,0.9999885003
test_16207,0.9997730681
test_16208,0.4820375060
test_16209,0.0257286311
test_16210,0.9920771633
test_16211,0.9996905676
test_16212,0.9999475860
test_16213,0.9830968046
test_16214,0.0002074059
test_16215,0.8179571448
test_16216,0.9995055356
test_16217,0.0010345558
test_16218,0.9994916816
test_16219,0.9840475810
test_16220,0.9999801057
test_16221,0.9996201459
test_16222,0.9934401998
test_16223,0.4992431057
test_16224,0.9998940210
test_16225,0.9956148453
test_16226,0.9995445270
test_16227,0.0102945589
test_16228,0.0073779759
test_16229,0.9892234565
test_16230,0.9999568984
test_16231,0.9985642936
test_16232,0.0003739146
test_16233,0.0002719303
test_16234,0.9428534432
test_16235,0.9996953494
test_16236,0.3996217418
test_16237,0.9997332704
test_16238,0.0082509690
test_16239,0.0037396783
test_16240,0.9994925442
test_16241,0.0000422276
test_16242,0.4784737452
test_16243,0.9999895579
test_16244,0.9195892439
test_16245,0.9949212049
test_16246,0.5650989673
test_16247,0.0000869693
test_16248,0.9999959482
test_16249,0.0009862992
test_16250,0.9998776610
test_16251,0.9595554688
test_16252,0.0001378624
test_16253,0.9936126669
test_16254,0.6065041261
test_16255,0.0469564239
test_16256,0.0006314698
test_16257,0.4931832727
test_16258,0.0011692781
test_16259,0.9999417653
test_16260,0.0131189233
test_16261,0.9968038580
test_16262,0.9966129938
test_16263,0.9947039140
test_16264,0.0039901111
test_16265,0.9997818154
test_16266,0.9998490040
test_16267,0.0022898252
test_16268,0.9996312747
test_16269,0.0000594631
test_16270,0.9989368624
test_16271,0.9952284539
test_16272,0.9939926337
test_16273,0.9997173614
test_16274,0.9887496872
test_16275,0.0000195217
test_16276,0.0000655329
test_16277,0.9999168915
test_16278,0.0000061717
test_16279,0.0000187659
test_16280,0.9835150729
test_16281,0.9989548074
test_16282,0.9994053271
test_16283,0.0011774059
test_16284,0.5771603510
test_16285,0.9556291347
test_16286,0.4310647861
test_16287,0.9999860746
test_16288,0.0001460114
test_16289,0.9999185870
test_16290,0.0000916639
test_16291,0.9986710754
test_16292,0.5633047617
test_16293,0.9575173891
test_16294,0.0007075378
test_16295,0.3577395625
test_16296,0.0004657317
test_16297,0.9999686332
test_16298,0.1387805236
test_16299,0.5195359560
test_16300,0.0000732410
test_16301,0.0000350692
test_16302,0.0005781067
test_16303,0.9996683332
test_16304,0.0031306452
test_16305,0.9999713750
test_16306,0.9981244261
test_16307,0.9993557778
test_16308,0.9998333759
test_16309,0.9964564450
test_16310,0.0003088376
test_16311,0.9905409720
test_16312,0.0012383925
test_16313,0.0001673794
test_16314,0.9995849907
test_16315,0.4366421443
test_16316,0.9202108448
test_16317,0.9991193302
test_16318,0.9989900911
test_16319,0.0000688954
test_16320,0.9988979315
test_16321,0.9501429627
test_16322,0.0024761694
test_16323,0.0000012733
test_16324,0.9964988421
test_16325,0.3576054046
test_16326,0.9981629116
test_16327,0.0020877847
test_16328,0.1811180228
test_16329,0.0001205748
test_16330,0.9990229563
test_16331,0.0000389202
test_16332,0.7114511736
test_16333,0.0018701919
test_16334,0.9999595890
test_16335,0.9999317636
test_16336,0.0003864452
test_16337,0.5705934421
test_16338,0.9995196723
test_16339,0.8995973364
test_16340,0.9997273040
test_16341,0.9998805896
test_16342,0.9994916034
test_16343,0.9981526620
test_16344,0.6980983124
test_16345,0.0011366361
test_16346,0.9850892137
test_16347,0.0001395358
test_16348,0.9996242225
test_16349,0.9999562122
test_16350,0.4693910825
test_16351,0.5324598197
test_16352,0.0000723013
test_16353,0.9983350346
test_16354,0.0038132559
test_16355,0.9999561557
test_16356,0.0470583346
test_16357,0.0066419988
test_16358,0.0705425512
test_16359,0.9990369731
test_16360,0.0002869031
test_16361,0.0000178559
test_16362,0.9896206169
test_16363,0.7193644934
test_16364,0.0062323732
test_16365,0.9823078497
test_16366,0.1324557552
test_16367,0.9999345438
test_16368,0.0008997547
test_16369,0.0428565854
test_16370,0.0000120692
test_16371,0.9289778960
test_16372,0.9998276319
test_16373,0.8797477887
test_16374,0.0049979084
test_16375,0.9942144669
test_16376,0.9985923594
test_16377,0.9990123932
test_16378,0.9114348528
test_16379,0.0045607698
test_16380,0.0000730267
test_16381,0.0690920452
test_16382,0.0002941281
test_16383,0.9852311254
test_16384,0.9999220698
test_16385,0.1084711032
test_16386,0.9627683597
test_16387,0.9998615744
test_16388,0.9682182601
test_16389,0.9998408823
test_16390,0.9701943828
test_16391,0.2881138177
test_16392,0.9995389999
test_16393,0.0163720914
test_16394,0.9890150103
test_16395,0.0903632798
test_16396,0.9975843582
test_16397,0.0018440211
test_16398,0.9997753301
test_16399,0.0627739199
test_16400,0.0001682895
test_16401,0.9351315553
test_16402,0.9967495776
test_16403,0.9990884442
test_16404,0.9997424659
test_16405,0.0001277934
test_16406,0.0005189070
test_16407,0.9993986942
test_16408,0.8095562167
test_16409,0.0020481741
test_16410,0.0013594159
test_16411,0.0015647363
test_16412,0.0015931651
test_16413,0.0226657592
test_16414,0.9361357765
test_16415,0.9999940680
test_16416,0.0013684827
test_16417,0.0034118214
test_16418,0.0001433690
test_16419,0.0000511943
test_16420,0.0039695425
test_16421,0.9699577582
test_16422,0.6407995114
test_16423,0.9997611983
test_16424,0.0097434139
test_16425,0.0012489096
test_16426,0.3194024186
test_16427,0.8516379350
test_16428,0.0000781983
test_16429,0.9993518391
test_16430,0.9999952731
test_16431,0.9826540314
test_16432,0.0117451143
test_16433,0.0000325097
test_16434,0.5280082686
test_16435,0.0006387956
test_16436,0.0084068898
test_16437,0.9705520700
test_16438,0.9620682189
test_16439,0.9999824236
test_16440,0.9973720115
test_16441,0.0001035546
test_16442,0.9999592136
test_16443,0.0005303755
test_16444,0.9999556481
test_16445,0.9291882969
test_16446,0.0000006560
test_16447,0.9966305879
test_16448,0.0031069030
test_16449,0.9992982048
test_16450,0.4193559052
test_16451,0.0042466146
test_16452,0.0271250515
test_16453,0.9859293973
test_16454,0.0000300870
test_16455,0.9981787361
test_16456,0.2872183613
test_16457,0.1218053056
test_16458,0.0000589912
test_16459,0.0001404262
test_16460,0.0140551715
test_16461,0.9999015792
test_16462,0.2100453115
test_16463,0.9963380683
test_16464,0.9885266260
test_16465,0.9990062314
test_16466,0.5098798358
test_16467,0.9975128585
test_16468,0.8671313562
test_16469,0.9908103956
test_16470,0.9999949244
test_16471,0.0006566860
test_16472,0.0004682873
test_16473,0.9121411488
test_16474,0.1484562615
test_16475,0.0038855063
test_16476,0.0003209024
test_16477,0.0005667879
test_16478,0.9997264259
test_16479,0.1805146872
test_16480,0.9999384811
test_16481,0.0000192664
test_16482,0.9749393246
test_16483,0.0031255167
test_16484,0.9652050237
test_16485,0.0001794101
test_16486,0.9838572096
test_16487,0.0057700498
test_16488,0.0004725857
test_16489,0.0000601855
test_16490,0.5443022712
test_16491,0.0115562843
test_16492,0.0000247297
test_16493,0.0005272540
test_16494,0.3956158261
test_16495,0.0008370278
test_16496,0.9936640862
test_16497,0.0006824283
test_16498,0.0001644448
test_16499,0.0507378716
test_16500,0.0202020608
test_16501,0.9992829826
test_16502,0.0003613460
test_16503,0.4601322970
test_16504,0.0000034290
test_16505,0.9999658015
test_16506,0.0000663931
test_16507,0.9996558662
test_16508,0.9989421151
test_16509,0.0001049246
test_16510,0.0052377735
test_16511,0.9999099623
test_16512,0.0005356358
test_16513,0.0174880018
test_16514,0.0015971406
test_16515,0.9886443058
test_16516,0.9998925276
test_16517,0.0072605363
test_16518,0.9988939898
test_16519,0.9998681551
test_16520,0.9577620545
test_16521,0.0045826581
test_16522,0.9909871368
test_16523,0.9942740882
test_16524,0.2886648190
test_16525,0.0000154278
test_16526,0.7452509541
test_16527,0.0003714814
test_16528,0.0002027297
test_16529,0.9981014798
test_16530,0.0078702606
test_16531,0.5011526784
test_16532,0.9994080327
test_16533,0.0043667024
test_16534,0.9972658559
test_16535,0.9941898289
test_16536,0.0000533730
test_16537,0.9707227473
test_16538,0.9998172169
test_16539,0.9993968963
test_16540,0.0819047936
test_16541,0.0000325129
test_16542,0.6015630105
test_16543,0.9830887086
test_16544,0.0010361975
test_16545,0.0000488476
test_16546,0.9990629431
test_16547,0.7172152829
test_16548,0.0086112207
test_16549,0.1148843194
test_16550,0.9999964672
test_16551,0.9997621542
test_16552,0.9999817347
test_16553,0.0002294003
test_16554,0.0002414885
test_16555,0.4812019931
test_16556,0.9817283510
test_16557,0.9992664460
test_16558,0.9999523194
test_16559,0.9999312905
test_16560,0.0002351447
test_16561,0.9999692010
test_16562,0.0004249163
test_16563,0.0002539289
test_16564,0.9981876129
test_16565,0.9987953340
test_16566,0.0000758201
test_16567,0.9998862911
test_16568,0.3535782589
test_16569,0.0002290920
test_16570,0.5103383800
test_16571,0.9980787666
test_16572,0.5467027510
test_16573,0.0000180334
test_16574,0.0006120642
test_16575,0.0161733955
test_16576,0.0010276791
test_16577,0.0003923904
test_16578,0.9989901710
test_16579,0.0004277292
test_16580,0.0001255023
test_16581,0.0007372101
test_16582,0.9992103261
test_16583,0.9997407391
test_16584,0.7956456908
test_16585,0.0000281579
test_16586,0.4634153013
test_16587,0.9926617566
test_16588,0.0002143088
test_16589,0.9974443899
test_16590,0.0000997858
test_16591,0.9998975017
test_16592,0.0000708994
test_16593,0.0066180124
test_16594,0.0003631125
test_16595,0.4777733166
test_16596,0.0000975225
test_16597,0.9668939361
test_16598,0.9965745432
test_16599,0.6118349022
test_16600,0.9964161397
test_16601,0.0001114660
test_16602,0.9997935392
test_16603,0.9932437773
test_16604,0.9998465096
test_16605,0.0001669825
test_16606,0.0002047674
test_16607,0.0574078071
test_16608,0.9999359584
test_16609,0.9997095428
test_16610,0.0003825176
test_16611,0.6934114229
test_16612,0.0003733080
test_16613,0.9988960168
test_16614,0.9961501115
test_16615,0.0012935372
test_16616,0.0008978283
test_16617,0.1753351895
test_16618,0.0000409034
test_16619,0.0000319386
test_16620,0.9999648675
test_16621,0.9999834711
test_16622,0.9998971171
test_16623,0.4327655633
test_16624,0.9776600282
test_16625,0.0008241167
test_16626,0.0017308802
test_16627,0.0002210291
test_16628,0.0004757941
test_16629,0.0058145205
test_16630,0.0000344671
test_16631,0.0001423580
test_16632,0.9894397220
test_16633,0.0230392947
test_16634,0.8518342805
test_16635,0.0128271127
test_16636,0.6380998131
test_16637,0.0011253559
test_16638,0.9995532452
test_16639,0.9998993907
test_16640,0.8160119511
test_16641,0.6728869819
test_16642,0.9999266785
test_16643,0.9996751971
test_16644,0.9998383782
test_16645,0.9968683315
test_16646,0.9969181615
test_16647,0.9993935505
test_16648,0.2796829757
test_16649,0.9982668635
test_16650,0.0021186414
test_16651,0.0001836324
test_16652,0.0006033364
test_16653,0.9999702925
test_16654,0.9975219618
test_16655,0.0008652254
test_16656,0.7090024254
test_16657,0.9990548234
test_16658,0.9960027116
test_16659,0.7790715916
test_16660,0.9999567831
test_16661,0.0000295548
test_16662,0.9980531853
test_16663,0.3240456062
test_16664,0.9991536997
test_16665,0.0003867583
test_16666,0.9996045634
test_16667,0.0000817691
test_16668,0.9998537532
test_16669,0.0097834385
test_16670,0.0007124406
test_16671,0.0074804024
test_16672,0.9999422913
test_16673,0.0027593673
test_16674,0.0062413717
test_16675,0.1198600797
test_16676,0.3045786457
test_16677,0.7051873851
test_16678,0.6824060620
test_16679,0.0007201557
test_16680,0.0084383414
test_16681,0.0002330344
test_16682,0.9999927030
test_16683,0.0034423349
test_16684,0.0132461706
test_16685,0.0002026782
test_16686,0.0100098996
test_16687,0.9975869533
test_16688,0.7769267921
test_16689,0.7722863092
test_16690,0.9997908334
test_16691,0.0122246775
test_16692,0.9985466983
test_16693,0.0000318503
test_16694,0.9935145099
test_16695,0.0000873639
test_16696,0.0107799590
test_16697,0.0002483493
test_16698,0.9405199138
test_16699,0.0048179782
test_16700,0.8938702601
test_16701,0.0003798014
test_16702,0.0002088280
test_16703,0.9999981287
test_16704,0.0011662119
test_16705,0.9966040334
test_16706,0.9979242400
test_16707,0.3212622273
test_16708,0.9999474061
test_16709,0.9999791276
test_16710,0.3259632764
test_16711,0.9957400701
test_16712,0.0061307110
test_16713,0.0008014740
test_16714,0.0001943647
test_16715,0.0009883676
test_16716,0.0083508689
test_16717,0.0455388614
test_16718,0.0003438765
test_16719,0.2616509386
test_16720,0.0169033521
test_16721,0.9995348075
test_16722,0.9988514183
test_16723,0.9998087233
test_16724,0.0017020059
test_16725,0.0022574393
test_16726,0.0022142905
test_16727,0.9998548818
test_16728,0.0042676856
test_16729,0.0319716231
test_16730,0.9979162965
test_16731,0.0001059206
test_16732,0.4032568301
test_16733,0.0016661883
test_16734,0.9985878400
test_16735,0.0013812702
test_16736,0.8707002457
test_16737,0.9999410539
test_16738,0.9976847179
test_16739,0.9969637364
test_16740,0.9999763680
test_16741,0.0000024879
test_16742,0.0038213952
test_16743,0.0000468891
test_16744,0.9998294078
test_16745,0.0000189267
test_16746,0.0005593227
test_16747,0.9394403307
test_16748,0.9998930706
test_16749,0.9744166431
test_16750,0.0014941741
test_16751,0.9998937182
test_16752,0.0784342832
test_16753,0.9990724939
test_16754,0.0048238719
test_16755,0.0006420138
test_16756,0.9999377806
test_16757,0.0001399214
test_16758,0.9992792133
test_16759,0.8976444823
test_16760,0.9300737810
test_16761,0.9997864983
test_16762,0.1286944807
test_16763,0.9987673039
test_16764,0.0005290584
test_16765,0.9998532676
test_16766,0.9990728055
test_16767,0.0175017165
test_16768,0.0003641276
test_16769,0.9994016733
test_16770,0.9377987540
test_16771,0.8724918469
test_16772,0.0001321629
test_16773,0.9996201950
test_16774,0.9964086188
test_16775,0.0038389593
test_16776,0.0001812697
test_16777,0.9997747244
test_16778,0.0052045479
test_16779,0.4919870183
test_16780,0.9999773477
test_16781,0.0000651358
test_16782,0.9992335711
test_16783,0.9988378711
test_16784,0.9999826819
test_16785,0.9990362916
test_16786,0.0000057946
test_16787,0.5691944901
test_16788,0.9858376595
test_16789,0.9997810644
test_16790,0.0007357244
test_16791,0.0004124728
test_16792,0.9999617633
test_16793,0.0194857297
test_16794,0.9998069326
test_16795,0.0090252924
test_16796,0.9973854483
test_16797,0.0019922891
test_16798,0.9565303549
test_16799,0.9955527939
test_16800,0.9620795182
test_16801,0.9999104071
test_16802,0.9987125138
test_16803,0.0152709114
test_16804,0.9998439243
test_16805,0.9998508995
test_16806,0.9999030176
test_16807,0.9991932563
test_16808,0.0003882330
test_16809,0.0009285523
test_16810,0.0002476903
test_16811,0.9179752543
test_16812,0.0356552853
test_16813,0.0001182532
test_16814,0.0478979701
test_16815,0.9990760947
test_16816,0.0000524433
test_16817,0.9839047696
test_16818,0.0005456114
test_16819,0.9998906837
test_16820,0.0000459588
test_16821,0.6408609981
test_16822,0.9913776223
test_16823,0.9997236691
test_16824,0.9999626156
test_16825,0.0819587784
test_16826,0.9974389454
test_16827,0.0002404330
test_16828,0.0003114228
test_16829,0.0090037276
test_16830,0.0000698301
test_16831,0.9735728687
test_16832,0.9999831960
test_16833,0.8221444943
test_16834,0.9988982817
test_16835,0.9997583075
test_16836,0.4842424199
test_16837,0.9999011390
test_16838,0.9927493052
test_16839,0.9353729524
test_16840,0.9704631325
test_16841,0.9966905876
test_16842,0.9596417222
test_16843,0.0000800978
test_16844,0.9999817725
test_16845,0.0004592725
test_16846,0.0008093654
test_16847,0.8818674511
test_16848,0.9996181740
test_16849,0.9998419362
test_16850,0.0001079572
test_16851,0.0004228132
test_16852,0.0041574285
test_16853,0.0111221761
test_16854,0.0090962666
test_16855,0.0033334067
test_16856,0.9989333503
test_16857,0.9780502677
test_16858,0.9956418315
test_16859,0.0003223823
test_16860,0.9999671555
test_16861,0.0042982897
test_16862,0.0012179457
test_16863,0.9991101485
test_16864,0.0318062041
test_16865,0.0018832797
test_16866,0.0001152712
test_16867,0.9163307852
test_16868,0.9998606820
test_16869,0.9999305647
test_16870,0.9998619000
test_16871,0.9999844187
test_16872,0.9999266246
test_16873,0.0030347589
test_16874,0.0034091807
test_16875,0.0007824854
test_16876,0.9997185566
test_16877,0.0003138219
test_16878,0.0026135899
test_16879,0.9934712804
test_16880,0.9960769802
test_16881,0.0006834028
test_16882,0.0008905904
test_16883,0.9999762823
test_16884,0.9998451593
test_16885,0.4103444881
test_16886,0.9992771989
test_16887,0.9988420448
test_16888,0.9999037403
test_16889,0.9999599865
test_16890,0.9980529589
test_16891,0.0307591843
test_16892,0.9999829630
test_16893,0.9820501951
test_16894,0.9998362739
test_16895,0.0001081688
test_16896,0.9999220659
test_16897,0.0015957002
test_16898,0.0000199863
test_16899,0.0884424239
test_16900,0.0002336627
test_16901,0.0023248369
test_16902,0.0004525313
test_16903,0.9999906453
test_16904,0.9994258521
test_16905,0.0001158325
test_16906,0.0097813190
test_16907,0.9954136560
test_16908,0.0000355547
test_16909,0.9586763912
test_16910,0.0774499108
test_16911,0.0672742174
test_16912,0.9858688302
test_16913,0.5090160579
test_16914,0.0014287860
test_16915,0.9960410371
test_16916,0.9971466862
test_16917,0.0000865991
test_16918,0.9971155626
test_16919,0.0016613054
test_16920,0.9889251248
test_16921,0.9993386336
test_16922,0.9897809606
test_16923,0.0009596706
test_16924,0.6727373160
test_16925,0.5750176589
test_16926,0.0000073498
test_16927,0.0012481486
test_16928,0.0025889832
test_16929,0.0029609377
test_16930,0.0015208849
test_16931,0.9997614622
test_16932,0.0065092609
test_16933,0.9997831601
test_16934,0.9999523607
test_16935,0.5892462075
test_16936,0.9999515128
test_16937,0.9866700154
test_16938,0.0003942310
test_16939,0.5234774597
test_16940,0.9128830900
test_16941,0.9995678406
test_16942,0.9789011890
test_16943,0.9543372994
test_16944,0.0005597144
test_16945,0.0000646035
test_16946,0.9928217852
test_16947,0.0000042644
test_16948,0.0009542030
test_16949,0.9986887638
test_16950,0.7570816201
test_16951,0.9999808978
test_16952,0.9996349241
test_16953,0.9999939167
test_16954,0.0028024432
test_16955,0.7926693070
test_16956,0.0002874892
test_16957,0.0739827963
test_16958,0.9997298830
test_16959,0.0002107767
test_16960,0.9976517297
test_16961,0.0302942633
test_16962,0.0001121563
test_16963,0.9903808690
test_16964,0.1093851878
test_16965,0.8978035782
test_16966,0.0015558094
test_16967,0.0014818534
test_16968,0.0000863647
test_16969,0.9978970955
test_16970,0.0007033038
test_16971,0.6907131165
test_16972,0.4982562818
test_16973,0.9898918119
test_16974,0.5885549801
test_16975,0.0010338558
test_16976,0.3968808411
test_16977,0.5000953658
test_16978,0.9992444487
test_16979,0.1297527877
test_16980,0.9957681074
test_16981,0.9999832044
test_16982,0.0001492170
test_16983,0.9992119713
test_16984,0.0008622551
test_16985,0.0000167193
test_16986,0.0028074797
test_16987,0.0002567409
test_16988,0.0009272311
test_16989,0.0020273306
test_16990,0.0000813376
test_16991,0.0007307083
test_16992,0.9541728151
test_16993,0.6700752674
test_16994,0.0051432781
test_16995,0.9624081784
test_16996,0.6950068966
test_16997,0.7947854728
test_16998,0.0005193070
test_16999,0.9841550295
test_17000,0.3315256433
test_17001,0.0675904063
test_17002,0.9893307723
test_17003,0.0000596876
test_17004,0.9998121122
test_17005,0.7127912102
test_17006,0.4888262340
test_17007,0.6120575149
test_17008,0.9999240983
test_17009,0.0007622836
test_17010,0.0000800938
test_17011,0.5052044259
test_17012,0.9748191147
test_17013,0.6839622236
test_17014,0.0002255406
test_17015,0.2220355550
test_17016,0.2334092320
test_17017,0.9319134358
test_17018,0.0190390393
test_17019,0.0000563673
test_17020,0.9999704045
test_17021,0.9820992425
test_17022,0.0000328449
test_17023,0.0002186197
test_17024,0.9988927400
test_17025,0.0003234058
test_17026,0.0004674769
test_17027,0.9999627577
test_17028,0.9920608194
test_17029,0.0006255074
test_17030,0.9999920095
test_17031,0.0013191575
test_17032,0.9990403113
test_17033,0.9977675229
test_17034,0.0311675662
test_17035,0.8970565293
test_17036,0.9998682965
test_17037,0.0000097281
test_17038,0.8536183425
test_17039,0.0001286225
test_17040,0.0099295022
test_17041,0.3351685336
test_17042,0.0266598663
test_17043,0.0033800967
test_17044,0.0062320401
test_17045,0.0000322292
test_17046,0.9990515234
test_17047,0.9997966565
test_17048,0.8810494127
test_17049,0.9999874792
test_17050,0.7271668864
test_17051,0.6855239631
test_17052,0.0000123747
test_17053,0.9472826639
test_17054,0.9997717028
test_17055,0.0007689806
test_17056,0.9996880342
test_17057,0.9998807508
test_17058,0.0010229770
test_17059,0.0003651190
test_17060,0.0033746068
test_17061,0.0021905782
test_17062,0.9990702903
test_17063,0.9915522056
test_17064,0.0000205834
test_17065,0.9055338106
test_17066,0.0868362930
test_17067,0.9985915066
test_17068,0.0140906430
test_17069,0.9998184181
test_17070,0.0001207293
test_17071,0.6704359653
test_17072,0.9972819869
test_17073,0.0025691134
test_17074,0.9993839683
test_17075,0.7903335953
test_17076,0.0071128296
test_17077,0.9998096380
test_17078,0.0488145507
test_17079,0.9988681252
test_17080,0.9989510165
test_17081,0.0000263584
test_17082,0.9995674833
test_17083,0.0354561251
test_17084,0.0679863488
test_17085,0.0005080393
test_17086,0.7368096025
test_17087,0.9410040034
test_17088,0.9990789453
test_17089,0.0016751643
test_17090,0.0157989436
test_17091,0.0001912694
test_17092,0.0002970381
test_17093,0.1367066498
test_17094,0.0001079474
test_17095,0.9998216242
test_17096,0.0077231674
test_17097,0.9975914425
test_17098,0.0118275107
test_17099,0.9998892551
test_17100,0.0001361803
test_17101,0.2760354950
test_17102,0.9993511864
test_17103,0.0006006962
test_17104,0.5841695085
test_17105,0.9977873187
test_17106,0.9996753448
test_17107,0.0004825679
test_17108,0.0680276218
test_17109,0.9996535925
test_17110,0.9998357140
test_17111,0.9910297424
test_17112,0.9827350795
test_17113,0.4945007836
test_17114,0.9999400654
test_17115,0.2407151464
test_17116,0.9888092335
test_17117,0.0067899497
test_17118,0.9986663496
test_17119,0.9999706479
test_17120,0.9950341546
test_17121,0.9654714975
test_17122,0.9999974131
test_17123,0.0002662394
test_17124,0.0006088452
test_17125,0.9989854307
test_17126,0.9985898435
test_17127,0.0000715882
test_17128,0.6137737996
test_17129,0.9996755864
test_17130,0.9803536261
test_17131,0.0036401444
test_17132,0.3929291169
test_17133,0.0002426753
test_17134,0.0063000366
test_17135,0.0046766655
test_17136,0.9995729670
test_17137,0.9024021249
test_17138,0.9981314910
test_17139,0.0005249025
test_17140,0.0051275073
test_17141,0.4780636640
test_17142,0.9999068231
test_17143,0.9985037744
test_17144,0.7286913151
test_17145,0.0002928253
test_17146,0.9997722260
test_17147,0.9992474284
test_17148,0.0000253826
test_17149,0.0125414784
test_17150,0.7657966443
test_17151,0.9993315988
test_17152,0.1113400995
test_17153,0.0002818960
test_17154,0.0000177797
test_17155,0.0007178713
test_17156,0.0002969594
test_17157,0.8750700544
test_17158,0.2401359079
test_17159,0.0000579497
test_17160,0.8829651728
test_17161,0.9957191885
test_17162,0.0005531253
test_17163,0.9278193262
test_17164,0.9991290431
test_17165,0.9999770049
test_17166,0.0000547433
test_17167,0.0024048641
test_17168,0.9992631429
test_17169,0.8743437326
test_17170,0.0164457010
test_17171,0.0006313486
test_17172,0.5764291931
test_17173,0.9985751587
test_17174,0.9986848936
test_17175,0.2181329879
test_17176,0.0040068421
test_17177,0.9999831268
test_17178,0.9948604266
test_17179,0.9967119101
test_17180,0.9843727002
test_17181,0.9997781942
test_17182,0.4179581753
test_17183,0.9966514943
test_17184,0.0019824440
test_17185,0.9998756396
test_17186,0.9042894161
test_17187,0.9969662704
test_17188,0.0175997240
test_17189,0.0028711935
test_17190,0.0004856141
test_17191,0.3490407922
test_17192,0.0006384556
test_17193,0.0012299070
test_17194,0.8890035169
test_17195,0.0000282596
test_17196,0.0001843529
test_17197,0.0035624338
test_17198,0.0000218427
test_17199,0.0001260281
test_17200,0.9993923293
test_17201,0.0226615257
test_17202,0.0000636839
test_17203,0.9999975259
test_17204,0.9614770530
test_17205,0.0002038106
test_17206,0.9982566610
test_17207,0.0011500944
test_17208,0.9994630430
test_17209,0.1651717249
test_17210,0.0058812691
test_17211,0.0128177732
test_17212,0.9996680910
test_17213,0.1288968120
test_17214,0.9997370418
test_17215,0.9999062469
test_17216,0.0002012834
test_17217,0.0063016700
test_17218,0.0001865913
test_17219,0.0000408630
test_17220,0.0000423460
test_17221,0.0080258376
test_17222,0.9999165063
test_17223,0.0004047808
test_17224,0.0003127265
test_17225,0.0047876362
test_17226,0.0034256671
test_17227,0.9959990871
test_17228,0.9432189952
test_17229,0.9999851413
test_17230,0.9476469418
test_17231,0.9902282405
test_17232,0.0002168479
test_17233,0.0028692266
test_17234,0.0560552600
test_17235,0.9999586536
test_17236,0.1105171197
test_17237,0.9923617825
test_17238,0.0010390457
test_17239,0.9922399387
test_17240,0.0005516303
test_17241,0.0000563260
test_17242,0.9999764928
test_17243,0.0113429838
test_17244,0.9896728154
test_17245,0.0000416156
test_17246,0.0004049405
test_17247,0.0000897793
test_17248,0.0086539667
test_17249,0.8895135990
test_17250,0.0001445443
test_17251,0.9998659713
test_17252,0.9977406781
test_17253,0.1059251622
test_17254,0.0002949505
test_17255,0.9997033930
test_17256,0.0004315757
test_17257,0.0007928215
test_17258,0.3100386627
test_17259,0.9998592746
test_17260,0.0006874722
test_17261,0.9999398424
test_17262,0.0077866607
test_17263,0.8757749700
test_17264,0.9999680233
test_17265,0.9999380240
test_17266,0.0000954607
test_17267,0.0363912590
test_17268,0.0566234331
test_17269,0.0027964257
test_17270,0.9965071646
test_17271,0.0000172550
test_17272,0.8808411848
test_17273,0.9907922142
test_17274,0.4744222025
test_17275,0.0023157366
test_17276,0.9978548624
test_17277,0.9996309764
test_17278,0.0009080150
test_17279,0.0000661534
test_17280,0.6727218980
test_17281,0.0009531938
test_17282,0.5003060792
test_17283,0.0000193286
test_17284,0.9940659844
test_17285,0.9997001698
test_17286,0.9997390179
test_17287,0.0002370890
test_17288,0.9422350262
test_17289,0.3187301618
test_17290,0.0001719295
test_17291,0.9852172775
test_17292,0.9999886033
test_17293,0.0005816896
test_17294,0.8886400910
test_17295,0.1073753459
test_17296,0.9992225543
test_17297,0.9997184301
test_17298,0.0001863025
test_17299,0.9963173160
test_17300,0.0000463608
test_17301,0.9995348180
test_17302,0.0336356094
test_17303,0.0000839817
test_17304,0.0000328650
test_17305,0.9954250752
test_17306,0.6763384356
test_17307,0.9999254656
test_17308,0.9252943860
test_17309,0.0000070715
test_17310,0.9996543864
test_17311,0.0083700238
test_17312,0.9953855901
test_17313,0.9021718949
test_17314,0.9998022417
test_17315,0.7804776538
test_17316,0.0001422589
test_17317,0.8905980435
test_17318,0.9989724793
test_17319,0.9999879618
test_17320,0.9999047769
test_17321,0.9993421648
test_17322,0.0008787656
test_17323,0.9998819918
test_17324,0.0008430986
test_17325,0.0001737790
test_17326,0.9929766904
test_17327,0.0000449814
test_17328,0.6016794047
test_17329,0.0005463483
test_17330,0.0002344381
test_17331,0.6224003190
test_17332,0.9491850355
test_17333,0.9865847157
test_17334,0.0001989450
test_17335,0.9832396318
test_17336,0.6747961607
test_17337,0.0015547492
test_17338,0.9998239024
test_17339,0.0013658544
test_17340,0.0001167407
test_17341,0.0000275040
test_17342,0.0513308823
test_17343,0.0126061507
test_17344,0.9958517095
test_17345,0.9927340536
test_17346,0.9946303517
test_17347,0.0000727439
test_17348,0.9999335775
test_17349,0.0000885147
test_17350,0.0012172549
test_17351,0.9904068148
test_17352,0.9998904097
test_17353,0.9999471516
test_17354,0.9983644303
test_17355,0.0000914163
test_17356,0.0060216536
test_17357,0.6889072822
test_17358,0.0002190721
test_17359,0.9976103820
test_17360,0.9996541295
test_17361,0.9993502614
test_17362,0.0001190950
test_17363,0.0065452238
test_17364,0.0287019347
test_17365,0.0000626766
test_17366,0.0003094699
test_17367,0.9915966398
test_17368,0.0001673983
test_17369,0.9981745254
test_17370,0.9707036180
test_17371,0.9986371171
test_17372,0.8542911271
test_17373,0.0299947850
test_17374,0.9992536549
test_17375,0.0006166110
test_17376,0.9996228656
test_17377,0.0037909606
test_17378,0.0105066628
test_17379,0.9993103601
test_17380,0.9932472373
test_17381,0.0001317613
test_17382,0.9247059304
test_17383,0.6821198010
test_17384,0.1603573243
test_17385,0.0000369377
test_17386,0.0002839419
test_17387,0.9981102825
test_17388,0.0012153728
test_17389,0.0034577081
test_17390,0.2543663069
test_17391,0.0238495306
test_17392,0.0018606773
test_17393,0.4576112330
test_17394,0.0000429616
test_17395,0.0005818014
test_17396,0.9999655386
test_17397,0.0457671933
test_17398,0.5654342548
test_17399,0.7730721853
test_17400,0.0001107969
test_17401,0.9999494902
test_17402,0.9999746982
test_17403,0.9103204955
test_17404,0.9954662756
test_17405,0.9870903071
test_17406,0.0007906250
test_17407,0.9995000042
test_17408,0.0020575917
test_17409,0.9768766986
test_17410,0.8473320073
test_17411,0.9984782006
test_17412,0.0089751167
test_17413,0.9992107104
test_17414,0.1248656022
test_17415,0.0019420029
test_17416,0.9944557726
test_17417,0.9998438039
test_17418,0.2522704328
test_17419,0.0033030029
test_17420,0.9997147255
test_17421,0.8622078235
test_17422,0.8665455156
test_17423,0.9994076116
test_17424,0.7725790022
test_17425,0.0919038319
test_17426,0.9997045228
test_17427,0.9999301919
test_17428,0.0038597402
test_17429,0.0271531374
test_17430,0.9998403167
test_17431,0.0000664532
test_17432,0.0468817967
test_17433,0.0009613156
test_17434,0.7866368627
test_17435,0.9727040045
test_17436,0.0000628099
test_17437,0.6389192818
test_17438,0.9998733348
test_17439,0.0011620464
test_17440,0.0015984287
test_17441,0.9995074985
test_17442,0.0000617259
test_17443,0.9999272425
test_17444,0.0035024038
test_17445,0.0000697807
test_17446,0.8818412670
test_17447,0.0882430063
test_17448,0.9978870346
test_17449,0.9993132155
test_17450,0.9552300472
test_17451,0.0328275361
test_17452,0.0001762733
test_17453,0.9998902808
test_17454,0.9365590155
test_17455,0.0033785727
test_17456,0.0056023007
test_17457,0.9979772360
test_17458,0.2240936136
test_17459,0.0619389621
test_17460,0.0014237644
test_17461,0.9869960353
test_17462,0.0005674288
test_17463,0.0012841405
test_17464,0.0000494118
test_17465,0.0000653102
test_17466,0.2308574078
test_17467,0.6208898989
test_17468,0.9999664923
test_17469,0.0003868978
test_17470,0.0426380096
test_17471,0.9833853851
test_17472,0.9902388730
test_17473,0.9999643562
test_17474,0.9996533758
test_17475,0.0028797235
test_17476,0.9972564861
test_17477,0.0017872543
test_17478,0.0011447101
test_17479,0.0000600456
test_17480,0.9987459432
test_17481,0.7118748352
test_17482,0.9996929178
test_17483,0.0000433477
test_17484,0.0000176862
test_17485,0.9994405234
test_17486,0.1280849897
test_17487,0.6158088986
test_17488,0.0004332312
test_17489,0.9998727499
test_17490,0.0340240709
test_17491,0.9731953311
test_17492,0.0000129381
test_17493,0.9996101115
test_17494,0.4221762778
test_17495,0.0187180487
test_17496,0.3193512992
test_17497,0.0005911701
test_17498,0.0262019444
test_17499,0.9999787358
test_17500,0.0000034802
test_17501,0.8932641633
test_17502,0.0002565156
test_17503,0.9999946177
test_17504,0.0000550748
test_17505,0.4527337037
test_17506,0.0002184752
test_17507,0.9995564765
test_17508,0.9999242012
test_17509,0.9987875933
test_17510,0.0000808934
test_17511,0.9955649344
test_17512,0.1308070266
test_17513,0.9933090480
test_17514,0.9981331191
test_17515,0.9991870955
test_17516,0.0001783109
test_17517,0.8474537431
test_17518,0.0010548701
test_17519,0.0003126894
test_17520,0.1922671453
test_17521,0.9995529622
test_17522,0.9836709673
test_17523,0.0004105006
test_17524,0.9984150154
test_17525,0.8344811848
test_17526,0.9995563036
test_17527,0.0017839563
test_17528,0.9973220987
test_17529,0.0059419498
test_17530,0.9680085504
test_17531,0.0011744025
test_17532,0.0104568052
test_17533,0.9999933432
test_17534,0.9979869735
test_17535,0.9998956703
test_17536,0.9842692866
test_17537,0.4979783217
test_17538,0.9998697754
test_17539,0.0001125006
test_17540,0.1988171631
test_17541,0.9997566315
test_17542,0.9998207398
test_17543,0.9978419258
test_17544,0.0000430188
test_17545,0.9999212575
test_17546,0.9988431760
test_17547,0.0013851910
test_17548,0.8425970498
test_17549,0.0002853370
test_17550,0.9781097441
test_17551,0.0000520355
test_17552,0.9998538205
test_17553,0.0079106244
test_17554,0.8634966187
test_17555,0.0000989900
test_17556,0.0000122935
test_17557,0.9971597815
test_17558,0.9990601684
test_17559,0.9999668182
test_17560,0.0006542142
test_17561,0.0563761123
test_17562,0.0003674605
test_17563,0.6812892197
test_17564,0.0257890936
test_17565,0.0000395549
test_17566,0.0014874991
test_17567,0.9994856427
test_17568,0.9832671606
test_17569,0.0013597423
test_17570,0.2878816661
test_17571,0.0070902491
test_17572,0.9971769944
test_17573,0.9791357675
test_17574,0.0006291599
test_17575,0.0002565393
test_17576,0.6820276485
test_17577,0.9959448204
test_17578,0.0000240956
test_17579,0.3469735786
test_17580,0.0276802715
test_17581,0.0148245760
test_17582,0.9994941489
test_17583,0.4991014942
test_17584,0.9742786967
test_17585,0.9998610077
test_17586,0.0000925750
test_17587,0.0000477257
test_17588,0.0086534958
test_17589,0.9903085341
test_17590,0.0007068249
test_17591,0.9946699585
test_17592,0.2245165389
test_17593,0.9991390256
test_17594,0.0001026565
test_17595,0.9985642871
test_17596,0.9998720402
test_17597,0.9967293207
test_17598,0.4757793481
test_17599,0.9998296576
test_17600,0.5490938854
test_17601,0.4411977255
test_17602,0.9805256642
test_17603,0.2329224465
test_17604,0.0002138898
test_17605,0.0001131589
test_17606,0.0001094253
test_17607,0.0006644625
test_17608,0.0000166149
test_17609,0.9998967604
test_17610,0.9933353715
test_17611,0.9985418531
test_17612,0.0975007148
test_17613,0.2957086619
test_17614,0.9992613169
test_17615,0.0005281994
test_17616,0.9998060828
test_17617,0.0013762143
test_17618,0.0002136405
test_17619,0.9836501597
test_17620,0.6130371983
test_17621,0.0584913121
test_17622,0.0005083407
test_17623,0.9624912285
test_17624,0.9992406850
test_17625,0.9998252884
test_17626,0.0003370968
test_17627,0.0000987622
test_17628,0.9786845360
test_17629,0.9651166324
test_17630,0.9996081870
test_17631,0.9983129924
test_17632,0.0008535147
test_17633,0.9999692563
test_17634,0.0000373560
test_17635,0.9682531826
test_17636,0.0007878028
test_17637,0.0121187157
test_17638,0.9903179199
test_17639,0.7147442704
test_17640,0.9997940022
test_17641,0.0034335009
test_17642,0.9985782567
test_17643,0.0000557709
test_17644,0.9854827587
test_17645,0.9968115963
test_17646,0.7780687277
test_17647,0.0000064454
test_17648,0.8313932819
test_17649,0.0023327002
test_17650,0.0012321214
test_17651,0.8822909338
test_17652,0.0060895385
test_17653,0.0043187491
test_17654,0.0000895305
test_17655,0.0000186300
test_17656,0.9999293441
test_17657,0.9498080746
test_17658,0.0102620657
test_17659,0.0070975376
test_17660,0.9996414939
test_17661,0.9976390231
test_17662,0.5215988545
test_17663,0.9998861906
test_17664,0.0000220027
test_17665,0.0005490456
test_17666,0.0024772431
test_17667,0.9997882419
test_17668,0.0016678455
test_17669,0.5038871808
test_17670,0.0003123252
test_17671,0.0000861713
test_17672,0.9999944679
test_17673,0.0005907606
test_17674,0.0001105026
test_17675,0.9997176128
test_17676,0.9996707995
test_17677,0.9998154854
test_17678,0.0009667997
test_17679,0.9992689625
test_17680,0.0001204928
test_17681,0.3620202793
test_17682,0.9704234984
test_17683,0.9990030795
test_17684,0.9999847687
test_17685,0.9963868353
test_17686,0.0655912412
test_17687,0.0086004013
test_17688,0.0000585110
test_17689,0.9486939968
test_17690,0.0016097050
test_17691,0.0108275058
test_17692,0.8634784631
test_17693,0.9950321916
test_17694,0.9955579289
test_17695,0.9999362355
test_17696,0.9954442508
test_17697,0.9996037501
test_17698,0.0010498398
test_17699,0.0013623352
test_17700,0.0001920974
test_17701,0.9991255637
test_17702,0.0038134313
test_17703,0.0012669200
test_17704,0.0000217055
test_17705,0.0002366908
test_17706,0.7902577833
test_17707,0.0007955198
test_17708,0.9995354799
test_17709,0.0006087220
test_17710,0.9004155923
test_17711,0.0060222213
test_17712,0.0006534487
test_17713,0.0464075515
test_17714,0.0000543813
test_17715,0.0114053216
test_17716,0.0014873170
test_17717,0.9999450992
test_17718,0.0010901438
test_17719,0.1128370451
test_17720,0.4980699396
test_17721,0.2167426915
test_17722,0.0202169213
test_17723,0.9754135645
test_17724,0.9922151364
test_17725,0.0007696330
test_17726,0.9208533181
test_17727,0.9998967053
test_17728,0.9939461751
test_17729,0.7076771104
test_17730,0.9998522862
test_17731,0.1418274273
test_17732,0.9905662149
test_17733,0.9999287885
test_17734,0.0000038650
test_17735,0.9624318222
test_17736,0.9991700048
test_17737,0.0006647285
test_17738,0.9275896228
test_17739,0.8754946946
test_17740,0.0002346732
test_17741,0.9958720362
test_17742,0.0001449736
test_17743,0.9991450353
test_17744,0.9972785607
test_17745,0.0003214180
test_17746,0.0004032127
test_17747,0.0001160377
test_17748,0.9286876594
test_17749,0.9927385388
test_17750,0.0000859450
test_17751,0.0006071383
test_17752,0.0001178444
test_17753,0.9711482348
test_17754,0.0006658027
test_17755,0.9987603184
test_17756,0.0052998210
test_17757,0.9999745603
test_17758,0.0004947353
test_17759,0.9997953973
test_17760,0.0404364844
test_17761,0.1241849624
test_17762,0.0011193066
test_17763,0.0001186007
test_17764,0.0001528341
test_17765,0.9997413167
test_17766,0.0003840780
test_17767,0.0029996903
test_17768,0.9993730481
test_17769,0.0020528808
test_17770,0.9930328428
test_17771,0.8254876043
test_17772,0.9983886426
test_17773,0.0107516264
test_17774,0.0000179489
test_17775,0.0031821118
test_17776,0.9999069740
test_17777,0.0105040155
test_17778,0.0024161965
test_17779,0.0000135751
test_17780,0.9991140116
test_17781,0.0003227650
test_17782,0.9998015989
test_17783,0.0000720203
test_17784,0.9989074593
test_17785,0.9995776925
test_17786,0.9823193710
test_17787,0.5827930020
test_17788,0.9988914212
test_17789,0.0742146104
test_17790,0.0003920249
test_17791,0.9996346042
test_17792,0.0004584037
test_17793,0.1387650361
test_17794,0.0022111852
test_17795,0.0001704793
test_17796,0.0009300919
test_17797,0.9893302976
test_17798,0.0036639923
test_17799,0.4692821885
test_17800,0.9993685228
test_17801,0.0024438975
test_17802,0.0733176526
test_17803,0.0001162536
test_17804,0.9999280234
test_17805,0.9381938404
test_17806,0.9998779094
test_17807,0.0000447587
test_17808,0.0623046696
test_17809,0.0199150027
test_17810,0.0151898184
test_17811,0.0144355116
test_17812,0.0000242815
test_17813,0.0683666377
test_17814,0.8875357376
test_17815,0.9864488026
test_17816,0.9997623470
test_17817,0.0083578672
test_17818,0.3452180571
test_17819,0.9998336693
test_17820,0.0006647747
test_17821,0.9999119768
test_17822,0.0003619993
test_17823,0.0002009240
test_17824,0.9955641778
test_17825,0.0000820730
test_17826,0.8354851789
test_17827,0.2234489383
test_17828,0.9994967594
test_17829,0.8254310069
test_17830,0.9996112112
test_17831,0.0002720616
test_17832,0.0002348103
test_17833,0.9992253812
test_17834,0.0176027886
test_17835,0.9998164712
test_17836,0.6729635764
test_17837,0.6615182115
test_17838,0.9962381449
test_17839,0.9737303004
test_17840,0.5300651265
test_17841,0.8902140663
test_17842,0.9985590725
test_17843,0.0002726769
test_17844,0.2064557527
test_17845,0.2849838446
test_17846,0.0001431830
test_17847,0.9999949630
test_17848,0.9679267093
test_17849,0.0000715324
test_17850,0.0018958160
test_17851,0.5740545733
test_17852,0.9997366427
test_17853,0.9999720477
test_17854,0.0000039644
test_17855,0.0002716827
test_17856,0.9998794779
test_17857,0.0001818313
test_17858,0.9988774662
test_17859,0.9952851962
test_17860,0.0000513651
test_17861,0.9991659292
test_17862,0.9997955246
test_17863,0.0001540075
test_17864,0.0485278199
test_17865,0.9956757404
test_17866,0.0029975191
test_17867,0.7964554947
test_17868,0.0140507145
test_17869,0.0001304163
test_17870,0.9998725559
test_17871,0.6102049846
test_17872,0.0005728350
test_17873,0.9999072545
test_17874,0.0001840455
test_17875,0.6819513531
test_17876,0.0002086063
test_17877,0.0001429142
test_17878,0.0105829490
test_17879,0.9997160185
test_17880,0.0001589406
test_17881,0.6735929087
test_17882,0.0037938189
test_17883,0.9551526292
test_17884,0.9997769589
test_17885,0.9995475008
test_17886,0.0000180617
test_17887,0.9992412907
test_17888,0.0037551841
test_17889,0.9997658954
test_17890,0.9997292798
test_17891,0.9982080051
test_17892,0.9998229794
test_17893,0.9992514032
test_17894,0.9987341318
test_17895,0.3956259883
test_17896,0.9793061129
test_17897,0.0001436860
test_17898,0.9978943009
test_17899,0.0028121091
test_17900,0.8631056145
test_17901,0.0003216245
test_17902,0.4952985970
test_17903,0.9998308545
test_17904,0.9956728032
test_17905,0.0270017439
test_17906,0.9999612885
test_17907,0.1319186864
test_17908,0.7850011593
test_17909,0.7168882430
test_17910,0.0002104073
test_17911,0.0012665869
test_17912,0.9998432355
test_17913,0.9901059141
test_17914,0.0613910175
test_17915,0.9911720776
test_17916,0.0000015987
test_17917,0.0006133213
test_17918,0.0228905580
test_17919,0.0002132412
test_17920,0.0022321920
test_17921,0.9833029929
test_17922,0.7106931963
test_17923,0.9792229240
test_17924,0.0002594250
test_17925,0.0042799477
test_17926,0.0052283551
test_17927,0.0917709100
test_17928,0.9999939853
test_17929,0.1644703649
test_17930,0.9999924306
test_17931,0.9785037948
test_17932,0.0047170012
test_17933,0.9997524866
test_17934,0.0002055386
test_17935,0.0441260492
test_17936,0.9999770035
test_17937,0.0064940935
test_17938,0.0000412969
test_17939,0.9997226299
test_17940,0.9999702702
test_17941,0.2217203944
test_17942,0.9998971248
test_17943,0.9996185598
test_17944,0.9999498228
test_17945,0.0007254391
test_17946,0.5488402910
test_17947,0.0274280352
test_17948,0.0398989265
test_17949,0.3536335841
test_17950,0.9983033197
test_17951,0.2028033386
test_17952,0.0159759416
test_17953,0.9475738265
test_17954,0.0013354301
test_17955,0.0006638928
test_17956,0.9982541299
test_17957,0.0001296108
test_17958,0.0000484156
test_17959,0.0002893673
test_17960,0.0000065120
test_17961,0.0357242049
test_17962,0.0000709442
test_17963,0.9994820956
test_17964,0.9987072899
test_17965,0.9994556913
test_17966,0.9983422865
test_17967,0.5710002117
test_17968,0.0051176966
test_17969,0.1489767469
test_17970,0.0000752776
test_17971,0.9997329827
test_17972,0.0100211670
test_17973,0.9982516313
test_17974,0.0960645664
test_17975,0.0000083366
test_17976,0.9995345650
test_17977,0.0007052105
test_17978,0.9996089437
test_17979,0.9941173996
test_17980,0.0698001718
test_17981,0.7492859036
test_17982,0.9999737612
test_17983,0.6641191828
test_17984,0.0000783256
test_17985,0.0271310623
test_17986,0.0010833815
test_17987,0.8887610833
test_17988,0.9939795118
test_17989,0.9969014397
test_17990,0.0006887475
test_17991,0.9996979444
test_17992,0.9996727312
test_17993,0.0043841688
test_17994,0.0417202089
test_17995,0.0064190998
test_17996,0.9998657694
test_17997,0.0000541186
test_17998,0.0115853853
test_17999,0.8925294842
test_18000,0.6644378899
test_18001,0.0004607316
test_18002,0.9993372221
test_18003,0.9861192917
test_18004,0.0011019525
test_18005,0.9985512609
test_18006,0.8844210752
test_18007,0.9536212253
test_18008,0.9995133838
test_18009,0.9682055753
test_18010,0.0004534888
test_18011,0.9956432610
test_18012,0.0000373497
test_18013,0.7091017370
test_18014,0.0001361264
test_18015,0.0020919465
test_18016,0.3057604877
test_18017,0.0269804281
test_18018,0.0005393170
test_18019,0.0075958429
test_18020,0.0046132734
test_18021,0.9109394501
test_18022,0.9992064412
test_18023,0.9986171899
test_18024,0.3144775455
test_18025,0.0331774667
test_18026,0.9106330156
test_18027,0.0010660062
test_18028,0.9922188155
test_18029,0.0061406875
test_18030,0.9988923797
test_18031,0.9956441654
test_18032,0.0000447564
test_18033,0.9976842091
test_18034,0.9999232191
test_18035,0.1448589577
test_18036,0.9992044488
test_18037,0.1214403414
test_18038,0.7508205296
test_18039,0.9988516142
test_18040,0.9998580681
test_18041,0.9989261424
test_18042,0.9971456453
test_18043,0.0024286403
test_18044,0.9996136394
test_18045,0.0000430285
test_18046,0.9945388846
test_18047,0.0011304807
test_18048,0.0474071011
test_18049,0.9999910028
test_18050,0.9943558248
test_18051,0.0009475538
test_18052,0.0007197951
test_18053,0.0001420107
test_18054,0.0002517349
test_18055,0.9631034592
test_18056,0.0002756274
test_18057,0.0466106784
test_18058,0.9998663263
test_18059,0.7112673353
test_18060,0.9970404745
test_18061,0.9824082563
test_18062,0.9999902711
test_18063,0.0130420919
test_18064,0.9991719501
test_18065,0.9990178317
test_18066,0.0002026529
test_18067,0.9931111549
test_18068,0.9922644933
test_18069,0.9944800280
test_18070,0.9999464746
test_18071,0.0000967179
test_18072,0.9742833961
test_18073,0.5341085007
test_18074,0.0733730671
test_18075,0.9998111309
test_18076,0.7980343304
test_18077,0.0010795287
test_18078,0.9997000885
test_18079,0.9962315680
test_18080,0.9999757051
test_18081,0.9998962589
test_18082,0.9985080084
test_18083,0.9997411893
test_18084,0.9988960121
test_18085,0.0268572820
test_18086,0.9999988741
test_18087,0.0005369691
test_18088,0.9992231117
test_18089,0.0003207403
test_18090,0.0142022814
test_18091,0.9624297131
test_18092,0.9995385313
test_18093,0.5010523995
test_18094,0.0197954928
test_18095,0.9828005075
test_18096,0.9915693383
test_18097,0.9998760703
test_18098,0.9975671853
test_18099,0.9998690169
test_18100,0.0011701041
test_18101,0.0285953618
test_18102,0.9998450458
test_18103,0.0897288482
test_18104,0.9865243812
test_18105,0.9996751657
test_18106,0.6509709837
test_18107,0.1202307865
test_18108,0.0027331930
test_18109,0.0042154244
test_18110,0.8204265377
test_18111,0.3587276710
test_18112,0.4873200663
test_18113,0.2261371685
test_18114,0.9980490513
test_18115,0.9999556699
test_18116,0.9990804553
test_18117,0.0024547443
test_18118,0.0000479192
test_18119,0.0003388306
test_18120,0.3311468127
test_18121,0.9596261653
test_18122,0.0002754541
test_18123,0.8069045835
test_18124,0.0009790500
test_18125,0.9965868646
test_18126,0.9777505558
test_18127,0.0001349077
test_18128,0.0001365372
test_18129,0.0001275508
test_18130,0.0000210840
test_18131,0.7302398930
test_18132,0.0009855930
test_18133,0.0001664300
test_18134,0.0015145956
test_18135,0.3030214078
test_18136,0.0020613360
test_18137,0.0007562457
test_18138,0.4138126431
test_18139,0.0000896651
test_18140,0.0000085219
test_18141,0.0002372550
test_18142,0.0000261844
test_18143,0.9881194130
test_18144,0.0002722066
test_18145,0.9949358090
test_18146,0.9989939307
test_18147,0.0000688333
test_18148,0.2816011288
test_18149,0.9999714533
test_18150,0.9995661856
test_18151,0.8503526957
test_18152,0.5259039161
test_18153,0.0005718564
test_18154,0.9971000183
test_18155,0.9950728337
test_18156,0.0004852642
test_18157,0.3042406961
test_18158,0.5359368483
test_18159,0.8743454746
test_18160,0.9991477343
test_18161,0.9313602011
test_18162,0.4562186381
test_18163,0.0009747023
test_18164,0.9999766674
test_18165,0.1417297593
test_18166,0.0029620997
test_18167,0.9999361565
test_18168,0.9999643640
test_18169,0.9963913857
test_18170,0.9974509101
test_18171,0.4428308811
test_18172,0.1417690612
test_18173,0.9997009943
test_18174,0.9996690904
test_18175,0.1238796022
test_18176,0.9999735671
test_18177,0.9983250361
test_18178,0.9966859599
test_18179,0.9838268583
test_18180,0.0007879608
test_18181,0.9962550904
test_18182,0.9995377865
test_18183,0.9997070486
test_18184,0.9881811097
test_18185,0.9999410947
test_18186,0.0089713396
test_18187,0.0000561321
test_18188,0.0032227793
test_18189,0.0365588206
test_18190,0.9999283152
test_18191,0.9997585706
test_18192,0.9999736120
test_18193,0.5520842822
test_18194,0.0023299817
test_18195,0.9956905885
test_18196,0.9996570528
test_18197,0.9684244731
test_18198,0.3117924815
test_18199,0.4136659905
test_18200,0.0021990659
test_18201,0.8674317116
test_18202,0.9984162085
test_18203,0.9834148078
test_18204,0.9998692899
test_18205,0.9965785669
test_18206,0.0004524083
test_18207,0.9996219013
test_18208,0.0120166501
test_18209,0.9994979268
test_18210,0.9875588430
test_18211,0.0000791942
test_18212,0.0002644079
test_18213,0.0123185839
test_18214,0.0044601560
test_18215,0.9582383624
test_18216,0.0000976021
test_18217,0.0001403851
test_18218,0.9998202312
test_18219,0.2067903611
test_18220,0.9991992839
test_18221,0.0002563532
test_18222,0.0002249162
test_18223,0.0000733229
test_18224,0.9959987119
test_18225,0.9636941405
test_18226,0.9993938865
test_18227,0.5995815250
test_18228,0.9998056455
test_18229,0.0008532984
test_18230,0.9994862968
test_18231,0.9942490112
test_18232,0.0053297921
test_18233,0.9895931084
test_18234,0.1118152945
test_18235,0.9967759325
test_18236,0.0019014947
test_18237,0.0001823040
test_18238,0.9947475377
test_18239,0.9939679395
test_18240,0.0444342094
test_18241,0.7329416121
test_18242,0.0047710656
test_18243,0.0001022638
test_18244,0.9990622423
test_18245,0.9912560513
test_18246,0.9994865558
test_18247,0.0093152782
test_18248,0.9310866412
test_18249,0.0226091326
test_18250,0.0453133113
test_18251,0.0016633115
test_18252,0.9995148986
test_18253,0.9780201019
test_18254,0.0000241065
test_18255,0.0000065402
test_18256,0.0001454912
test_18257,0.0000198742
test_18258,0.9939732514
test_18259,0.0395824901
test_18260,0.9981863329
test_18261,0.9999037624
test_18262,0.0037289995
test_18263,0.9995845610
test_18264,0.0000324854
test_18265,0.0003672087
test_18266,0.0000410107
test_18267,0.9965254725
test_18268,0.9995053273
test_18269,0.0001075569
test_18270,0.9999671660
test_18271,0.0002884904
test_18272,0.0004327007
test_18273,0.0028833028
test_18274,0.0013993022
test_18275,0.0006751385
test_18276,0.0070213315
test_18277,0.0001214666
test_18278,0.0000016821
test_18279,0.3068773929
test_18280,0.9998418121
test_18281,0.0002159809
test_18282,0.8064533983
test_18283,0.0276437226
test_18284,0.3344150388
test_18285,0.9998458405
test_18286,0.1224976988
test_18287,0.0003228665
test_18288,0.0373434334
test_18289,0.9918850147
test_18290,0.9999337007
test_18291,0.0005455858
test_18292,0.0234631722
test_18293,0.6992641674
test_18294,0.9921909843
test_18295,0.9803767680
test_18296,0.0007311517
test_18297,0.0002975351
test_18298,0.8347928772
test_18299,0.0005384218
test_18300,0.3618171169
test_18301,0.0020452330
test_18302,0.0006921444
test_18303,0.0008234312
test_18304,0.0001000670
test_18305,0.9877013254
test_18306,0.0006846524
test_18307,0.0001160591
test_18308,0.0010528821
test_18309,0.9994509947
test_18310,0.9996789464
test_18311,0.0010687886
test_18312,0.0006654324
test_18313,0.9997263985
test_18314,0.1246231533
test_18315,0.0004059862
test_18316,0.9708582720
test_18317,0.0415599870
test_18318,0.9999124983
test_18319,0.0042648543
test_18320,0.1504445946
test_18321,0.0006954111
test_18322,0.9983020935
test_18323,0.9930910638
test_18324,0.9986352327
test_18325,0.8355813877
test_18326,0.9973669086
test_18327,0.0016071903
test_18328,0.0047728039
test_18329,0.9992526461
test_18330,0.0096443443
test_18331,0.9998672614
test_18332,0.0013567296
test_18333,0.0008364125
test_18334,0.9999467495
test_18335,0.0009867643
test_18336,0.0007293667
test_18337,0.9999983998
test_18338,0.9773020975
test_18339,0.0000510812
test_18340,0.9956781849
test_18341,0.0095957327
test_18342,0.0002425851
test_18343,0.9998320748
test_18344,0.9998661003
test_18345,0.0002249542
test_18346,0.0005402586
test_18347,0.9931037457
test_18348,0.0007521903
test_18349,0.4367166741
test_18350,0.9906013860
test_18351,0.0036183796
test_18352,0.0162314422
test_18353,0.0503308133
test_18354,0.3267115834
test_18355,0.9983243120
test_18356,0.0030097177
test_18357,0.9996239304
test_18358,0.0002520081
test_18359,0.0012007435
test_18360,0.9998464404
test_18361,0.9993854448
test_18362,0.0343387347
test_18363,0.9998565567
test_18364,0.0061575267
test_18365,0.7715842947
test_18366,0.9999814675
test_18367,0.0002536086
test_18368,0.9999030397
test_18369,0.9999092173
test_18370,0.9996932641
test_18371,0.0195797321
test_18372,0.9929287759
test_18373,0.0014890247
test_18374,0.9921462282
test_18375,0.9998443405
test_18376,0.0004369025
test_18377,0.9994249072
test_18378,0.3871908282
test_18379,0.9989808035
test_18380,0.0033219782
test_18381,0.9965976535
test_18382,0.6410303185
test_18383,0.9987492514
test_18384,0.2772932855
test_18385,0.9998294891
test_18386,0.9961849749
test_18387,0.0002831914
test_18388,0.9997555182
test_18389,0.9856053936
test_18390,0.9999366910
test_18391,0.0003262785
test_18392,0.9804089810
test_18393,0.2217315522
test_18394,0.0000148751
test_18395,0.0000746582
test_18396,0.0155816003
test_18397,0.9998578893
test_18398,0.9940452136
test_18399,0.9648136284
test_18400,0.0000780460
test_18401,0.9979183981
test_18402,0.9976240017
test_18403,0.9996094534
test_18404,0.7591206600
test_18405,0.0000222351
test_18406,0.9084352512
test_18407,0.9028841423
test_18408,0.9979079504
test_18409,0.0113185724
test_18410,0.9999246806
test_18411,0.9953549251
test_18412,0.9996385032
test_18413,0.9985820463
test_18414,0.0000399490
test_18415,0.0232141325
test_18416,0.9997747354
test_18417,0.0010828513
test_18418,0.9968295559
test_18419,0.9998611396
test_18420,0.5113716677
test_18421,0.5405670390
test_18422,0.9980005440
test_18423,0.9978914665
test_18424,0.9999881960
test_18425,0.0000987402
test_18426,0.9995928233
test_18427,0.9564643269
test_18428,0.0024333809
test_18429,0.0002574574
test_18430,0.9998742939
test_18431,0.9971940835
test_18432,0.0073758710
test_18433,0.9947258937
test_18434,0.9960407875
test_18435,0.9999617271
test_18436,0.9994086958
test_18437,0.4902142850
test_18438,0.0057076690
test_18439,0.9999853355
test_18440,0.1320946858
test_18441,0.8654398393
test_18442,0.9999662228
test_18443,0.0522765676
test_18444,0.0002288326
test_18445,0.9999316597
test_18446,0.9066255595
test_18447,0.0040100371
test_18448,0.0003134866
test_18449,0.0039135155
test_18450,0.5121641849
test_18451,0.0003139906
test_18452,0.0327821979
test_18453,0.9997627829
test_18454,0.0002861636
test_18455,0.9998081053
test_18456,0.9980383628
test_18457,0.0002363438
test_18458,0.9999610692
test_18459,0.9868812532
test_18460,0.9977861458
test_18461,0.9998652805
test_18462,0.9979600013
test_18463,0.9998357183
test_18464,0.9382328096
test_18465,0.0001495144
test_18466,0.9993079081
test_18467,0.1751209128
test_18468,0.0004499229
test_18469,0.0001459226
test_18470,0.9280964699
test_18471,0.9998087199
test_18472,0.0450673666
test_18473,0.9999133630
test_18474,0.0611534901
test_18475,0.0014673588
test_18476,0.9988844558
test_18477,0.0000764635
test_18478,0.0004617301
test_18479,0.9998979398
test_18480,0.8664598029
test_18481,0.4067847336
test_18482,0.1888303408
test_18483,0.9995790261
test_18484,0.4703224628
test_18485,0.8038412064
test_18486,0.1803889114
test_18487,0.2911749840
test_18488,0.9444730881
test_18489,0.0006311970
test_18490,0.9995173079
test_18491,0.0259054876
test_18492,0.0004124708
test_18493,0.6806363806
test_18494,0.0000240786
test_18495,0.9971605419
test_18496,0.9143049320
test_18497,0.8717784386
test_18498,0.9998905241
test_18499,0.0038162531
test_18500,0.1371806616
test_18501,0.9999877585
test_18502,0.9982958389
test_18503,0.0001731600
test_18504,0.9626589950
test_18505,0.0004271017
test_18506,0.9997628080
test_18507,0.9999038619
test_18508,0.0024709613
test_18509,0.9996695876
test_18510,0.8604499102
test_18511,0.0247522735
test_18512,0.9942559704
test_18513,0.0006081858
test_18514,0.7341338437
test_18515,0.0075272294
test_18516,0.9891228040
test_18517,0.9946051772
test_18518,0.0548892037
test_18519,0.9999903079
test_18520,0.0087509041
test_18521,0.0202897020
test_18522,0.0000130149
test_18523,0.4815503503
test_18524,0.2593141233
test_18525,0.0097515874
test_18526,0.4378787178
test_18527,0.0000524394
test_18528,0.0582046582
test_18529,0.9999635152
test_18530,0.9980280809
test_18531,0.9999509525
test_18532,0.0001594494
test_18533,0.9987457245
test_18534,0.0000260230
test_18535,0.0005583327
test_18536,0.9991432626
test_18537,0.9989079162
test_18538,0.9989838002
test_18539,0.0004450510
test_18540,0.2599264703
test_18541,0.8273413763
test_18542,0.0027654477
test_18543,0.9994568191
test_18544,0.4289177427
test_18545,0.9999691101
test_18546,0.9995985664
test_18547,0.9984995737
test_18548,0.9997981511
test_18549,0.9909323168
test_18550,0.9991675821
test_18551,0.9997579395
test_18552,0.0000574109
test_18553,0.0000076779
test_18554,0.9999864510
test_18555,0.9997412892
test_18556,0.9997111325
test_18557,0.0172441660
test_18558,0.9508524816
test_18559,0.9999632736
test_18560,0.0011082130
test_18561,0.1850150365
test_18562,0.9997724434
test_18563,0.9998386805
test_18564,0.0001150575
test_18565,0.9990980985
test_18566,0.0339031381
test_18567,0.9986528577
test_18568,0.9532222921
test_18569,0.9944163169
test_18570,0.0049884526
test_18571,0.0007164197
test_18572,0.0014433364
test_18573,0.9995442992
test_18574,0.9880365120
test_18575,0.0000181486
test_18576,0.0010823325
test_18577,0.0000725436
test_18578,0.9992143684
test_18579,0.9890078282
test_18580,0.0010112603
test_18581,0.0002793916
test_18582,0.9998066451
test_18583,0.0007307967
test_18584,0.0001325730
test_18585,0.1706654517
test_18586,0.9980677704
test_18587,0.9110646162
test_18588,0.9321807945
test_18589,0.0018656172
test_18590,0.9998348775
test_18591,0.0000074375
test_18592,0.0001007175
test_18593,0.0003746011
test_18594,0.0006448970
test_18595,0.9984796501
test_18596,0.9998794704
test_18597,0.9999757174
test_18598,0.9988469251
test_18599,0.9030718237
test_18600,0.9843122558
test_18601,0.9942663838
test_18602,0.9998698374
test_18603,0.9968826790
test_18604,0.0648202653
test_18605,0.1976617408
test_18606,0.9988209553
test_18607,0.7946345048
test_18608,0.0015431967
test_18609,0.0157006271
test_18610,0.1516006693
test_18611,0.9937991236
test_18612,0.9995783230
test_18613,0.4049678811
test_18614,0.0000384485
test_18615,0.9990952032
test_18616,0.0002022114
test_18617,0.9992626431
test_18618,0.0907352537
test_18619,0.9265163846
test_18620,0.9991228913
test_18621,0.7280153608
test_18622,0.0000534724
test_18623,0.9992479014
test_18624,0.0036744570
test_18625,0.9998356155
test_18626,0.0003622976
test_18627,0.9839213868
test_18628,0.0002908003
test_18629,0.0089424543
test_18630,0.9990624282
test_18631,0.0000655216
test_18632,0.2749369543
test_18633,0.0004717289
test_18634,0.9983991368
test_18635,0.9980842527
test_18636,0.0003043150
test_18637,0.9746607542
test_18638,0.0001335827
test_18639,0.9999932029
test_18640,0.9964116285
test_18641,0.5146412870
test_18642,0.0069975769
test_18643,0.0002022840
test_18644,0.0013442205
test_18645,0.0006791200
test_18646,0.9543505258
test_18647,0.0094640532
test_18648,0.9629583063
test_18649,0.0015624605
test_18650,0.0057764931
test_18651,0.9520866291
test_18652,0.0267015820
test_18653,0.0006128340
test_18654,0.0016471294
test_18655,0.6950201900
test_18656,0.0075822526
test_18657,0.0004126669
test_18658,0.0006514867
test_18659,0.7110377961
test_18660,0.9990860758
test_18661,0.0002302052
test_18662,0.0064423662
test_18663,0.8533148664
test_18664,0.9999866322
test_18665,0.0011747254
test_18666,0.0600728090
test_18667,0.9827454018
test_18668,0.9997136682
test_18669,0.9998085845
test_18670,0.0004006360
test_18671,0.0002906079
test_18672,0.0291881176
test_18673,0.9998206243
test_18674,0.0024214140
test_18675,0.0038724148
test_18676,0.9958006960
test_18677,0.0033847183
test_18678,0.0000926274
test_18679,0.9996399710
test_18680,0.9965442432
test_18681,0.9925599679
test_18682,0.9994638110
test_18683,0.9999626292
test_18684,0.9995792594
test_18685,0.6979158691
test_18686,0.9243697239
test_18687,0.9996585735
test_18688,0.3860996391
test_18689,0.9477662671
test_18690,0.9997466569
test_18691,0.9999938687
test_18692,0.0012139641
test_18693,0.9998428555
test_18694,0.0030429099
test_18695,0.9968830416
test_18696,0.9999977825
test_18697,0.0001203438
test_18698,0.0000880587
test_18699,0.1089723510
test_18700,0.9485252914
test_18701,0.6202434805
test_18702,0.1857548552
test_18703,0.0000991630
test_18704,0.9612482191
test_18705,0.0040595075
test_18706,0.9978037271
test_18707,0.0003618812
test_18708,0.0001443804
test_18709,0.9999857473
test_18710,0.9986132252
test_18711,0.9999522236
test_18712,0.0080437080
test_18713,0.9994239009
test_18714,0.1701183476
test_18715,0.9999703586
test_18716,0.7093600612
test_18717,0.0357410666
test_18718,0.3632421750
test_18719,0.9931986375
test_18720,0.0000791624
test_18721,0.5444723089
test_18722,0.5992602127
test_18723,0.0012735859
test_18724,0.9995579024
test_18725,0.5767460999
test_18726,0.9988738821
test_18727,0.9993347377
test_18728,0.5000315270
test_18729,0.9993556607
test_18730,0.2919766735
test_18731,0.9999287604
test_18732,0.0002350964
test_18733,0.9999513602
test_18734,0.7397934852
test_18735,0.0013793867
test_18736,0.9888276517
test_18737,0.9966986630
test_18738,0.0000644382
test_18739,0.7708288959
test_18740,0.0001086947
test_18741,0.0082172130
test_18742,0.0031172351
test_18743,0.9921564751
test_18744,0.9990758586
test_18745,0.9999894451
test_18746,0.9998040403
test_18747,0.0006695133
test_18748,0.9936758613
test_18749,0.9980114121
test_18750,0.0004641859
test_18751,0.1333898700
test_18752,0.0000775390
test_18753,0.9994602923
test_18754,0.6876610767
test_18755,0.5128784237
test_18756,0.2362578856
test_18757,0.0615782194
test_18758,0.0002764608
test_18759,0.9975713905
test_18760,0.0062930745
test_18761,0.8820315154
test_18762,0.9997400459
test_18763,0.9998351580
test_18764,0.9953083006
test_18765,0.0005180732
test_18766,0.0003362483
test_18767,0.9996844873
test_18768,0.0002026342
test_18769,0.0006843448
test_18770,0.9583804417
test_18771,0.0053972992
test_18772,0.0003130147
test_18773,0.5012578353
test_18774,0.0000557337
test_18775,0.0000074264
test_18776,0.0005828370
test_18777,0.0005368400
test_18778,0.9995377072
test_18779,0.7150388523
test_18780,0.7004337634
test_18781,0.0010225894
test_18782,0.9995054463
test_18783,0.0100704470
test_18784,0.0010293293
test_18785,0.4050945772
test_18786,0.0023337588
test_18787,0.9999081073
test_18788,0.9915484459
test_18789,0.0021343071
test_18790,0.0000472894
test_18791,0.0003435605
test_18792,0.9984282855
test_18793,0.0000802013
test_18794,0.9996716924
test_18795,0.0001171651
test_18796,0.9976773494
test_18797,0.9997144445
test_18798,0.0000452297
test_18799,0.9984216624
test_18800,0.5576661225
test_18801,0.8023013710
test_18802,0.9999128277
test_18803,0.4202808999
test_18804,0.0002032192
test_18805,0.0051748959
test_18806,0.9999430149
test_18807,0.0012068522
test_18808,0.0003840632
test_18809,0.0147115364
test_18810,0.0009259298
test_18811,0.9921523043
test_18812,0.0005928770
test_18813,0.9770832394
test_18814,0.9995912369
test_18815,0.0000667503
test_18816,0.9999000995
test_18817,0.0000187973
test_18818,0.0304675672
test_18819,0.9947265639
test_18820,0.4509824200
test_18821,0.9999912720
test_18822,0.5865526071
test_18823,0.9995681420
test_18824,0.0002593628
test_18825,0.8472301617
test_18826,0.0003450731
test_18827,0.0001083052
test_18828,0.0022260211
test_18829,0.0011465054
test_18830,0.0000399154
test_18831,0.9968074968
test_18832,0.0001486488
test_18833,0.0049926002
test_18834,0.9966090494
test_18835,0.9993333677
test_18836,0.9561814765
test_18837,0.9996858162
test_18838,0.0000431349
test_18839,0.9889684846
test_18840,0.9594359583
test_18841,0.0052767828
test_18842,0.0012307604
test_18843,0.9982156119
test_18844,0.0001079783
test_18845,0.9995160225
test_18846,0.9984058817
test_18847,0.1720191404
test_18848,0.3215002160
test_18849,0.9916673547
test_18850,0.0006387475
test_18851,0.9994111601
test_18852,0.0000603212
test_18853,0.0205980494
test_18854,0.6566963485
test_18855,0.0000092661
test_18856,0.0048610890
test_18857,0.0000331353
test_18858,0.9999625113
test_18859,0.0046608761
test_18860,0.9968153659
test_18861,0.0004398138
test_18862,0.0000352365
test_18863,0.0023034097
test_18864,0.9999738670
test_18865,0.0001645147
test_18866,0.0048198161
test_18867,0.9999913575
test_18868,0.0052672118
test_18869,0.4634190797
test_18870,0.9987250462
test_18871,0.0000765101
test_18872,0.9998179822
test_18873,0.1158808927
test_18874,0.0194608569
test_18875,0.5558630878
test_18876,0.9948009092
test_18877,0.0002416793
test_18878,0.9974204966
test_18879,0.0022796114
test_18880,0.9998859273
test_18881,0.9998599938
test_18882,0.0004146909
test_18883,0.1511917432
test_18884,0.3409875775
test_18885,0.0025825759
test_18886,0.9334368958
test_18887,0.2155214764
test_18888,0.0005703363
test_18889,0.0003565565
test_18890,0.0007656899
test_18891,0.0000053512
test_18892,0.9997038123
test_18893,0.9991124391
test_18894,0.9999867038
test_18895,0.9996066203
test_18896,0.9990229952
test_18897,0.9994415155
test_18898,0.9179824583
test_18899,0.0733090161
test_18900,0.0356962195
test_18901,0.9979768341
test_18902,0.9574025515
test_18903,0.0335227124
test_18904,0.3108087913
test_18905,0.0680939116
test_18906,0.0342328312
test_18907,0.0008016853
test_18908,0.9735486290
test_18909,0.9980242172
test_18910,0.0000422655
test_18911,0.0053434795
test_18912,0.9994037477
test_18913,0.0010454040
test_18914,0.0001533703
test_18915,0.0847527945
test_18916,0.0011987141
test_18917,0.1429711924
test_18918,0.9999081446
test_18919,0.9978571382
test_18920,0.0017246484
test_18921,0.9988969688
test_18922,0.0044038469
test_18923,0.9823358165
test_18924,0.0012378510
test_18925,0.0028518190
test_18926,0.0001329056
test_18927,0.7798060505
test_18928,0.0002493214
test_18929,0.0056192887
test_18930,0.9998909394
test_18931,0.9989632924
test_18932,0.0000886960
test_18933,0.0263383477
test_18934,0.9989786756
test_18935,0.6154968131
test_18936,0.0032356782
test_18937,0.9999584474
test_18938,0.0039034975
test_18939,0.1130962278
test_18940,0.0000679284
test_18941,0.9993693143
test_18942,0.0000265019
test_18943,0.0062724176
test_18944,0.0004442549
test_18945,0.9999719715
test_18946,0.0000650715
test_18947,0.9770777788
test_18948,0.4951285272
test_18949,0.9567172448
test_18950,0.0921588843
test_18951,0.0000740778
test_18952,0.9985496725
test_18953,0.5474722169
test_18954,0.9999851257
test_18955,0.0147634354
test_18956,0.0079408322
test_18957,0.9996517110
test_18958,0.9990627107
test_18959,0.0000715886
test_18960,0.3529044897
test_18961,0.3283559279
test_18962,0.0087330465
test_18963,0.0001713445
test_18964,0.0001745071
test_18965,0.0669500781
test_18966,0.9997613590
test_18967,0.9998477615
test_18968,0.9999819699
test_18969,0.9995089358
test_18970,0.0000639564
test_18971,0.9999324402
test_18972,0.1047285578
test_18973,0.9986478552
test_18974,0.9999366050
test_18975,0.9806008567
test_18976,0.9977326838
test_18977,0.9999570278
test_18978,0.9998686148
test_18979,0.9998854254
test_18980,0.9999200596
test_18981,0.5033574557
test_18982,0.0171172018
test_18983,0.9982609152
test_18984,0.9985334160
test_18985,0.5655822606
test_18986,0.5106964218
test_18987,0.9988995322
test_18988,0.0075073076
test_18989,0.9989279218
test_18990,0.9990329298
test_18991,0.9998311092
test_18992,0.0011336501
test_18993,0.7959826205
test_18994,0.9753311831
test_18995,0.9996648986
test_18996,0.0001231374
test_18997,0.0004689779
test_18998,0.9996992538
test_18999,0.0118420357
test_19000,0.9997544026
test_19001,0.0011122674
test_19002,0.0020041735
test_19003,0.0000789792
test_19004,0.7741837003
test_19005,0.0004777888
test_19006,0.9903123417
test_19007,0.0031129833
test_19008,0.0001749124
test_19009,0.0003008709
test_19010,0.4383443696
test_19011,0.9999062787
test_19012,0.0002063383
test_19013,0.0028705130
test_19014,0.9986748298
test_19015,0.0042030406
test_19016,0.9996433859
test_19017,0.4502631342
test_19018,0.0001710233
test_19019,0.9998088728
test_19020,0.0000525355
test_19021,0.0003509160
test_19022,0.1263831265
test_19023,0.0007789114
test_19024,0.9885175644
test_19025,0.9653408105
test_19026,0.9997574653
test_19027,0.4293893561
test_19028,0.4402250579
test_19029,0.9992790021
test_19030,0.0000195742
test_19031,0.9970513955
test_19032,0.0185128368
test_19033,0.9998795236
test_19034,0.9957372356
test_19035,0.0000211901
test_19036,0.1584230512
test_19037,0.9999748831
test_19038,0.0001762553
test_19039,0.0565383487
test_19040,0.9994459679
test_19041,0.8405058734
test_19042,0.9998311621
test_19043,0.9105603835
test_19044,0.0018048602
test_19045,0.0000987375
test_19046,0.9794290870
test_19047,0.9930187209
test_19048,0.9754320364
test_19049,0.9944114393
test_19050,0.9975696754
test_19051,0.0795626986
test_19052,0.2747111020
test_19053,0.9576562451
test_19054,0.0006563570
test_19055,0.9997543269
test_19056,0.4630792405
test_19057,0.9999883274
test_19058,0.0001015109
test_19059,0.0059780379
test_19060,0.0000089813
test_19061,0.9495971276
test_19062,0.1599403133
test_19063,0.9965445162
test_19064,0.0012688795
test_19065,0.0039557681
test_19066,0.0011300584
test_19067,0.9995896579
test_19068,0.9973346744
test_19069,0.0000206449
test_19070,0.4651958104
test_19071,0.3559730352
test_19072,0.0027971712
test_19073,0.9997516897
test_19074,0.9985363641
test_19075,0.9985141134
test_19076,0.9999131601
test_19077,0.0001795878
test_19078,0.0049288519
test_19079,0.6211320982
test_19080,0.0005811924
test_19081,0.9999100711
test_19082,0.9842638573
test_19083,0.8440234443
test_19084,0.9926319764
test_19085,0.0021489484
test_19086,0.0047239737
test_19087,0.0002447247
test_19088,0.1701605144
test_19089,0.6046387301
test_19090,0.0000707746
test_19091,0.9999734317
test_19092,0.9981297168
test_19093,0.0004819052
test_19094,0.0009249793
test_19095,0.0000019217
test_19096,0.9996216169
test_19097,0.0000284986
test_19098,0.7704802784
test_19099,0.9999653191
test_19100,0.0001773798
test_19101,0.9214622076
test_19102,0.0001855309
test_19103,0.0002125156
test_19104,0.0404309893
test_19105,0.9996889858
test_19106,0.0007100257
test_19107,0.9999634188
test_19108,0.0003493792
test_19109,0.0061991760
test_19110,0.0000931244
test_19111,0.0002320151
test_19112,0.9980846646
test_19113,0.0485581525
test_19114,0.0000413313
test_19115,0.0000189633
test_19116,0.9941426822
test_19117,0.0050978241
test_19118,0.0024014654
test_19119,0.4992975997
test_19120,0.0015593350
test_19121,0.9996722856
test_19122,0.9993439124
test_19123,0.9994430977
test_19124,0.0000754347
test_19125,0.9960098551
test_19126,0.7055280198
test_19127,0.5509050574
test_19128,0.1206126342
test_19129,0.0010280981
test_19130,0.9983461650
test_19131,0.9886609533
test_19132,0.0256097756
test_19133,0.0002208715
test_19134,0.9935566227
test_19135,0.0001969112
test_19136,0.9997052384
test_19137,0.9984826579
test_19138,0.0004896394
test_19139,0.0465903600
test_19140,0.9999496333
test_19141,0.0008559504
test_19142,0.9997573016
test_19143,0.0000472025
test_19144,0.9995573169
test_19145,0.9997206496
test_19146,0.8686208917
test_19147,0.9999620409
test_19148,0.9992569796
test_19149,0.9987702532
test_19150,0.0138901042
test_19151,0.0006536411
test_19152,0.9974950022
test_19153,0.0558666038
test_19154,0.0014029693
test_19155,0.9999047333
test_19156,0.4295982892
test_19157,0.9591293526
test_19158,0.9993903435
test_19159,0.9721939855
test_19160,0.0000429972
test_19161,0.0002374172
test_19162,0.0011826770
test_19163,0.9999601186
test_19164,0.0000104741
test_19165,0.0000617090
test_19166,0.9835040246
test_19167,0.9479936790
test_19168,0.9987615664
test_19169,0.0009095829
test_19170,0.9999899612
test_19171,0.9999959681
test_19172,0.9998443613
test_19173,0.9584397585
test_19174,0.7363093659
test_19175,0.1765567026
test_19176,0.2926228336
test_19177,0.9963819953
test_19178,0.9993833509
test_19179,0.1328847598
test_19180,0.0000531392
test_19181,0.6453705195
test_19182,0.0001750846
test_19183,0.9999221273
test_19184,0.7942066584
test_19185,0.0032392167
test_19186,0.9932415859
test_19187,0.9999535394
test_19188,0.7394500122
test_19189,0.9906011343
test_19190,0.9985619709
test_19191,0.0001971698
test_19192,0.9898132249
test_19193,0.0002967153
test_19194,0.2327767784
test_19195,0.0019006080
test_19196,0.9823212866
test_19197,0.0013483882
test_19198,0.9948007243
test_19199,0.2441616997
test_19200,0.9998982832
test_19201,0.9998163153
test_19202,0.9980685226
test_19203,0.9999544610
test_19204,0.9934584152
test_19205,0.0704081528
test_19206,0.9957101605
test_19207,0.0055922140
test_19208,0.9996777243
test_19209,0.9965172831
test_19210,0.0062279225
test_19211,0.0000135207
test_19212,0.9945193099
test_19213,0.9863868410
test_19214,0.0000289575
test_19215,0.0030530265
test_19216,0.0000744576
test_19217,0.9999408160
test_19218,0.0006091234
test_19219,0.2147076169
test_19220,0.0673783972
test_19221,0.4901240910
test_19222,0.9995730601
test_19223,0.9998802187
test_19224,0.0120678364
test_19225,0.0000250569
test_19226,0.9991860688
test_19227,0.0353462825
test_19228,0.9940200532
test_19229,0.0016505458
test_19230,0.4041300165
test_19231,0.9430863586
test_19232,0.9998075732
test_19233,0.9999118104
test_19234,0.0023773921
test_19235,0.0005007293
test_19236,0.0044846539
test_19237,0.0002005096
test_19238,0.0756798917
test_19239,0.0018049970
test_19240,0.9999798721
test_19241,0.9604657745
test_19242,0.8043384959
test_19243,0.6422519500
test_19244,0.9998865600
test_19245,0.9995801596
test_19246,0.9999201052
test_19247,0.0001541145
test_19248,0.9999521902
test_19249,0.0000401356
test_19250,0.9998916528
test_19251,0.9938744864
test_19252,0.0001332392
test_19253,0.0006538148
test_19254,0.9980704625
test_19255,0.9922667000
test_19256,0.6291639724
test_19257,0.0002702232
test_19258,0.0006331014
test_19259,0.0001393270
test_19260,0.1140960582
test_19261,0.9953441241
test_19262,0.9863599992
test_19263,0.0065810709
test_19264,0.0009517991
test_19265,0.9977881546
test_19266,0.0001361457
test_19267,0.9992411963
test_19268,0.9976564797
test_19269,0.0000549299
test_19270,0.0802635981
test_19271,0.0000266918
test_19272,0.9997693235
test_19273,0.9999287892
test_19274,0.0051173367
test_19275,0.9969068339
test_19276,0.9905566937
test_19277,0.0000884616
test_19278,0.1690941911
test_19279,0.3454492116
test_19280,0.9980633173
test_19281,0.5922384014
test_19282,0.0000220523
test_19283,0.0069279888
test_19284,0.6458346121
test_19285,0.8162582583
test_19286,0.0013523410
test_19287,0.9999715057
test_19288,0.2050209064
test_19289,0.0096400481
test_19290,0.9992472079
test_19291,0.0025236025
test_19292,0.0011233560
test_19293,0.0063247426
test_19294,0.9998338709
test_19295,0.9999833293
test_19296,0.9997972394
test_19297,0.0000010282
test_19298,0.9988106228
test_19299,0.0092710218
test_19300,0.0009998420
test_19301,0.9334004331
test_19302,0.9341965465
test_19303,0.9995847304
test_19304,0.9790433055
test_19305,0.0008364406
test_19306,0.9999045870
test_19307,0.9998331970
test_19308,0.9997045883
test_19309,0.0229518837
test_19310,0.0000471594
test_19311,0.0000014105
test_19312,0.0005281750
test_19313,0.0000530207
test_19314,0.0010750771
test_19315,0.9998487577
test_19316,0.9984849936
test_19317,0.0000549819
test_19318,0.9927732763
test_19319,0.0005969600
test_19320,0.9996524789
test_19321,0.0004321622
test_19322,0.0242660480
test_19323,0.9999951555
test_19324,0.0034019510
test_19325,0.0000651867
test_19326,0.0032889146
test_19327,0.8965353810
test_19328,0.0160870235
test_19329,0.0281241376
test_19330,0.5906480374
test_19331,0.0018707398
test_19332,0.9989929239
test_19333,0.0007636238
test_19334,0.0006627197
test_19335,0.0008582847
test_19336,0.0000564468
test_19337,0.0054372031
test_19338,0.9995280310
test_19339,0.0274134373
test_19340,0.9403719993
test_19341,0.0017625560
test_19342,0.9956314858
test_19343,0.9990954344
test_19344,0.0001498369
test_19345,0.9995910344
test_19346,0.2577178642
test_19347,0.0021633618
test_19348,0.0000795559
test_19349,0.0000548778
test_19350,0.0002455943
test_19351,0.0001870312
test_19352,0.9925582210
test_19353,0.0043963014
test_19354,0.9999893345
test_19355,0.0001098815
test_19356,0.0793292452
test_19357,0.4645334506
test_19358,0.7702191771
test_19359,0.9964247970
test_19360,0.2154437688
test_19361,0.1026759340
test_19362,0.0001943728
test_19363,0.3016791723
test_19364,0.9999259619
test_19365,0.0653515587
test_19366,0.2602277201
test_19367,0.7547705853
test_19368,0.8746453671
test_19369,0.2750672588
test_19370,0.4951894653
test_19371,0.0000384825
test_19372,0.0037445313
test_19373,0.6736740894
test_19374,0.9739457534
test_19375,0.8964443944
test_19376,0.9999039993
test_19377,0.9997251868
test_19378,0.9986379319
test_19379,0.0039981813
test_19380,0.5230913941
test_19381,0.9944635161
test_19382,0.0000785958
test_19383,0.9998903747
test_19384,0.9999941064
test_19385,0.7891846728
test_19386,0.9401058565
test_19387,0.4881383166
test_19388,0.9326925376
test_19389,0.4543391288
test_19390,0.9994858353
test_19391,0.5997874017
test_19392,0.0001766023
test_19393,0.9487816867
test_19394,0.9996164531
test_19395,0.0000329042
test_19396,0.9989798125
test_19397,0.1310470273
test_19398,0.6615466585
test_19399,0.7041162058
test_19400,0.0310954237
test_19401,0.9977500223
test_19402,0.0069496262
test_19403,0.0161690748
test_19404,0.0013177923
test_19405,0.9999336108
test_19406,0.9996923757
test_19407,0.0127779388
test_19408,0.9528763860
test_19409,0.0023509003
test_19410,0.0187429655
test_19411,0.0002062168
test_19412,0.0000432708
test_19413,0.9996384842
test_19414,0.0397324425
test_19415,0.0462661063
test_19416,0.9997566075
test_19417,0.0144458372
test_19418,0.0000458016
test_19419,0.9990781228
test_19420,0.0004163986
test_19421,0.9982787059
test_19422,0.9320585928
test_19423,0.9926928683
test_19424,0.0117309912
test_19425,0.0085308802
test_19426,0.0004871040
test_19427,0.0001880184
test_19428,0.9985993483
test_19429,0.9993696316
test_19430,0.7712548508
test_19431,0.9888950700
test_19432,0.9999897496
test_19433,0.0030384043
test_19434,0.9999883516
test_19435,0.9995294506
test_19436,0.9992368979
test_19437,0.9997812841
test_19438,0.0005138590
test_19439,0.7806941108
test_19440,0.0004206177
test_19441,0.9983310447
test_19442,0.5138132331
test_19443,0.0001268131
test_19444,0.0014207986
test_19445,0.2816539540
test_19446,0.9958899507
test_19447,0.0000117689
test_19448,0.8891743645
test_19449,0.9999788640
test_19450,0.9999629332
test_19451,0.9993910603
test_19452,0.9999441484
test_19453,0.9148818661
test_19454,0.9999692591
test_19455,0.0003137816
test_19456,0.0000355274
test_19457,0.9999350613
test_19458,0.9960475560
test_19459,0.8381704506
test_19460,0.0000839897
test_19461,0.0021534225
test_19462,0.7368990448
test_19463,0.0748863097
test_19464,0.0155232002
test_19465,0.0469826837
test_19466,0.4182955009
test_19467,0.9455792874
test_19468,0.9242113259
test_19469,0.9995294425
test_19470,0.0001652406
test_19471,0.0003432952
test_19472,0.9999165616
test_19473,0.9999524021
test_19474,0.9994488958
test_19475,0.9999724954
test_19476,0.9991240543
test_19477,0.0001683495
test_19478,0.0032810004
test_19479,0.9995580513
test_19480,0.9996759897
test_19481,0.9971943987
test_19482,0.0019055433
test_19483,0.9988956199
test_19484,0.9988070063
test_19485,0.9990817901
test_19486,0.0006601752
test_19487,0.9572103785
test_19488,0.9976676456
test_19489,0.9582668264
test_19490,0.0078545089
test_19491,0.0226812803
test_19492,0.0001490594
test_19493,0.9978946392
test_19494,0.9967145476
test_19495,0.9999211887
test_19496,0.9941111645
test_19497,0.0017919650
test_19498,0.9842804917
test_19499,0.7374911247
test_19500,0.0000331214
test_19501,0.8521927753
test_19502,0.0005425998
test_19503,0.5298446625
test_19504,0.0000482029
test_19505,0.9998891220
test_19506,0.9723807901
test_19507,0.8036375142
test_19508,0.9993412462
test_19509,0.9983604691
test_19510,0.9996067650
test_19511,0.8736636019
test_19512,0.9922402669
test_19513,0.4447380833
test_19514,0.9998402165
test_19515,0.0014010083
test_19516,0.9993018575
test_19517,0.0256036570
test_19518,0.9977702227
test_19519,0.9999215016
test_19520,0.0207176386
test_19521,0.9983706931
test_19522,0.0060517881
test_19523,0.9848429102
test_19524,0.4703683492
test_19525,0.0001013459
test_19526,0.0003036135
test_19527,0.9862911395
test_19528,0.0001282956
test_19529,0.2117457864
test_19530,0.1132010574
test_19531,0.0030418923
test_19532,0.9093484153
test_19533,0.0032810589
test_19534,0.9998876013
test_19535,0.0003568671
test_19536,0.8575542756
test_19537,0.7874880435
test_19538,0.9995678136
test_19539,0.9986189090
test_19540,0.2724073090
test_19541,0.9948185282
test_19542,0.8953779079
test_19543,0.0003229824
test_19544,0.9985411117
test_19545,0.9994728388
test_19546,0.9995185585
test_19547,0.0131935659
test_19548,0.9986635004
test_19549,0.0003171271
test_19550,0.0006974323
test_19551,0.3430225362
test_19552,0.9980511353
test_19553,0.0009005611
test_19554,0.0078694715
test_19555,0.9848400962
test_19556,0.3214946052
test_19557,0.0195523454
test_19558,0.0003026831
test_19559,0.0006841657
test_19560,0.9999731915
test_19561,0.9997753308
test_19562,0.9965209557
test_19563,0.9961810415
test_19564,0.0007267263
test_19565,0.0024944680
test_19566,0.0023870451
test_19567,0.9685205362
test_19568,0.0003809596
test_19569,0.0055272045
test_19570,0.5863350951
test_19571,0.9849601917
test_19572,0.9999856321
test_19573,0.9155036097
test_19574,0.0080826284
test_19575,0.0000883402
test_19576,0.9998886031
test_19577,0.9778774448
test_19578,0.8483013223
test_19579,0.0000353599
test_19580,0.0000519699
test_19581,0.2610561800
test_19582,0.9984024773
test_19583,0.0000137315
test_19584,0.0550142368
test_19585,0.9997208780
test_19586,0.9998119950
test_19587,0.0156890986
test_19588,0.9810874340
test_19589,0.0000112894
test_19590,0.8108387760
test_19591,0.9985883459
test_19592,0.9495169110
test_19593,0.9141457365
test_19594,0.0009816282
test_19595,0.0016931694
test_19596,0.9998946014
test_19597,0.0000106186
test_19598,0.0000788816
test_19599,0.9995533852
test_19600,0.0000342479
test_19601,0.0051632267
test_19602,0.0001331694
test_19603,0.9999405000
test_19604,0.9999689325
test_19605,0.0021381897
test_19606,0.9963361473
test_19607,0.0000057720
test_19608,0.0999433058
test_19609,0.0375542836
test_19610,0.9553723568
test_19611,0.9995346985
test_19612,0.3070264850
test_19613,0.9999044288
test_19614,0.0034423920
test_19615,0.9995034858
test_19616,0.0000327891
test_19617,0.4067455026
test_19618,0.9753532538
test_19619,0.9862440132
test_19620,0.0400843419
test_19621,0.0003653289
test_19622,0.0000379918
test_19623,0.0003196606
test_19624,0.0001275627
test_19625,0.9999882353
test_19626,0.0004986991
test_19627,0.0000207305
test_19628,0.9384539059
test_19629,0.0019822126
test_19630,0.9996536481
test_19631,0.9994967626
test_19632,0.9992392090
test_19633,0.9992200336
test_19634,0.4216878381
test_19635,0.9918855156
test_19636,0.7771156124
test_19637,0.0014706889
test_19638,0.9985185069
test_19639,0.0002315535
test_19640,0.0003393222
test_19641,0.0204762666
test_19642,0.0353830917
test_19643,0.0031540740
test_19644,0.0025965557
test_19645,0.0288098062
test_19646,0.0000319342
test_19647,0.9993085888
test_19648,0.0001887696
test_19649,0.9988053847
test_19650,0.0000089924
test_19651,0.0000235011
test_19652,0.0034670844
test_19653,0.6057893304
test_19654,0.0000342309
test_19655,0.3387188170
test_19656,0.0162956138
test_19657,0.0828091232
test_19658,0.0004644283
test_19659,0.9245457527
test_19660,0.9997886589
test_19661,0.0005498135
test_19662,0.9942050728
test_19663,0.2740433723
test_19664,0.9935216945
test_19665,0.9998256186
test_19666,0.6227213501
test_19667,0.9999462688
test_19668,0.0001840288
test_19669,0.0077890402
test_19670,0.9999767577
test_19671,0.2223217366
test_19672,0.9983991501
test_19673,0.0000375545
test_19674,0.0002838615
test_19675,0.9814697142
test_19676,0.9989989765
test_19677,0.8818974439
test_19678,0.0001616570
test_19679,0.9094464471
test_19680,0.9984869724
test_19681,0.2479520347
test_19682,0.0035397889
test_19683,0.9989630054
test_19684,0.0000122020
test_19685,0.9782373365
test_19686,0.9995780983
test_19687,0.0003006223
test_19688,0.9989976010
test_19689,0.9993335139
test_19690,0.0043611725
test_19691,0.9976547822
test_19692,0.9946973049
test_19693,0.5012923711
test_19694,0.9934358100
test_19695,0.7226089466
test_19696,0.9908147701
test_19697,0.2092726735
test_19698,0.7062795561
test_19699,0.9997400615
test_19700,0.1603119377
test_19701,0.0001151633
test_19702,0.0001212374
test_19703,0.0010182273
test_19704,0.9932812803
test_19705,0.0057049819
test_19706,0.0189973077
test_19707,0.7962562173
test_19708,0.9914662659
test_19709,0.0063063315
test_19710,0.9998303804
test_19711,0.0001296509
test_19712,0.9956499934
test_19713,0.9998874647
test_19714,0.0014420490
test_19715,0.0000058374
test_19716,0.0011146000
test_19717,0.9994215403
test_19718,0.9996970180
test_19719,0.9997907459
test_19720,0.9999572526
test_19721,0.9118276898
test_19722,0.0001527429
test_19723,0.9997255071
test_19724,0.0001068817
test_19725,0.9998813364
test_19726,0.9999823369
test_19727,0.0003640193
test_19728,0.9959058259
test_19729,0.0000435200
test_19730,0.0001006019
test_19731,0.0017956437
test_19732,0.9944003971
test_19733,0.0202775975
test_19734,0.9962799006
test_19735,0.9992799255
test_19736,0.9985661384
test_19737,0.4999968481
test_19738,0.9874881425
test_19739,0.0002372162
test_19740,0.9999960133
test_19741,0.9998791556
test_19742,0.0000290614
test_19743,0.0618811899
test_19744,0.9952018192
test_19745,0.9998560686
test_19746,0.0000306146
test_19747,0.5256493974
test_19748,0.0018545880
test_19749,0.8063629214
test_19750,0.9949026463
test_19751,0.0048061315
test_19752,0.9993354717
test_19753,0.0002285863
test_19754,0.4970348831
test_19755,0.9998579493
test_19756,0.9991900649
test_19757,0.9998231690
test_19758,0.0008436562
test_19759,0.9994231723
test_19760,0.9999457854
test_19761,0.0005369448
test_19762,0.0000791771
test_19763,0.1212474023
test_19764,0.6095732294
test_19765,0.9998824684
test_19766,0.0258704058
test_19767,0.2452496075
test_19768,0.2452042876
test_19769,0.0026709572
test_19770,0.0000192112
test_19771,0.9999895194
test_19772,0.9927949875
test_19773,0.0004650100
test_19774,0.0000640994
test_19775,0.0007205079
test_19776,0.9959221225
test_19777,0.0804148878
test_19778,0.9999606605
test_19779,0.9980156650
test_19780,0.9516705532
test_19781,0.0031522368
test_19782,0.6276757208
test_19783,0.0012879515
test_19784,0.9985471075
test_19785,0.9997186272
test_19786,0.9987651506
test_19787,0.0000896593
test_19788,0.9995051938
test_19789,0.9973430556
test_19790,0.9958488527
test_19791,0.0157589742
test_19792,0.9999944727
test_19793,0.4605664292
test_19794,0.0021883248
test_19795,0.7206583540
test_19796,0.0005303587
test_19797,0.9854412665
test_19798,0.0000937067
test_19799,0.9994038831
test_19800,0.0000237924
test_19801,0.0014082336
test_19802,0.0001262363
test_19803,0.8751022944
test_19804,0.4590305110
test_19805,0.0003836896
test_19806,0.0111056990
test_19807,0.9999813152
test_19808,0.0001599814
test_19809,0.0084543890
test_19810,0.9715561718
test_19811,0.9905684725
test_19812,0.3368412334
test_19813,0.0450044473
test_19814,0.9997744664
test_19815,0.0063997665
test_19816,0.0012258468
test_19817,0.9988483427
test_19818,0.0000602607
test_19819,0.9986535107
test_19820,0.0075818079
test_19821,0.9997571337
test_19822,0.9989718337
test_19823,0.9998313269
test_19824,0.9741718144
test_19825,0.9698626412
test_19826,0.0002976951
test_19827,0.9995908145
test_19828,0.0024162793
test_19829,0.0000846155
test_19830,0.9953052057
test_19831,0.0005378268
test_19832,0.9995495399
test_19833,0.0004272112
test_19834,0.0026073943
test_19835,0.2861097970
test_19836,0.0001049085
test_19837,0.9999337466
test_19838,0.9998444788
test_19839,0.3210986524
test_19840,0.3372245082
test_19841,0.0002214782
test_19842,0.0001301901
test_19843,0.0001197245
test_19844,0.0003006073
test_19845,0.0005436108
test_19846,0.9999285763
test_19847,0.9797218796
test_19848,0.0093619261
test_19849,0.0487826815
test_19850,0.7698480524
test_19851,0.0300122875
test_19852,0.4816773557
test_19853,0.0003578490
test_19854,0.9999943306
test_19855,0.4167414349
test_19856,0.9855144089
test_19857,0.1167372692
test_19858,0.5653398204
test_19859,0.9994436740
test_19860,0.0001946307
test_19861,0.0184532271
test_19862,0.0004993614
test_19863,0.3842636369
test_19864,0.0002276187
test_19865,0.9994706383
test_19866,0.0002568648
test_19867,0.9999831549
test_19868,0.5258085836
test_19869,0.0015517705
test_19870,0.0001118956
test_19871,0.9999173488
test_19872,0.9999345506
test_19873,0.9901948151
test_19874,0.0001200896
test_19875,0.0001975805
test_19876,0.0000413141
test_19877,0.8273085758
test_19878,0.9953376617
test_19879,0.9999898661
test_19880,0.4487104384
test_19881,0.0011055676
test_19882,0.9999797100
test_19883,0.9869186696
test_19884,0.0002411272
test_19885,0.1682234450
test_19886,0.9983629004
test_19887,0.9995167601
test_19888,0.0001807312
test_19889,0.9992646522
test_19890,0.9997416020
test_19891,0.0535741214
test_19892,0.9991325163
test_19893,0.9942515326
test_19894,0.0005754865
test_19895,0.9998268896
test_19896,0.1246372920
test_19897,0.1632048400
test_19898,0.0000491691
test_19899,0.0038532775
test_19900,0.9942484416
test_19901,0.0003397938
test_19902,0.9112199108
test_19903,0.9980052504
test_19904,0.9998760748
test_19905,0.0239601463
test_19906,0.1899536167
test_19907,0.0012522838
test_19908,0.0018191689
test_19909,0.0005618653
test_19910,0.0492723147
test_19911,0.0001940598
test_19912,0.4474959370
test_19913,0.9995033044
test_19914,0.0007294642
test_19915,0.1840072455
test_19916,0.0052634016
test_19917,0.0001878479
test_19918,0.0025749974
test_19919,0.0005947693
test_19920,0.0007500226
test_19921,0.7237370307
test_19922,0.9984786667
test_19923,0.9633803971
test_19924,0.0822804451
test_19925,0.9984587226
test_19926,0.0000817629
test_19927,0.6469499793
test_19928,0.0014040840
test_19929,0.9963306573
test_19930,0.5230952657
test_19931,0.9992790021
test_19932,0.8816558087
test_19933,0.0000018066
test_19934,0.9949453107
test_19935,0.0003521600
test_19936,0.9999415498
test_19937,0.9991172804
test_19938,0.9993818711
test_19939,0.1717669054
test_19940,0.0000298023
test_19941,0.0003415304
test_19942,0.0184272352
test_19943,0.9533039408
test_19944,0.9996967383
test_19945,0.2637804328
test_19946,0.0001268441
test_19947,0.0463492240
test_19948,0.9999932228
test_19949,0.1097015748
test_19950,0.4682184968
test_19951,0.9999785875
test_19952,0.9866626309
test_19953,0.0000451052
test_19954,0.0016931719
test_19955,0.0000649448
test_19956,0.0002257537
test_19957,0.0003233243
test_19958,0.2175532414
test_19959,0.9999384184
test_19960,0.1660502232
test_19961,0.9993467350
test_19962,0.0006747908
test_19963,0.0000494002
test_19964,0.3132857281
test_19965,0.0061229268
test_19966,0.9998975970
test_19967,0.9542739900
test_19968,0.9839972048
test_19969,0.1455781260
test_19970,0.0008319044
test_19971,0.2654916818
test_19972,0.0296241410
test_19973,0.9942324047
test_19974,0.9971179933
test_19975,0.0409915484
test_19976,0.9976329977
test_19977,0.0008783873
test_19978,0.0855648327
test_19979,0.0001654491
test_19980,0.9847088985
test_19981,0.9997690011
test_19982,0.8277217368
test_19983,0.9999412290
test_19984,0.9296013160
test_19985,0.0029295177
test_19986,0.0034862456
test_19987,0.9932658995
test_19988,0.9990124133
test_19989,0.0001787630
test_19990,0.6659516760
test_19991,0.9986321017
test_19992,0.0001196210
test_19993,0.6439956634
test_19994,0.0071341765
test_19995,0.9943977800
test_19996,0.4627078698
test_19997,0.0002346481
test_19998,0.0002239987
test_19999,0.0065259875
